{"type": "FeatureCollection", "metadata": {"name": "oil-wars-board-MC-5P", "layout": "MC-5P", "generated": "2026-09-30", "generator": "board/tools/slice5.py", "base": "board/geo/classic-base.geojson", "graph": "board/derived/MC-5P.json", "coordinateSystem": {"units": "mm", "origin": "левый верхний угол полотна", "axis": "x вправо, y вниз", "canvas": [900.0, 550.0], "map_rect": [10.0, 10.0, 890.0, 540.0]}, "wrap": "левый и правый края склеены: Северный Ледовитый, Север Тихого и Индийский — по куску у каждого края, границы на высоте 78 и 272 мм на обоих краях", "rings": "RFC 7946 в координатах файла: внешнее кольцо — положительная площадь", "cuts_land": [{"between": "Центральная Америка | Запад Северной Америки", "points": [[118, 120], [150, 124], [190, 130], [222, 138], [234, 165], [238, 205], [236, 225], [234, 240]], "reason": "Центральной Америке нужна площадь: Мексика одна не даёт U ≥ 55; берег Мексиканского залива восточнее остаётся Западу (ME: Запад — Север Атлантики)"}, {"between": "Запад Северной Америки | Восток Северной Америки", "points": [[228, 72], [234, 105], [238, 140], [262, 165], [304, 188]], "reason": "от Ледовитого к Атлантике: Восток — Квебек, Онтарио, засыпанный Гудзонов залив и северо-восток США; Запад держит берег залива между Центральной Америкой и Флоридой — Центральная Америка — Восток не смежны, зазор ≥ 12"}, {"between": "Запад Южной Америки | Восток Южной Америки", "points": [[294, 318], [304, 345], [312, 375], [318, 405], [327, 428], [338, 446], [348, 458]], "reason": "Запад — Анды и Патагония: выходит в Юг Атлантики южнее Ла-Платы (ME-034); Восток — в Юг Тихого не выходит (зазор ≥ 12)"}, {"between": "Скандинавия | Европа", "points": [[548, 115], [580, 122], [615, 134], [648, 142], [672, 142], [714, 136]], "reason": "Скандинавия — весь север до Урала (ME: с Ледовитым, с Северной Азией); Европа от Ледовитого отодвинута ≥ 12 мм"}, {"between": "Аравия | Северная Азия", "points": [[686, 208], [712, 214], [738, 210], [750.0, 208.0]], "reason": "Иран и Афганистан — Аравии; Туркмения и Узбекистан — Северной Азии (ME-013)"}, {"between": "Аравия | Южная Азия", "points": [[750.0, 208.0], [749, 228], [744, 252], [736, 280]], "reason": "по Инду: Пакистан до Инда — Аравии (D-096, проба основы)"}, {"between": "Северная Азия | Южная Азия", "points": [[750.0, 208.0], [747, 165], [767, 137], [788, 122], [803, 120]], "reason": "Монголия и Маньчжурия — Южной Азии: она отдала Аравии Пакистан, добирает у Северной (D-096)"}, {"between": "Западная Африка | Восточная Африка", "points": [[520, 380], [548, 366], [578, 338], [600, 310], [624, 292]], "reason": "Восточная — Рог, восток, юг и Конго: выходит в Индийский и в Юг Атлантики; Западная — в Индийский не выходит (зазор ≥ 12); площади близки"}, {"between": "Австралия | Новая Зеландия", "points": [[129, 330], [121, 380], [115, 430], [113, 470], [113, 530]], "reason": "Новая Зеландия — восточная половина Австралии основы, как в черновике; площади поровну (Alek)"}], "cuts_ocean": [{"between": "Северный Ледовитый | Север Тихого, слева", "points": [[8.0, 78.0], [45.0, 80.0]], "reason": "Берингов пролив; высота Y_ARC — та же, что у правого края"}, {"between": "Северный Ледовитый | Север Тихого, справа", "points": [[892.0, 78.0], [866.0, 82.0]], "reason": "Берингов пролив со стороны Чукотки"}, {"between": "Северный Ледовитый | Север Атлантики: Гудзонов пролив", "points": [[306.0, 86.0], [309.0, 101.0]], "reason": "Бассейн Фокса — Ледовитому, Гудзонов пролив — Атлантике (сам залив засыпан)"}, {"between": "Северный Ледовитый | Север Атлантики: Девисов пролив", "points": [[327.7, 68.52], [342.3, 64.89]], "reason": "Баффинова земля — Гренландия"}, {"between": "Северный Ледовитый | Север Атлантики: Датский пролив", "points": [[387.26, 56.51], [425.71, 63.66]], "reason": "Гренландия — Исландия"}, {"between": "Северный Ледовитый | Север Атлантики: Исландия — Норвегия", "points": [[443.88, 61.99], [500.13, 75.35]], "reason": "Норвежское море — Атлантике, Баренцево — Ледовитому: Скандинавия выходит в оба (ME: Скандинавия — Ледовитый, — Атлантика)"}, {"between": "Север Тихого | Индийский, слева", "points": [[8.0, 272.0], [178.0, 270.0]], "reason": "выше Австралии ≥ 12 мм: Север Тихого с Австралией и Новой Зеландией не смежен"}, {"between": "Север Тихого | Юг Тихого", "points": [[178.0, 270.0], [212.0, 306.0], [240.0, 352.0]], "reason": "к берегу Эквадора: Запад Южной Америки выходит в оба Тихих (ME-048, ME-035)"}, {"between": "Индийский | Юг Тихого, север", "points": [[178.0, 270.0], [164.0, 306.0]], "reason": "к мысу Йорк: залив Карпентария — Индийскому, восточный берег — Югу Тихого (ME: Новая Зеландия — оба)"}, {"between": "Индийский | Юг Тихого, юг", "points": [[160.0, 470.0], [160.0, 542.0]], "reason": "южный берег Австралии — Индийскому, восточнее — Югу Тихого: Австралия с Югом Тихого не смежна"}, {"between": "Север Тихого | Индийский, справа", "points": [[892.0, 272.0], [827.0, 272.0]], "reason": "высота Y_IND — та же, что у левого края; к берегу Южного Китая"}, {"between": "Север Тихого | Север Атлантики: Панамский пролив", "points": [[267.85, 296.52], [273.01, 306.9]], "reason": "ME-074: два океана смежны напрямую, через пролив"}, {"between": "Север Атлантики | Юг Атлантики", "points": [[424.0, 364.0], [466.0, 362.0], [506.0, 358.0]], "reason": "угол Бразилии — Гвинейский залив, не по самому узкому месту: так граница двух Атлантик ≥ 25 мм; Восток Южной Америки и Западная Африка выходят в оба"}, {"between": "Юг Атлантики | Юг Тихого", "points": [[308.59, 463.13], [450.65, 516.55]], "reason": "Магелланов узел (ME-077): пролив Дрейка, мыс Горн — Антарктический полуостров"}, {"between": "Юг Атлантики | Индийский", "points": [[578.76, 484.03], [588.32, 517.47]], "reason": "мыс Игольный — Антарктида"}], "lakes": {"Чёрное море": {"region": "MR-R5-EUR", "reason": "южный берег — граница Европа — Аравия (ME-...: Европа — Аравия)"}, "Каспийское море": {"region": "MR-R5-ARB", "reason": "Аравия граничит через него с Европой и Северной Азией"}, "Красное море": {"region": "MR-R5-ARB", "reason": "север Красного моря — озеро, отходит Аравии"}}}, "features": [{"type": "Feature", "properties": {"id": "MR-L5-AUS", "name_ru": "Австралия", "type": "LAND", "parent": "MR-L3-AUS", "area_cm2": 141.1, "parts": 1, "U_cm2": 100.6, "U_over_A": 0.713}, "geometry": {"type": "Polygon", "coordinates": [[[128.6, 328.96], [129.195, 328.782], [121.0, 380.0], [115.0, 430.0], [113.143, 467.136], [112.08, 467.04], [109.85, 465.13], [107.19, 465.56], [104.77, 462.95], [101.94, 461.27], [100.17, 462.18], [96.97, 461.97], [91.17, 463.01], [86.87, 466.06], [83.2, 467.71], [76.33, 467.99], [70.65, 472.9], [68.13, 474.01], [66.29, 478.88], [64.51, 481.56], [63.82, 481.47], [63.05, 482.16], [62.36, 481.43], [60.94, 481.35], [57.87, 482.19], [57.43, 481.21], [54.21, 480.81], [49.38, 481.95], [46.61, 482.05], [45.54, 483.11], [44.63, 485.35], [43.64, 486.09], [41.91, 486.28], [38.19, 490.53], [36.85, 491.1], [35.48, 491.46], [30.26, 490.54], [27.66, 488.92], [25.59, 485.83], [24.18, 484.81], [23.45, 485.12], [22.86, 484.4], [22.79, 478.2], [23.71, 479.27], [24.58, 479.24], [25.35, 478.33], [26.17, 475.5], [25.85, 471.09], [26.29, 470.26], [26.38, 468.86], [26.24, 462.94], [23.2, 453.44], [22.67, 449.09], [22.62, 443.99], [22.12, 441.56], [21.0, 439.28], [20.55, 436.53], [18.73, 432.65], [18.06, 426.51], [13.93, 416.75], [14.6, 417.26], [14.76, 415.89], [15.87, 419.9], [16.62, 420.21], [17.12, 419.41], [17.2, 418.0], [15.91, 416.04], [14.96, 412.82], [15.23, 411.86], [16.51, 413.8], [16.57, 416.31], [16.77, 416.56], [17.2, 415.34], [17.88, 417.91], [18.36, 418.52], [18.98, 417.64], [18.97, 413.97], [16.31, 406.65], [15.07, 402.11], [15.42, 397.37], [16.73, 393.58], [16.92, 389.36], [16.37, 387.04], [18.03, 380.7], [18.53, 380.26], [18.38, 383.22], [18.72, 384.41], [18.61, 385.75], [19.77, 384.56], [21.4, 380.22], [25.06, 377.44], [27.78, 373.57], [31.19, 370.42], [33.31, 370.31], [34.61, 370.98], [38.5, 368.08], [41.21, 367.13], [42.94, 364.9], [45.3, 365.26], [49.45, 363.61], [52.22, 361.62], [53.88, 359.24], [56.31, 352.17], [58.82, 349.11], [58.9, 348.49], [58.29, 347.91], [57.85, 344.4], [57.91, 342.42], [58.41, 340.93], [60.66, 338.02], [61.62, 335.04], [61.89, 335.08], [62.73, 338.65], [64.79, 344.16], [64.94, 340.05], [66.1, 340.81], [66.32, 339.11], [64.43, 335.53], [65.1, 334.9], [65.0, 333.29], [65.6, 333.03], [66.24, 334.62], [67.15, 333.64], [68.4, 334.67], [70.71, 334.79], [68.92, 333.92], [68.97, 332.53], [69.76, 332.37], [70.11, 330.33], [70.11, 329.79], [69.4, 331.18], [68.8, 329.39], [69.08, 327.17], [69.68, 327.19], [70.32, 326.05], [70.33, 325.33], [71.91, 326.94], [72.14, 326.74], [72.19, 325.61], [71.39, 325.63], [71.04, 324.38], [71.95, 323.64], [72.02, 323.07], [73.57, 324.04], [73.71, 323.17], [73.02, 322.57], [72.71, 320.64], [73.23, 319.55], [74.67, 318.7], [74.91, 316.81], [75.28, 317.1], [75.07, 319.09], [75.45, 318.38], [75.85, 318.59], [76.2, 319.83], [76.83, 318.8], [77.28, 315.61], [77.0, 314.46], [77.64, 314.67], [78.0, 316.03], [78.71, 314.81], [79.52, 316.0], [80.56, 314.28], [80.53, 312.88], [81.16, 312.51], [83.88, 314.92], [87.51, 320.95], [86.93, 323.77], [86.87, 325.79], [87.3, 324.93], [87.78, 325.54], [87.39, 323.4], [88.54, 321.6], [89.36, 321.15], [91.72, 322.07], [92.24, 322.93], [92.49, 324.38], [92.75, 321.96], [93.69, 322.48], [94.55, 324.21], [94.56, 321.79], [95.6, 321.6], [94.4, 320.08], [94.86, 319.33], [94.42, 319.35], [93.29, 317.94], [93.69, 316.44], [94.91, 314.49], [95.55, 311.08], [97.0, 310.03], [97.61, 308.81], [97.0, 307.49], [97.16, 305.92], [97.9, 305.29], [98.3, 303.66], [99.36, 303.32], [99.39, 301.51], [99.94, 301.48], [100.59, 302.57], [100.62, 300.97], [101.35, 300.77], [101.33, 299.69], [102.32, 299.39], [102.67, 298.46], [102.91, 299.65], [103.39, 300.22], [105.59, 299.84], [106.45, 300.25], [107.38, 299.45], [108.15, 300.37], [108.64, 299.02], [109.63, 298.93], [109.23, 298.19], [109.44, 294.95], [108.47, 293.63], [106.79, 293.71], [105.27, 292.05], [105.95, 291.03], [106.9, 292.12], [107.43, 291.22], [107.78, 291.39], [109.49, 293.75], [110.34, 292.79], [110.85, 292.93], [111.95, 295.43], [113.65, 296.35], [115.47, 296.49], [117.99, 298.34], [119.52, 297.76], [120.99, 299.52], [121.91, 299.75], [125.36, 296.43], [124.93, 297.48], [125.2, 297.83], [124.29, 299.65], [124.49, 299.92], [125.44, 299.17], [125.78, 299.5], [126.14, 301.43], [127.02, 301.53], [127.35, 300.46], [126.97, 299.34], [127.92, 297.49], [128.39, 297.54], [129.27, 299.79], [130.14, 299.94], [130.39, 300.83], [128.37, 304.47], [128.66, 306.31], [128.0, 308.16], [127.18, 307.43], [125.39, 308.82], [125.69, 313.06], [125.52, 314.11], [125.17, 315.94], [122.83, 321.01], [123.06, 322.39], [126.75, 326.42], [127.17, 327.81], [128.6, 328.96]]]}}, {"type": "Feature", "properties": {"id": "MR-L5-CAM", "name_ru": "Центральная Америка", "type": "LAND", "parent": "MR-L3-NAM", "area_cm2": 115.8, "parts": 3, "U_cm2": 64.4, "U_over_A": 0.557}, "geometry": {"type": "MultiPolygon", "coordinates": [[[[136.15, 126.61], [135.27, 127.35], [134.52, 126.63], [134.26, 126.02], [133.03, 125.25], [133.74, 124.14], [133.91, 123.2], [133.15, 122.83], [132.75, 122.16], [132.818, 121.852], [150.0, 124.0], [190.0, 130.0], [222.0, 138.0], [234.0, 165.0], [238.0, 205.0], [236.0, 225.0], [234.696, 234.779], [234.46, 235.33], [232.79, 236.78], [231.69, 237.46], [232.34, 236.82], [231.29, 236.71], [231.07, 236.99], [230.52, 236.49], [230.85, 237.46], [231.15, 237.6], [230.41, 238.12], [230.13, 237.76], [229.94, 238.77], [229.79, 238.93], [229.67, 238.64], [229.02, 239.0], [229.07, 239.37], [229.38, 239.22], [229.26, 239.7], [228.98, 240.17], [228.23, 240.36], [228.64, 241.1], [228.21, 242.63], [227.96, 242.69], [227.25, 242.05], [227.47, 242.81], [228.07, 243.03], [227.87, 244.23], [228.21, 246.37], [228.84, 248.22], [229.06, 248.39], [228.99, 249.61], [228.0, 252.91], [227.54, 255.69], [227.31, 262.13], [226.99, 263.54], [227.26, 265.85], [227.77, 267.17], [228.55, 268.25], [228.26, 269.65], [228.93, 272.02], [231.03, 275.79], [231.53, 278.14], [233.1, 280.68], [234.72, 280.99], [235.21, 281.58], [235.85, 281.84], [236.59, 283.36], [236.84, 283.4], [237.63, 283.28], [239.49, 282.24], [241.42, 282.07], [241.92, 281.43], [242.69, 281.14], [244.04, 280.95], [244.31, 281.3], [244.21, 281.78], [245.31, 282.1], [246.06, 281.35], [246.05, 280.92], [245.79, 280.55], [245.87, 280.13], [245.5, 280.43], [245.6, 280.18], [246.98, 279.01], [247.61, 278.12], [247.75, 276.45], [248.33, 275.48], [248.36, 272.78], [248.77, 270.8], [250.33, 269.64], [253.04, 269.0], [254.21, 268.29], [255.51, 268.11], [257.68, 268.79], [257.86, 268.35], [257.34, 268.23], [258.31, 268.15], [258.93, 268.92], [259.07, 270.11], [258.93, 270.75], [258.6, 271.7], [257.11, 274.12], [257.02, 275.75], [256.34, 276.77], [256.45, 277.13], [257.05, 276.97], [256.88, 277.59], [256.5, 277.94], [256.83, 278.28], [255.86, 282.86], [255.29, 281.74], [255.36, 280.33], [254.9, 280.87], [254.48, 282.5], [255.09, 282.52], [255.22, 283.08], [254.7, 285.83], [254.89, 286.24], [254.65, 287.15], [254.6, 290.19], [253.88, 291.71], [253.49, 291.89], [252.95, 292.91], [252.9, 293.47], [253.75, 294.04], [253.94, 293.66], [253.78, 293.21], [255.11, 294.31], [255.84, 293.51], [256.33, 293.37], [256.58, 293.38], [256.96, 293.91], [257.55, 293.72], [258.65, 294.05], [260.22, 293.95], [261.45, 293.2], [261.31, 292.89], [262.77, 293.45], [264.22, 293.03], [265.37, 293.84], [265.76, 293.72], [265.49, 293.53], [266.23, 293.75], [265.95, 293.83], [266.51, 294.15], [267.44, 295.34], [268.44, 296.14], [268.81, 297.15], [268.52, 297.86], [267.91, 298.14], [265.92, 298.14], [262.72, 297.4], [260.0, 297.7], [256.98, 297.5], [253.25, 298.44], [251.13, 298.45], [248.0, 298.0], [247.92, 301.63], [247.35, 302.17], [246.42, 302.2], [245.73, 301.9], [244.53, 300.91], [243.12, 299.27], [241.28, 296.27], [241.32, 295.61], [241.86, 295.0], [240.18, 295.0], [238.68, 293.11], [236.22, 292.07], [236.36, 291.43], [235.84, 291.69], [235.84, 291.35], [235.53, 291.12], [235.17, 291.73], [235.82, 292.03], [234.84, 292.16], [233.15, 293.45], [231.67, 294.25], [230.8, 294.42], [228.9, 293.34], [227.25, 293.08], [226.15, 292.04], [225.06, 291.62], [224.38, 290.62], [221.69, 289.79], [220.73, 288.91], [218.35, 287.66], [216.17, 285.65], [215.26, 284.3], [214.39, 284.3], [212.99, 283.83], [210.87, 282.69], [209.5, 280.43], [206.55, 278.32], [204.97, 275.34], [204.41, 273.51], [204.78, 273.01], [205.6, 272.66], [205.4, 271.88], [204.87, 271.63], [205.66, 270.26], [205.74, 268.6], [205.1, 268.04], [204.46, 266.39], [204.47, 264.88], [204.05, 263.55], [202.29, 261.02], [200.74, 257.97], [198.34, 255.34], [199.02, 255.84], [199.07, 255.26], [197.8, 254.7], [197.61, 253.96], [196.84, 252.63], [197.25, 252.91], [197.51, 252.7], [195.64, 251.29], [195.38, 250.6], [194.68, 250.86], [194.56, 250.54], [194.84, 250.38], [195.09, 249.73], [194.19, 250.36], [193.65, 249.76], [193.53, 248.4], [194.28, 247.02], [193.96, 246.17], [193.37, 245.39], [192.58, 245.42], [192.18, 244.62], [192.03, 243.75], [191.07, 243.38], [190.49, 242.67], [190.09, 241.19], [190.33, 240.26], [189.2, 240.15], [188.62, 239.8], [187.61, 237.95], [187.0, 237.56], [185.61, 235.13], [185.43, 234.01], [184.99, 233.66], [184.88, 232.83], [183.94, 230.83], [183.69, 229.43], [183.02, 227.87], [182.84, 226.1], [183.06, 225.93], [183.05, 225.52], [181.38, 224.78], [181.35, 224.24], [180.99, 223.84], [180.44, 223.52], [180.29, 223.98], [179.86, 224.06], [177.59, 222.31], [178.01, 223.44], [177.74, 225.62], [178.26, 227.36], [178.46, 228.51], [178.41, 229.71], [178.7, 230.67], [181.0, 233.58], [181.61, 234.76], [181.74, 235.54], [182.08, 235.45], [182.26, 236.04], [182.59, 236.11], [182.92, 237.38], [183.56, 237.77], [183.96, 240.43], [185.13, 241.78], [185.53, 243.27], [186.07, 243.75], [186.06, 244.25], [186.62, 245.12], [186.67, 244.64], [187.33, 245.4], [188.02, 247.99], [188.13, 249.48], [188.55, 250.45], [188.88, 250.65], [189.29, 252.35], [189.88, 253.58], [189.75, 254.82], [189.97, 255.92], [190.81, 256.99], [191.01, 256.57], [190.93, 256.08], [191.11, 255.91], [192.41, 257.7], [192.8, 258.93], [193.29, 259.21], [193.54, 259.73], [193.32, 261.14], [192.37, 262.18], [191.84, 262.3], [191.34, 260.34], [190.82, 259.18], [190.05, 258.6], [188.89, 256.98], [187.01, 254.96], [186.66, 255.01], [186.53, 254.45], [185.88, 253.69], [185.72, 252.8], [185.89, 250.45], [185.58, 248.94], [185.0, 247.6], [184.18, 247.14], [183.13, 245.95], [182.84, 245.36], [182.74, 244.34], [182.4, 245.03], [181.46, 245.34], [180.76, 244.25], [180.31, 244.16], [179.98, 243.63], [179.01, 243.13], [178.74, 242.19], [177.43, 240.84], [177.3, 240.37], [178.65, 240.62], [179.43, 240.22], [179.42, 240.66], [180.1, 241.1], [179.79, 240.41], [179.84, 240.02], [179.53, 239.95], [180.03, 238.68], [180.16, 237.77], [179.88, 236.97], [177.59, 233.65], [176.93, 233.32], [175.47, 231.86], [175.08, 230.95], [175.06, 229.42], [174.53, 228.92], [174.33, 227.18], [173.66, 226.44], [173.55, 225.41], [172.6, 223.81], [172.42, 223.05], [172.71, 222.95], [172.72, 222.53], [172.06, 221.88], [171.87, 220.98], [171.44, 220.34], [171.22, 218.98], [170.91, 218.91], [170.69, 216.98], [170.26, 216.11], [168.49, 214.21], [167.54, 214.11], [167.59, 213.6], [167.26, 212.89], [166.31, 212.86], [165.41, 212.47], [165.05, 211.82], [164.07, 211.11], [161.54, 210.87], [161.07, 210.39], [161.03, 207.98], [160.45, 207.6], [160.33, 206.64], [159.22, 205.52], [157.51, 202.61], [157.39, 201.53], [157.76, 200.82], [157.71, 200.29], [157.49, 199.9], [156.67, 199.67], [156.01, 198.71], [155.7, 197.22], [155.66, 196.2], [155.81, 196.11], [154.45, 194.94], [154.26, 195.24], [154.33, 193.97], [153.91, 193.19], [152.22, 191.15], [151.88, 189.11], [152.0, 188.45], [151.84, 187.29], [150.43, 185.18], [150.34, 184.65], [150.29, 184.12], [150.54, 183.14], [150.73, 183.21], [150.98, 181.99], [151.15, 179.81], [150.66, 178.35], [150.75, 177.48], [150.34, 176.86], [150.2, 174.81], [149.81, 173.79], [150.93, 169.88], [151.56, 161.5], [151.37, 158.38], [151.15, 158.37], [151.23, 156.93], [151.51, 157.69], [151.68, 156.68], [151.15, 156.3], [151.04, 155.78], [151.81, 155.33], [151.04, 155.01], [150.96, 155.37], [150.28, 152.23], [149.46, 150.83], [149.32, 149.02], [151.43, 149.97], [153.78, 150.03], [154.32, 150.4], [154.89, 150.11], [155.35, 151.62], [155.44, 151.04], [155.6, 151.08], [155.62, 151.75], [155.32, 152.09], [155.36, 152.43], [155.19, 152.45], [155.53, 153.11], [155.47, 153.86], [155.09, 153.76], [154.92, 154.2], [154.74, 153.67], [154.17, 154.55], [155.33, 154.53], [155.57, 153.94], [156.12, 153.52], [155.98, 151.68], [156.44, 150.68], [155.93, 149.91], [155.99, 150.35], [155.71, 150.14], [155.63, 149.7], [155.95, 149.42], [155.22, 148.74], [155.7, 148.47], [155.56, 147.33], [155.16, 147.19], [154.75, 146.15], [154.36, 145.94], [154.02, 146.36], [154.02, 145.69], [153.68, 145.62], [153.58, 145.12], [154.49, 144.88], [153.44, 144.75], [153.7, 143.25], [153.3, 143.71], [153.27, 144.23], [152.71, 144.51], [151.5, 143.9], [151.2, 143.33], [151.37, 143.0], [151.88, 143.67], [152.17, 143.49], [151.71, 143.0], [151.64, 142.12], [150.94, 142.75], [150.16, 142.81], [149.32, 142.01], [148.3, 139.96], [148.86, 138.99], [148.86, 138.09], [148.29, 139.54], [147.08, 139.61], [146.9, 138.94], [146.61, 139.75], [144.4, 139.47], [144.27, 139.21], [145.44, 138.82], [144.08, 138.8], [144.48, 138.1], [144.06, 137.97], [144.07, 137.13], [143.74, 137.76], [142.51, 137.97], [141.64, 137.62], [140.63, 136.7], [140.68, 135.85], [141.31, 134.9], [141.17, 134.79], [140.74, 135.25], [140.22, 134.38], [140.18, 133.72], [140.57, 132.96], [140.19, 132.97], [140.4, 131.97], [140.22, 131.92], [139.49, 133.87], [139.22, 132.93], [138.75, 132.22], [139.67, 131.51], [139.62, 130.79], [139.0, 131.31], [139.62, 128.88], [138.72, 129.26], [138.47, 129.03], [138.26, 127.85], [137.9, 127.39], [136.66, 126.84], [136.4, 126.1], [136.83, 125.4], [137.31, 125.35], [137.16, 125.99], [138.44, 126.75], [138.57, 126.56], [137.83, 126.01], [137.57, 125.16], [138.24, 124.67], [137.74, 124.4], [137.01, 124.74], [136.29, 125.62], [136.15, 126.61]]], [[[292.77, 275.66], [292.67, 275.18], [292.25, 275.68], [289.7, 275.23], [285.11, 275.77], [285.59, 274.77], [286.95, 273.35], [286.63, 272.33], [284.03, 271.78], [282.97, 270.5], [282.75, 268.91], [282.31, 268.11], [280.45, 268.12], [277.86, 266.79], [277.17, 265.71], [277.12, 265.96], [275.56, 265.91], [275.16, 265.07], [274.84, 265.75], [274.4, 265.43], [273.23, 265.31], [272.62, 264.57], [273.67, 264.08], [273.71, 263.67], [273.32, 263.32], [270.76, 263.27], [268.84, 265.3], [267.35, 265.54], [266.92, 266.51], [265.52, 267.22], [265.56, 266.56], [264.44, 266.89], [266.09, 265.95], [266.05, 264.65], [267.01, 263.42], [269.29, 262.08], [270.98, 261.72], [271.88, 261.21], [274.99, 261.17], [275.33, 261.62], [276.76, 261.4], [277.59, 262.11], [278.44, 262.13], [279.2, 262.39], [279.11, 262.66], [280.79, 264.54], [282.52, 264.74], [285.52, 267.24], [285.93, 267.28], [285.68, 266.84], [285.94, 266.92], [287.12, 268.19], [286.32, 268.07], [286.66, 268.66], [287.13, 268.21], [287.93, 269.08], [287.83, 269.38], [288.27, 269.28], [288.5, 269.61], [289.68, 269.9], [290.22, 270.32], [291.26, 270.44], [291.6, 270.93], [291.37, 271.33], [291.54, 271.59], [291.1, 271.69], [291.12, 272.1], [293.57, 272.4], [294.62, 273.56], [295.69, 274.01], [295.73, 274.56], [295.41, 274.93], [294.23, 274.99], [292.77, 275.66]]], [[[261.1, 325.47], [262.69, 325.55], [262.28, 325.07], [262.15, 324.5], [262.75, 323.36], [262.83, 322.64], [261.7, 318.44], [261.86, 317.4], [261.7, 316.7], [261.19, 316.12], [259.16, 315.07], [258.38, 315.11], [257.34, 315.71], [256.59, 315.6], [255.26, 314.48], [254.28, 312.25], [254.11, 310.18], [255.01, 308.08], [255.52, 307.64], [256.0, 307.58], [257.33, 307.87], [263.46, 306.88], [265.54, 307.13], [268.59, 306.87], [272.0, 307.2], [272.0, 305.88], [272.34, 305.56], [274.29, 305.04], [275.12, 304.62], [276.6, 304.43], [279.05, 304.52], [280.72, 304.82], [282.47, 305.65], [283.48, 307.21], [284.26, 307.65], [289.17, 307.18], [292.53, 307.09], [293.07, 307.29], [294.23, 308.35], [297.28, 308.94], [298.64, 308.85], [300.34, 308.22], [301.39, 307.31], [301.85, 307.15], [304.82, 307.19], [308.14, 306.94], [310.17, 307.09], [314.75, 306.69], [315.3, 306.91], [315.62, 307.4], [315.79, 308.41], [315.48, 310.0], [316.21, 311.24], [316.23, 312.46], [316.66, 313.22], [317.66, 313.64], [319.49, 313.47], [323.7, 315.09], [326.33, 316.71], [326.81, 317.17], [326.96, 317.74], [326.09, 324.27], [325.79, 324.78], [325.26, 325.03], [292.0, 326.52], [276.51, 325.47], [275.985, 325.572], [275.692, 325.658], [275.0, 326.2], [275.05, 326.9], [269.34, 326.9], [269.18, 326.25], [268.78, 326.29], [268.78, 326.48], [268.36, 326.34], [267.53, 326.42], [261.1, 325.47]]]]}}, {"type": "Feature", "properties": {"id": "MR-L5-NAME", "name_ru": "Восток Северной Америки", "type": "LAND", "parent": "MR-L3-NAM", "area_cm2": 125.0, "parts": 5, "U_cm2": 61.5, "U_over_A": 0.492}, "geometry": {"type": "MultiPolygon", "coordinates": [[[[241.28, 35.44], [242.3, 34.85], [243.04, 33.48], [243.05, 32.7], [242.75, 31.98], [242.04, 31.32], [241.3, 31.08], [238.79, 31.48], [237.37, 31.46], [236.75, 31.23], [236.19, 30.73], [235.68, 29.85], [235.53, 29.08], [235.7, 28.31], [236.08, 27.73], [236.64, 27.32], [237.4, 27.12], [240.43, 27.28], [241.12, 27.58], [242.08, 28.38], [243.04, 28.6], [243.99, 28.33], [245.12, 27.23], [245.81, 26.86], [248.21, 26.45], [249.93, 26.45], [251.2, 26.04], [255.7, 26.13], [259.5, 26.91], [260.28, 26.77], [261.34, 26.04], [262.1, 25.8], [263.49, 25.82], [266.04, 26.28], [268.16, 25.6], [269.34, 25.56], [270.87, 25.79], [274.37, 25.54], [275.86, 25.79], [281.99, 26.04], [283.06, 26.74], [283.49, 27.81], [283.42, 28.59], [283.05, 29.27], [281.69, 30.63], [280.98, 31.02], [278.58, 31.33], [276.2, 31.99], [273.8, 32.04], [271.55, 33.46], [270.82, 33.71], [269.27, 33.79], [266.78, 33.52], [265.07, 34.1], [260.28, 34.2], [259.26, 34.78], [258.45, 36.62], [257.5, 37.4], [255.26, 37.57], [253.81, 38.51], [253.13, 38.73], [247.08, 38.79], [246.36, 39.11], [245.19, 40.14], [242.86, 40.78], [240.25, 40.78], [238.55, 40.16], [237.71, 39.48], [237.34, 38.38], [237.55, 37.42], [238.71, 35.8], [239.59, 35.45], [241.28, 35.44]]], [[[326.01, 54.77], [325.16, 54.58], [324.24, 53.73], [323.89, 52.27], [323.5, 51.6], [322.69, 51.05], [321.29, 50.78], [320.68, 50.48], [320.11, 49.83], [319.87, 49.09], [320.13, 47.87], [321.16, 46.91], [322.81, 46.53], [324.52, 46.49], [325.4, 46.09], [327.1, 43.76], [327.56, 42.62], [327.98, 42.07], [329.72, 41.02], [331.26, 40.52], [332.36, 39.24], [333.13, 38.81], [335.48, 38.93], [337.27, 38.03], [340.37, 37.65], [341.15, 37.78], [342.79, 38.55], [344.68, 38.23], [346.27, 38.72], [347.38, 38.7], [347.98, 38.52], [349.04, 37.82], [349.88, 37.66], [353.86, 38.63], [354.91, 38.21], [355.98, 36.84], [357.94, 35.29], [359.78, 35.24], [361.29, 34.81], [363.78, 35.23], [365.4, 34.47], [366.66, 34.18], [370.21, 34.18], [371.62, 33.99], [375.78, 34.19], [376.83, 35.05], [377.41, 37.23], [378.2, 38.08], [378.94, 38.33], [382.78, 38.6], [384.5, 39.65], [385.88, 40.89], [386.66, 41.04], [388.04, 40.84], [388.88, 41.09], [389.59, 41.75], [389.9, 42.68], [389.63, 44.16], [389.8, 46.19], [389.46, 46.88], [388.5, 47.72], [388.11, 48.35], [387.44, 50.17], [387.43, 51.6], [387.08, 52.75], [387.27, 53.91], [388.4, 55.12], [388.75, 55.91], [388.73, 56.78], [388.13, 58.53], [387.73, 59.19], [386.59, 60.06], [385.77, 61.14], [383.99, 61.81], [383.28, 62.43], [382.93, 63.32], [383.08, 64.82], [382.82, 66.42], [379.86, 69.44], [379.48, 70.13], [379.4, 70.91], [379.63, 71.67], [380.77, 72.82], [381.12, 73.51], [381.18, 74.29], [380.89, 75.11], [379.94, 75.92], [377.0, 76.72], [373.38, 77.07], [372.65, 77.31], [371.16, 78.74], [369.97, 80.96], [369.01, 81.79], [366.47, 82.46], [364.81, 82.65], [363.24, 84.09], [361.19, 84.84], [360.24, 85.96], [359.79, 87.62], [360.06, 89.46], [359.91, 90.31], [359.49, 90.96], [358.56, 91.76], [358.2, 92.49], [358.24, 94.3], [357.73, 97.17], [356.91, 98.08], [355.42, 98.45], [354.46, 98.3], [353.0, 97.42], [350.84, 97.37], [349.32, 96.47], [348.86, 95.76], [348.43, 94.25], [347.35, 93.16], [345.58, 90.17], [345.25, 88.75], [344.58, 87.54], [344.15, 85.05], [343.3, 83.36], [342.92, 79.37], [343.38, 78.19], [345.31, 77.05], [346.05, 75.61], [346.07, 73.99], [346.71, 72.57], [346.8, 71.81], [345.64, 69.09], [344.45, 67.71], [341.78, 66.38], [341.17, 65.87], [340.84, 65.25], [340.56, 63.96], [338.8, 60.78], [338.32, 59.48], [337.39, 58.52], [336.29, 57.73], [335.18, 56.14], [331.64, 54.88], [328.7, 54.47], [326.01, 54.77]]], [[[295.41, 60.18], [294.5, 59.41], [293.92, 59.18], [292.47, 59.04], [290.73, 58.02], [288.72, 58.01], [286.86, 56.78], [284.25, 56.22], [282.84, 55.1], [282.32, 54.29], [282.23, 53.43], [282.57, 52.53], [283.23, 51.9], [284.15, 51.63], [286.73, 51.96], [288.27, 52.49], [289.44, 52.64], [291.34, 52.17], [297.38, 52.36], [298.17, 52.59], [299.69, 53.53], [302.56, 53.5], [304.55, 54.34], [306.04, 55.46], [307.69, 55.52], [308.45, 55.79], [309.05, 56.33], [309.98, 57.98], [310.52, 58.54], [312.49, 59.46], [314.3, 59.62], [315.04, 59.86], [315.69, 60.44], [316.28, 61.49], [317.12, 62.14], [317.86, 62.36], [318.98, 62.28], [319.63, 62.43], [320.72, 63.16], [322.0, 63.62], [323.37, 64.95], [324.96, 65.46], [326.08, 66.47], [328.33, 67.06], [328.84, 67.54], [329.16, 68.16], [329.32, 69.37], [329.2, 70.11], [328.73, 70.86], [328.07, 71.3], [325.52, 71.57], [324.69, 71.34], [323.64, 70.43], [322.92, 70.13], [321.28, 70.25], [320.01, 69.95], [318.5, 69.88], [317.77, 69.48], [316.94, 68.62], [316.21, 68.29], [315.22, 68.31], [313.95, 68.78], [313.32, 69.24], [312.91, 69.9], [312.79, 70.67], [313.35, 72.07], [315.79, 73.97], [317.23, 75.71], [319.33, 76.61], [319.94, 77.1], [321.49, 79.39], [321.88, 82.23], [321.4, 83.37], [320.23, 84.02], [319.28, 83.95], [317.03, 83.0], [315.89, 83.15], [314.93, 84.08], [314.68, 85.92], [314.14, 86.85], [313.09, 87.39], [311.77, 87.25], [310.23, 86.56], [308.76, 85.27], [306.87, 85.03], [305.64, 84.54], [303.98, 82.9], [303.35, 81.66], [302.93, 81.21], [300.01, 79.71], [298.62, 78.65], [297.53, 77.39], [295.26, 76.86], [293.71, 75.79], [292.93, 75.67], [292.17, 75.87], [291.54, 76.34], [290.33, 77.85], [288.01, 78.5], [285.98, 78.27], [285.01, 77.67], [284.52, 76.64], [284.68, 75.51], [285.2, 74.82], [286.98, 73.59], [288.38, 73.56], [289.89, 73.99], [290.52, 74.28], [291.36, 74.99], [292.1, 75.26], [292.89, 75.22], [293.76, 74.75], [295.76, 72.4], [295.92, 71.43], [295.69, 70.12], [295.97, 69.18], [296.42, 68.66], [298.53, 67.19], [299.51, 65.85], [299.75, 64.74], [299.45, 63.83], [298.6, 62.75], [296.61, 60.77], [295.41, 60.18]]], [[[303.95, 178.76], [303.74, 178.47], [303.21, 180.07], [299.15, 180.5], [297.25, 181.68], [296.09, 182.9], [296.09, 182.48], [295.581, 183.39], [262.0, 165.0], [238.0, 140.0], [234.0, 105.0], [226.452, 63.489], [227.0, 63.66], [229.0, 63.31], [229.73, 63.53], [230.9, 64.31], [231.69, 64.43], [232.8, 64.03], [233.96, 62.35], [235.08, 61.64], [236.75, 60.21], [237.09, 59.07], [236.77, 57.24], [237.24, 56.17], [238.04, 55.6], [239.76, 55.25], [240.59, 54.45], [240.81, 53.13], [240.17, 51.76], [240.06, 50.99], [240.4, 48.67], [241.08, 47.72], [241.92, 47.24], [243.43, 46.99], [246.37, 47.03], [247.72, 47.26], [249.4, 46.77], [251.96, 46.97], [255.1, 46.86], [258.06, 47.19], [258.74, 47.56], [259.61, 48.66], [260.25, 49.08], [263.24, 49.37], [264.24, 49.9], [265.65, 52.16], [265.68, 52.93], [265.31, 54.29], [265.6, 55.4], [266.29, 56.08], [267.89, 56.56], [269.53, 57.6], [270.02, 58.56], [270.0, 59.92], [270.22, 60.64], [271.65, 62.46], [272.81, 63.39], [273.25, 64.0], [273.42, 65.12], [272.95, 66.15], [271.61, 67.5], [269.26, 68.69], [268.51, 68.85], [267.76, 68.71], [265.44, 67.01], [264.29, 66.8], [263.38, 67.15], [262.18, 68.2], [260.46, 68.7], [259.89, 69.25], [259.58, 69.97], [259.61, 71.85], [259.96, 72.54], [260.54, 73.04], [261.45, 73.3], [262.82, 73.21], [264.32, 73.78], [265.79, 73.85], [268.15, 74.7], [269.56, 75.87], [269.95, 76.53], [270.06, 77.38], [269.34, 79.09], [269.3, 79.87], [269.56, 80.6], [270.08, 81.18], [270.78, 81.52], [275.61, 82.81], [283.52, 86.71], [284.33, 86.72], [285.88, 86.11], [286.61, 86.03], [287.65, 86.2], [290.93, 87.31], [292.37, 87.31], [293.67, 87.62], [294.42, 87.49], [296.28, 86.68], [297.6, 86.89], [298.84, 87.7], [299.83, 88.85], [301.39, 89.63], [302.52, 91.36], [303.27, 92.02], [303.96, 92.32], [306.5, 92.81], [307.85, 93.85], [308.21, 94.45], [308.35, 95.17], [307.91, 96.84], [307.9, 97.63], [308.48, 99.01], [308.68, 100.94], [309.5, 102.0], [309.1, 102.0], [308.96, 102.41], [308.62, 102.63], [308.23, 102.02], [307.99, 102.47], [307.16, 102.89], [308.08, 103.29], [309.7, 102.35], [311.34, 102.28], [312.26, 102.99], [312.72, 104.13], [312.56, 104.75], [313.32, 104.13], [313.78, 105.12], [314.08, 104.49], [314.33, 106.31], [314.63, 105.33], [317.08, 104.1], [318.12, 102.77], [318.91, 103.35], [319.18, 104.36], [319.4, 103.74], [319.05, 102.63], [319.6, 102.51], [319.41, 102.21], [319.58, 102.0], [320.08, 102.0], [320.65, 101.55], [321.36, 100.34], [322.34, 99.33], [323.63, 99.05], [324.75, 99.58], [326.31, 101.75], [326.6, 102.0], [327.15, 102.0], [327.25, 102.17], [327.06, 102.43], [327.73, 102.4], [328.24, 103.31], [327.12, 104.03], [327.5, 104.46], [329.06, 104.18], [328.43, 105.39], [327.39, 106.13], [329.38, 105.59], [329.91, 106.4], [330.91, 106.68], [331.08, 106.91], [330.81, 107.31], [330.99, 107.77], [330.88, 108.02], [329.72, 108.62], [331.01, 108.87], [331.22, 109.09], [330.85, 109.63], [331.85, 109.93], [332.71, 110.7], [332.6, 112.15], [330.13, 112.03], [331.54, 112.83], [330.6, 113.21], [332.45, 113.56], [331.63, 113.88], [331.62, 114.14], [332.63, 114.21], [332.81, 114.96], [332.38, 115.19], [333.14, 115.37], [333.42, 115.77], [334.43, 115.44], [334.95, 116.4], [335.2, 116.05], [335.58, 116.15], [335.39, 116.74], [336.01, 117.49], [334.79, 119.34], [335.96, 118.57], [337.27, 118.25], [337.47, 118.75], [338.2, 118.84], [337.78, 119.42], [337.92, 119.54], [338.72, 118.74], [339.48, 118.96], [340.11, 120.34], [341.22, 120.62], [341.81, 120.22], [342.48, 120.17], [342.58, 120.63], [342.88, 120.88], [344.1, 121.46], [343.25, 122.36], [341.93, 122.51], [340.89, 123.19], [340.53, 123.84], [339.7, 123.91], [338.04, 124.79], [337.09, 124.79], [336.41, 125.24], [336.16, 125.84], [335.49, 125.61], [336.29, 126.33], [335.74, 126.75], [335.85, 126.96], [335.63, 127.31], [336.15, 127.13], [337.07, 126.25], [338.54, 125.63], [340.48, 124.16], [342.34, 123.67], [341.45, 123.56], [341.32, 123.38], [341.47, 123.17], [344.06, 123.36], [344.88, 125.0], [343.75, 125.79], [344.15, 126.01], [344.31, 126.42], [345.73, 125.23], [346.65, 125.12], [347.15, 125.74], [347.86, 125.92], [348.28, 126.44], [348.76, 127.6], [348.49, 128.53], [348.66, 129.08], [348.54, 129.71], [348.74, 130.12], [347.23, 130.54], [348.9, 130.86], [349.02, 131.06], [348.81, 131.34], [348.13, 131.21], [349.11, 132.11], [348.12, 133.26], [345.33, 135.35], [343.93, 135.3], [342.11, 136.0], [340.89, 136.07], [339.0, 138.35], [337.12, 139.94], [336.91, 140.39], [336.35, 140.67], [334.25, 140.7], [331.59, 141.35], [331.03, 140.78], [328.72, 140.48], [327.21, 140.74], [325.43, 140.42], [324.51, 140.62], [321.33, 140.4], [319.9, 140.67], [319.34, 140.52], [318.85, 140.93], [317.78, 140.88], [316.49, 141.85], [315.24, 144.73], [312.61, 145.39], [312.79, 145.61], [311.85, 146.02], [310.73, 147.03], [309.44, 149.0], [308.58, 149.83], [307.31, 149.47], [308.29, 150.28], [307.65, 151.87], [306.34, 153.28], [305.59, 154.54], [303.85, 156.19], [303.92, 156.29], [306.13, 155.02], [307.43, 153.48], [309.17, 150.86], [311.06, 149.09], [312.74, 147.93], [317.48, 145.71], [320.59, 145.09], [322.58, 145.42], [323.36, 145.8], [324.38, 146.82], [324.4, 147.12], [323.52, 146.97], [324.29, 147.64], [324.27, 148.26], [323.99, 148.83], [323.17, 149.11], [322.62, 149.84], [321.36, 150.62], [320.73, 150.58], [319.42, 149.88], [318.97, 150.26], [317.63, 150.2], [319.65, 151.11], [320.35, 152.18], [322.1, 151.4], [321.98, 151.63], [322.97, 151.94], [322.54, 152.62], [322.36, 153.52], [321.19, 154.71], [321.55, 154.94], [322.6, 154.89], [322.38, 155.66], [322.56, 156.23], [324.26, 153.86], [324.31, 154.75], [323.9, 155.58], [324.71, 156.57], [324.61, 157.17], [325.08, 157.5], [325.48, 156.86], [327.63, 157.69], [331.39, 157.31], [331.94, 157.7], [329.98, 159.0], [329.91, 160.03], [330.17, 160.2], [328.89, 160.36], [328.51, 159.8], [328.05, 159.81], [328.54, 159.47], [327.91, 158.87], [328.22, 158.33], [327.08, 159.01], [327.54, 159.08], [327.3, 159.25], [325.92, 158.96], [325.28, 158.48], [325.02, 158.02], [325.18, 157.84], [323.81, 157.67], [323.71, 156.63], [322.87, 156.42], [323.13, 158.02], [323.43, 158.53], [325.25, 158.86], [325.49, 159.12], [324.84, 159.5], [325.86, 160.22], [326.42, 160.15], [327.05, 160.7], [328.76, 160.75], [328.62, 161.16], [329.39, 161.27], [330.92, 160.18], [331.44, 161.12], [332.4, 160.96], [332.25, 159.85], [332.5, 158.85], [332.99, 158.26], [334.06, 156.08], [334.93, 155.17], [335.4, 155.15], [335.62, 156.33], [335.08, 158.71], [333.51, 159.75], [334.08, 159.66], [333.58, 160.11], [333.77, 160.3], [333.42, 160.7], [333.52, 160.9], [334.45, 160.68], [335.25, 159.71], [334.54, 159.88], [335.1, 158.7], [335.72, 158.2], [335.92, 158.71], [336.97, 158.86], [336.77, 159.47], [337.08, 159.7], [335.46, 161.09], [334.64, 161.38], [332.67, 161.49], [332.87, 162.07], [332.35, 162.4], [333.38, 162.48], [333.6, 162.73], [327.0, 165.58], [326.14, 165.41], [326.31, 166.01], [326.12, 166.29], [325.51, 166.16], [325.0, 165.58], [324.7, 166.27], [324.51, 165.84], [324.17, 166.0], [324.01, 166.46], [324.19, 166.94], [322.5, 169.01], [321.85, 169.65], [321.42, 169.66], [321.15, 169.93], [321.11, 170.45], [320.71, 170.6], [319.96, 170.41], [319.53, 169.37], [319.26, 169.28], [319.09, 169.59], [318.83, 169.27], [318.64, 167.81], [318.92, 166.82], [319.43, 166.15], [318.78, 166.52], [318.94, 166.22], [322.39, 163.5], [323.7, 162.9], [323.82, 162.68], [323.7, 162.54], [324.04, 162.66], [323.97, 163.42], [324.61, 163.93], [324.47, 163.38], [324.73, 163.07], [326.74, 162.44], [323.02, 162.2], [323.14, 162.33], [322.84, 162.6], [322.36, 162.37], [324.09, 160.32], [323.61, 160.45], [323.43, 160.21], [322.75, 161.2], [319.55, 163.05], [319.04, 162.73], [317.94, 163.61], [317.73, 163.4], [316.69, 163.74], [316.55, 163.39], [315.96, 163.29], [316.01, 164.54], [316.35, 164.79], [315.76, 165.46], [315.26, 165.37], [314.42, 165.95], [313.89, 165.89], [313.69, 166.42], [313.26, 166.73], [312.98, 166.21], [312.34, 166.47], [312.12, 166.2], [311.88, 167.28], [311.07, 166.94], [311.37, 166.49], [311.12, 166.43], [311.22, 165.93], [310.64, 166.53], [310.33, 168.01], [309.87, 168.5], [309.53, 168.45], [309.02, 168.92], [308.92, 168.54], [308.72, 169.0], [308.64, 168.49], [308.42, 169.13], [308.23, 168.87], [308.19, 169.49], [308.01, 169.28], [307.71, 169.42], [307.74, 169.12], [307.12, 169.52], [306.86, 169.95], [307.05, 170.15], [305.51, 172.61], [305.23, 173.7], [305.5, 174.39], [305.83, 174.38], [305.86, 174.59], [305.23, 174.91], [304.6, 175.89], [305.49, 176.34], [305.84, 177.18], [305.73, 177.41], [306.04, 177.63], [306.14, 178.22], [306.39, 178.42], [306.77, 178.55], [307.62, 178.12], [307.31, 177.22], [306.93, 176.96], [307.32, 177.01], [307.7, 177.52], [307.77, 178.76], [306.45, 178.99], [305.72, 179.39], [305.59, 178.6], [304.24, 179.59], [304.09, 178.64], [303.95, 178.76]]], [[[352.53, 153.34], [352.32, 153.47], [352.53, 152.76], [352.06, 153.32], [351.46, 153.42], [350.12, 155.54], [348.75, 155.68], [348.28, 155.4], [348.37, 155.01], [349.62, 154.4], [350.49, 153.14], [352.0, 152.28], [351.91, 152.1], [351.21, 152.38], [349.99, 152.2], [349.79, 152.9], [349.37, 153.06], [348.55, 152.76], [347.78, 152.88], [348.54, 152.49], [348.57, 151.5], [347.8, 151.63], [347.39, 152.2], [345.91, 152.6], [341.4, 152.12], [341.39, 151.89], [339.64, 152.56], [338.72, 152.33], [338.49, 151.01], [340.61, 148.88], [341.41, 148.39], [338.98, 148.24], [339.93, 147.39], [339.74, 147.82], [340.29, 148.05], [341.19, 145.89], [342.39, 146.31], [342.08, 145.92], [342.43, 145.24], [341.81, 145.12], [341.75, 144.55], [342.32, 143.86], [342.97, 144.09], [342.58, 143.16], [344.01, 139.57], [344.31, 139.13], [344.74, 139.09], [344.4, 138.72], [345.11, 138.02], [345.16, 137.34], [345.77, 136.83], [346.19, 135.91], [348.09, 134.86], [349.06, 135.3], [349.13, 134.82], [349.75, 134.9], [349.37, 135.67], [348.08, 135.93], [348.17, 136.51], [348.63, 136.48], [348.79, 136.81], [348.54, 137.8], [347.86, 138.46], [347.77, 138.94], [346.85, 140.14], [346.76, 140.62], [346.04, 141.79], [345.7, 142.87], [345.78, 143.55], [347.64, 141.32], [347.81, 141.55], [347.7, 142.1], [348.37, 141.75], [348.84, 142.01], [349.6, 141.91], [347.76, 143.52], [348.54, 143.3], [348.47, 143.7], [347.91, 144.27], [348.7, 143.99], [349.09, 144.34], [350.39, 144.02], [350.48, 144.47], [350.19, 145.41], [350.98, 144.92], [351.11, 145.09], [352.51, 143.96], [352.66, 144.83], [353.04, 144.42], [354.08, 144.35], [355.07, 144.88], [355.2, 145.67], [354.24, 146.78], [353.49, 147.22], [354.38, 147.12], [354.05, 147.58], [354.81, 147.82], [354.41, 148.71], [356.79, 147.94], [356.76, 148.47], [356.47, 148.97], [355.09, 149.81], [355.2, 150.34], [354.4, 150.61], [355.0, 150.66], [354.34, 151.66], [354.63, 152.26], [354.9, 152.27], [355.39, 151.85], [356.04, 150.74], [357.09, 150.1], [357.25, 150.25], [356.41, 151.89], [356.36, 152.87], [356.5, 153.12], [357.01, 152.68], [357.48, 151.74], [357.69, 151.85], [357.85, 152.69], [357.11, 154.65], [357.18, 155.22], [356.66, 156.53], [356.37, 156.69], [355.92, 156.38], [355.14, 156.74], [355.12, 154.49], [353.92, 155.85], [353.44, 155.67], [354.38, 153.18], [353.98, 151.79], [353.39, 151.34], [352.53, 153.34]]]]}}, {"type": "Feature", "properties": {"id": "MR-L5-NAMW", "name_ru": "Запад Северной Америки", "type": "LAND", "parent": "MR-L3-NAM", "area_cm2": 160.7, "parts": 1, "U_cm2": 95.4, "U_over_A": 0.594}, "geometry": {"type": "Polygon", "coordinates": [[[128.58, 121.86], [128.12, 121.74], [127.799, 121.225], [127.46, 120.68], [126.8, 120.51], [126.54, 119.48], [126.24, 119.51], [126.24, 120.07], [125.95, 119.97], [124.72, 118.39], [125.3, 118.01], [124.85, 117.4], [125.03, 116.92], [124.07, 116.82], [123.81, 116.35], [123.14, 116.33], [122.68, 115.8], [123.98, 115.48], [124.27, 115.05], [124.1, 114.49], [122.66, 114.91], [122.4, 114.59], [123.21, 113.78], [122.98, 113.38], [123.08, 112.69], [124.41, 112.8], [124.85, 113.51], [124.8, 114.1], [126.62, 115.2], [127.44, 116.51], [128.65, 114.43], [129.49, 114.22], [128.53, 114.07], [128.14, 113.45], [127.67, 113.27], [127.16, 112.36], [126.82, 112.25], [126.79, 111.74], [125.88, 111.16], [125.81, 110.45], [123.96, 109.93], [124.04, 109.2], [123.43, 107.84], [123.7, 107.6], [124.89, 108.1], [123.76, 106.99], [123.96, 106.38], [123.22, 106.94], [122.32, 105.93], [122.26, 104.61], [121.8, 105.22], [120.49, 104.54], [119.68, 103.38], [119.56, 102.85], [119.13, 102.5], [119.0, 102.0], [117.98, 101.5], [117.21, 101.45], [115.29, 101.96], [113.65, 102.0], [113.88, 102.09], [113.56, 102.36], [114.85, 102.65], [115.44, 103.13], [115.23, 103.5], [115.97, 103.57], [116.45, 104.24], [116.39, 104.63], [115.19, 104.8], [115.93, 105.57], [116.1, 105.03], [117.19, 104.65], [117.9, 105.31], [117.8, 105.8], [117.52, 105.9], [117.71, 106.23], [118.75, 105.43], [120.14, 106.03], [120.09, 107.11], [118.81, 107.38], [120.06, 107.61], [120.35, 108.03], [120.23, 108.94], [117.98, 107.93], [117.53, 109.27], [116.76, 109.12], [116.17, 107.88], [114.43, 106.25], [114.62, 105.58], [114.99, 105.22], [112.16, 103.66], [110.77, 102.05], [108.38, 100.48], [107.45, 98.84], [106.67, 98.26], [105.72, 98.11], [103.44, 98.58], [102.37, 98.36], [101.27, 97.57], [100.54, 97.33], [99.45, 97.36], [96.6, 96.94], [93.79, 97.1], [92.13, 96.39], [90.75, 95.18], [87.25, 94.21], [85.69, 93.03], [82.46, 92.71], [81.74, 93.05], [81.2, 93.63], [80.94, 94.38], [80.87, 95.82], [80.22, 96.78], [79.35, 97.19], [77.63, 97.33], [75.0, 98.98], [73.83, 98.9], [72.69, 98.12], [72.22, 97.52], [71.72, 96.2], [70.81, 95.48], [69.64, 95.38], [68.17, 96.1], [67.61, 96.64], [66.97, 97.88], [65.64, 98.91], [64.65, 100.23], [64.5, 101.18], [64.75, 102.0], [66.21, 102.0], [66.47, 102.32], [66.15, 102.9], [64.46, 104.06], [64.27, 104.63], [63.96, 104.77], [63.8, 105.54], [61.6, 106.18], [61.2, 106.78], [59.92, 107.44], [59.37, 108.17], [58.73, 108.28], [58.57, 108.71], [58.03, 108.7], [57.47, 109.1], [57.35, 109.24], [57.57, 109.79], [56.91, 110.65], [56.47, 110.67], [55.43, 111.47], [54.56, 111.63], [54.16, 112.32], [53.32, 112.27], [52.71, 112.69], [53.14, 112.83], [51.74, 113.21], [51.34, 113.75], [51.82, 113.8], [52.14, 114.27], [51.56, 114.81], [51.23, 114.32], [50.66, 115.2], [48.53, 115.99], [48.14, 116.81], [48.08, 115.93], [47.82, 115.85], [46.08, 116.77], [45.71, 117.2], [44.56, 117.31], [43.75, 117.86], [42.92, 117.89], [43.12, 116.97], [42.77, 116.85], [42.37, 117.09], [42.12, 117.85], [41.15, 118.97], [40.25, 119.36], [40.04, 119.24], [40.17, 119.11], [39.93, 118.66], [39.54, 118.49], [39.58, 119.42], [39.42, 119.6], [38.86, 119.79], [38.13, 119.3], [38.1, 119.96], [37.51, 120.3], [37.67, 119.05], [38.75, 118.72], [40.92, 116.4], [42.25, 115.56], [43.64, 115.05], [43.71, 115.35], [44.56, 115.18], [44.25, 115.65], [44.83, 116.24], [45.11, 115.72], [46.31, 116.01], [45.6, 115.12], [46.28, 113.75], [47.78, 112.65], [49.23, 112.08], [50.29, 111.22], [50.35, 111.52], [50.99, 111.61], [51.03, 110.53], [52.01, 109.38], [53.39, 108.35], [54.5, 108.45], [53.82, 107.68], [54.07, 106.03], [54.23, 105.63], [55.28, 105.39], [54.42, 105.13], [54.32, 104.38], [55.17, 103.4], [55.91, 102.98], [55.72, 102.82], [56.06, 102.0], [55.72, 102.0], [55.43, 102.35], [52.39, 103.52], [52.07, 103.4], [51.49, 102.47], [51.65, 102.0], [52.68, 102.0], [51.66, 101.72], [50.71, 101.93], [50.45, 103.06], [50.66, 104.29], [50.19, 104.46], [48.11, 102.2], [47.39, 102.61], [46.63, 102.0], [46.26, 101.94], [45.41, 102.0], [44.79, 102.38], [43.55, 102.7], [43.22, 103.28], [42.08, 103.53], [40.95, 103.39], [42.17, 102.72], [42.03, 102.0], [42.97, 102.0], [41.94, 100.66], [41.69, 98.83], [40.38, 96.08], [39.58, 95.49], [38.1, 95.06], [36.57, 93.6], [34.09, 93.3], [32.88, 92.39], [31.56, 91.78], [30.8, 90.91], [30.64, 89.85], [31.15, 87.49], [31.82, 86.73], [32.93, 85.97], [33.63, 84.61], [34.26, 84.0], [35.15, 83.69], [36.41, 83.83], [38.06, 83.68], [38.88, 83.32], [40.5, 82.12], [43.03, 81.9], [44.07, 81.35], [44.51, 80.69], [44.66, 79.92], [44.1, 77.41], [43.53, 76.6], [42.44, 76.14], [41.65, 76.22], [39.51, 77.18], [37.8, 76.88], [34.98, 76.98], [32.61, 77.51], [30.1, 77.05], [29.09, 76.14], [28.87, 75.38], [28.9, 73.94], [28.35, 72.77], [28.23, 72.0], [28.51, 71.06], [29.29, 70.32], [31.05, 69.91], [32.37, 68.82], [33.6, 68.45], [34.75, 68.67], [35.61, 69.75], [36.58, 70.27], [41.42, 70.45], [42.73, 69.76], [43.18, 69.1], [43.33, 68.51], [43.08, 67.35], [42.18, 66.41], [40.26, 65.95], [39.03, 66.06], [36.68, 65.66], [35.1, 63.52], [31.01, 61.24], [30.53, 60.63], [30.32, 59.78], [30.45, 59.0], [30.87, 58.34], [31.89, 57.78], [34.7, 57.59], [36.83, 56.62], [37.79, 55.76], [38.67, 53.95], [41.05, 52.07], [44.35, 51.5], [48.12, 49.49], [49.74, 49.52], [53.3, 49.02], [56.27, 47.59], [57.23, 47.73], [58.39, 48.6], [59.3, 48.91], [61.22, 48.57], [64.04, 49.29], [66.61, 48.81], [67.55, 48.89], [68.33, 49.24], [69.3, 50.17], [71.1, 50.94], [72.44, 51.02], [74.01, 50.72], [75.3, 50.89], [76.62, 50.65], [78.16, 50.69], [80.57, 51.37], [81.71, 51.48], [82.94, 51.94], [88.03, 52.19], [89.91, 52.82], [91.45, 52.97], [95.95, 52.45], [97.14, 52.76], [98.49, 53.5], [101.08, 54.41], [105.05, 54.59], [107.26, 55.04], [111.18, 56.95], [114.52, 57.84], [116.36, 57.92], [117.15, 57.77], [117.96, 57.17], [118.97, 55.69], [119.66, 55.36], [120.42, 55.31], [123.09, 56.53], [124.46, 57.72], [125.42, 57.9], [126.35, 57.6], [127.45, 56.53], [128.68, 55.91], [129.43, 55.72], [130.52, 55.87], [131.32, 55.75], [133.59, 54.22], [135.14, 53.88], [136.83, 54.07], [137.69, 53.74], [138.75, 52.77], [139.14, 51.68], [138.96, 50.74], [138.01, 49.29], [137.99, 48.14], [138.28, 47.5], [139.67, 45.75], [140.21, 45.3], [140.97, 45.06], [145.09, 45.02], [150.61, 45.99], [151.77, 46.86], [152.17, 48.08], [151.86, 49.12], [150.98, 49.95], [149.57, 50.43], [148.17, 51.46], [145.34, 52.12], [144.51, 52.66], [144.04, 53.53], [144.01, 54.33], [144.4, 55.24], [145.0, 55.76], [145.99, 56.12], [147.77, 55.89], [149.16, 56.33], [150.24, 56.39], [151.03, 56.17], [152.59, 55.07], [154.71, 55.1], [156.99, 55.58], [159.75, 57.01], [166.36, 58.07], [169.11, 58.45], [172.4, 58.6], [174.13, 58.22], [176.12, 58.68], [177.22, 58.51], [176.64, 59.71], [176.55, 61.35], [176.86, 62.26], [177.9, 63.08], [180.19, 63.38], [180.96, 63.24], [181.76, 62.67], [182.19, 61.79], [182.15, 60.81], [181.65, 59.97], [179.6, 58.18], [178.66, 57.94], [177.79, 58.12], [178.28, 57.32], [178.38, 56.54], [178.17, 54.52], [177.55, 53.55], [176.68, 53.12], [174.49, 52.85], [173.02, 51.56], [172.09, 51.26], [170.95, 51.52], [169.94, 52.48], [169.32, 52.8], [167.03, 53.06], [166.14, 52.99], [165.43, 52.65], [164.92, 52.06], [164.65, 51.22], [164.75, 50.44], [165.42, 49.49], [166.46, 48.78], [167.09, 48.57], [169.42, 48.84], [170.06, 49.25], [170.89, 50.21], [171.97, 50.6], [173.09, 50.33], [174.47, 49.18], [175.39, 48.8], [176.09, 48.75], [176.94, 48.96], [177.85, 49.51], [179.29, 51.38], [180.58, 51.68], [182.54, 50.89], [183.09, 50.34], [183.98, 48.81], [184.67, 48.42], [185.44, 48.33], [186.38, 48.59], [187.89, 49.47], [191.78, 50.85], [193.84, 51.87], [198.12, 52.49], [199.18, 52.81], [202.29, 52.69], [205.83, 53.09], [206.56, 53.37], [207.13, 53.91], [207.43, 54.53], [207.46, 56.45], [207.02, 57.4], [205.71, 58.53], [205.38, 59.81], [205.8, 60.87], [206.96, 61.74], [208.26, 61.9], [209.98, 61.78], [213.09, 63.17], [215.34, 63.41], [219.25, 62.86], [222.54, 63.32], [224.89, 63.0], [226.452, 63.489], [234.0, 105.0], [238.0, 140.0], [262.0, 165.0], [295.581, 183.39], [295.29, 183.91], [295.35, 184.23], [296.05, 184.23], [296.13, 184.45], [295.81, 187.17], [295.74, 186.62], [295.3, 187.95], [295.09, 188.31], [294.87, 188.25], [294.81, 188.98], [294.37, 189.3], [293.75, 190.7], [293.38, 190.97], [293.45, 190.07], [292.76, 189.79], [291.64, 188.54], [291.87, 187.14], [291.46, 187.87], [291.45, 188.51], [291.96, 189.47], [292.26, 190.86], [292.89, 191.69], [292.61, 192.51], [292.94, 192.57], [293.03, 193.23], [292.93, 193.5], [292.81, 193.32], [292.68, 193.99], [292.12, 194.83], [291.45, 197.1], [290.8, 197.7], [290.44, 198.92], [290.26, 198.43], [290.33, 197.83], [291.24, 195.35], [290.69, 195.28], [290.85, 194.76], [290.47, 194.4], [290.67, 193.54], [290.11, 193.91], [289.49, 193.22], [289.5, 192.5], [290.21, 192.38], [289.65, 191.8], [289.28, 192.02], [289.39, 191.53], [289.78, 191.38], [289.57, 190.98], [289.31, 191.13], [289.36, 190.69], [289.67, 190.76], [289.58, 189.88], [290.63, 188.45], [290.35, 188.48], [290.43, 187.65], [290.19, 187.62], [289.98, 188.8], [289.46, 189.29], [289.31, 188.93], [289.05, 189.73], [288.61, 189.53], [289.03, 190.17], [288.9, 190.59], [288.65, 190.44], [288.84, 190.97], [288.81, 192.8], [289.12, 193.52], [288.4, 193.14], [289.08, 193.97], [289.27, 194.78], [288.03, 194.0], [287.75, 193.43], [287.63, 194.29], [288.67, 194.75], [289.5, 195.64], [289.27, 196.61], [288.55, 196.56], [289.38, 197.07], [289.2, 197.26], [289.48, 197.41], [289.5, 198.02], [289.1, 197.9], [289.12, 198.28], [288.83, 198.48], [289.44, 199.37], [289.1, 199.65], [288.37, 198.52], [288.21, 198.61], [288.77, 199.9], [288.48, 200.14], [289.55, 199.81], [290.25, 199.98], [290.95, 203.02], [291.59, 204.82], [291.15, 203.83], [289.83, 202.81], [289.82, 203.41], [289.47, 203.21], [289.6, 203.54], [289.15, 203.46], [288.64, 203.99], [288.14, 203.61], [288.15, 204.25], [290.05, 204.18], [290.03, 204.74], [290.68, 204.22], [290.95, 204.73], [290.9, 205.6], [289.74, 206.91], [288.83, 206.72], [288.58, 206.13], [287.97, 206.7], [288.76, 207.28], [288.43, 208.16], [287.57, 208.88], [288.92, 208.53], [289.2, 208.77], [288.97, 209.19], [288.12, 209.79], [286.96, 209.79], [286.49, 210.26], [286.16, 209.69], [286.25, 210.59], [285.18, 211.66], [284.6, 213.3], [283.27, 213.28], [282.01, 214.15], [281.16, 215.58], [281.0, 216.3], [280.85, 216.04], [280.76, 216.78], [279.86, 217.38], [279.78, 217.79], [279.23, 218.32], [278.86, 218.23], [278.97, 218.58], [278.83, 218.86], [277.61, 219.6], [276.83, 219.56], [277.29, 219.95], [276.99, 220.55], [276.79, 220.07], [276.53, 220.46], [276.66, 220.88], [276.21, 221.33], [276.0, 222.09], [275.45, 222.38], [275.59, 222.79], [275.21, 223.16], [275.29, 223.58], [275.03, 223.9], [275.27, 223.93], [274.92, 224.64], [274.67, 224.72], [274.94, 225.12], [274.72, 225.52], [274.5, 225.4], [274.28, 227.17], [275.05, 231.65], [276.05, 234.95], [277.14, 237.45], [276.96, 238.41], [277.33, 240.66], [278.46, 244.87], [278.24, 249.21], [278.15, 249.01], [277.57, 251.47], [277.24, 251.93], [275.46, 252.38], [275.29, 251.97], [275.45, 251.35], [274.7, 249.27], [273.66, 248.57], [273.24, 246.57], [272.97, 246.33], [273.34, 245.5], [272.74, 246.06], [272.68, 244.56], [272.84, 244.25], [272.36, 244.37], [272.35, 244.79], [272.04, 244.66], [270.8, 241.86], [271.03, 241.75], [271.71, 240.36], [271.22, 239.89], [270.96, 240.88], [270.72, 240.92], [270.42, 240.3], [270.96, 237.47], [270.98, 235.67], [270.64, 234.94], [269.12, 233.15], [267.97, 231.06], [266.96, 230.27], [266.19, 230.44], [265.97, 231.13], [263.26, 232.13], [262.99, 231.75], [262.99, 231.07], [262.24, 230.19], [262.39, 230.21], [262.09, 229.36], [262.01, 229.99], [259.99, 228.96], [260.94, 228.93], [260.56, 228.54], [257.83, 229.22], [258.45, 228.82], [258.42, 228.2], [258.2, 228.51], [257.92, 228.34], [257.57, 229.29], [257.03, 229.42], [257.11, 228.98], [256.61, 229.55], [255.5, 229.71], [256.12, 229.44], [255.74, 228.74], [255.49, 227.65], [255.13, 229.11], [253.52, 229.16], [252.9, 228.89], [251.7, 229.21], [250.93, 230.01], [249.08, 229.06], [248.54, 230.11], [249.23, 230.61], [250.5, 229.98], [250.71, 230.22], [250.27, 230.71], [250.8, 231.17], [251.2, 230.48], [251.47, 230.53], [251.6, 231.53], [251.09, 231.75], [250.54, 232.42], [251.13, 233.3], [252.08, 233.66], [252.55, 234.24], [252.15, 235.07], [251.92, 234.79], [251.52, 235.24], [251.58, 234.84], [251.33, 234.3], [250.32, 233.69], [250.08, 233.14], [249.27, 232.78], [249.57, 233.25], [249.33, 234.56], [249.1, 234.69], [248.84, 234.02], [248.26, 233.82], [247.53, 234.56], [245.97, 233.86], [246.38, 233.73], [246.11, 232.66], [245.87, 232.88], [245.34, 232.69], [244.89, 231.85], [244.44, 231.83], [244.25, 231.45], [243.54, 232.05], [243.69, 232.52], [243.17, 232.68], [241.99, 232.51], [240.54, 231.71], [238.43, 231.98], [238.47, 232.11], [237.86, 232.19], [235.95, 233.46], [236.63, 232.74], [235.9, 232.74], [236.01, 231.85], [235.75, 231.84], [235.58, 232.17], [235.19, 232.06], [235.61, 233.68], [234.85, 234.42], [234.696, 234.779], [236.0, 225.0], [238.0, 205.0], [234.0, 165.0], [222.0, 138.0], [190.0, 130.0], [150.0, 124.0], [132.818, 121.852], [132.98, 121.12], [133.36, 120.79], [133.97, 119.55], [133.58, 118.86], [133.36, 119.32], [133.4, 119.82], [132.44, 120.7], [131.53, 120.44], [130.95, 118.89], [131.14, 118.51], [131.82, 118.18], [131.51, 118.01], [131.33, 116.32], [130.72, 115.32], [131.0, 114.75], [128.82, 115.69], [128.36, 117.13], [127.78, 117.05], [128.09, 117.55], [126.94, 116.9], [126.5, 117.58], [127.28, 117.52], [128.23, 118.42], [128.06, 118.98], [128.9, 119.07], [128.89, 121.34], [128.878, 121.36], [128.58, 121.86]]]}}, {"type": "Feature", "properties": {"id": "MR-L5-NZL", "name_ru": "Новая Зеландия", "type": "LAND", "parent": "MR-L3-AUS", "area_cm2": 140.9, "parts": 1, "U_cm2": 98.9, "U_over_A": 0.702}, "geometry": {"type": "Polygon", "coordinates": [[[201.71, 398.56], [203.33, 399.49], [204.79, 403.47], [206.39, 405.18], [207.37, 408.53], [208.64, 410.46], [208.67, 412.61], [209.2, 414.13], [209.87, 414.92], [209.47, 417.76], [209.85, 423.45], [209.63, 425.23], [211.88, 433.99], [212.02, 439.14], [210.77, 442.79], [210.39, 447.84], [209.21, 453.46], [209.29, 456.34], [208.78, 460.76], [208.01, 463.71], [206.9, 465.88], [206.46, 469.18], [205.22, 471.18], [204.83, 471.18], [204.96, 471.85], [203.24, 473.05], [201.63, 476.79], [201.37, 478.25], [200.69, 478.75], [200.63, 481.65], [199.87, 482.3], [200.39, 482.51], [199.06, 484.75], [198.63, 486.44], [198.3, 490.75], [197.77, 490.99], [197.74, 492.13], [197.14, 492.44], [195.31, 497.63], [194.16, 506.11], [194.29, 509.57], [194.03, 511.83], [193.42, 511.99], [191.81, 513.86], [185.84, 514.36], [183.95, 515.23], [181.59, 517.62], [178.95, 521.34], [175.82, 521.88], [176.4, 523.28], [177.04, 522.82], [177.12, 524.71], [176.71, 525.38], [175.53, 523.04], [175.1, 522.77], [174.44, 523.34], [173.73, 521.37], [172.82, 521.29], [171.8, 520.27], [172.51, 519.08], [172.18, 517.82], [171.29, 517.77], [170.79, 519.0], [169.65, 519.98], [168.47, 518.63], [169.42, 518.66], [170.44, 516.55], [169.32, 514.94], [166.89, 516.93], [168.21, 517.54], [165.45, 519.66], [164.03, 521.64], [162.69, 522.66], [161.16, 522.01], [157.38, 519.02], [156.07, 519.13], [154.78, 518.16], [153.8, 518.06], [153.16, 519.03], [152.33, 518.83], [150.3, 516.43], [148.42, 516.02], [147.26, 514.92], [146.39, 512.78], [144.29, 509.46], [144.06, 507.9], [144.65, 504.57], [144.02, 502.13], [142.73, 499.11], [140.29, 495.51], [140.77, 495.66], [141.32, 495.02], [141.86, 495.76], [142.04, 494.22], [141.83, 493.79], [141.39, 493.55], [139.83, 495.14], [138.1, 496.02], [136.45, 495.78], [137.5, 493.37], [138.05, 490.85], [137.95, 488.66], [135.98, 483.68], [135.15, 486.08], [134.93, 488.36], [134.03, 491.84], [130.07, 492.65], [130.71, 489.94], [132.56, 489.91], [133.06, 487.27], [133.06, 483.61], [133.83, 481.08], [135.21, 478.73], [134.82, 475.56], [135.51, 474.67], [135.12, 471.96], [134.48, 470.34], [134.52, 472.4], [132.81, 475.5], [131.81, 479.16], [127.85, 482.51], [125.21, 487.8], [125.59, 490.49], [124.73, 489.5], [124.02, 490.14], [122.43, 487.65], [121.44, 487.17], [121.9, 486.34], [122.7, 487.27], [123.05, 487.13], [121.91, 481.92], [120.3, 479.13], [119.46, 476.02], [118.92, 475.47], [117.42, 475.26], [116.43, 471.77], [117.05, 471.62], [117.09, 470.1], [114.3, 467.24], [113.143, 467.136], [115.0, 430.0], [121.0, 380.0], [129.195, 328.782], [129.2, 328.78], [129.16, 330.03], [129.59, 330.53], [130.65, 330.4], [134.09, 333.37], [135.12, 335.41], [136.75, 337.44], [140.49, 338.95], [141.66, 342.55], [145.52, 345.68], [147.85, 345.03], [149.42, 343.27], [150.08, 339.92], [151.68, 335.3], [152.27, 332.0], [152.46, 328.11], [153.31, 323.51], [152.81, 318.59], [153.16, 315.94], [152.56, 312.96], [153.41, 308.45], [153.25, 305.8], [154.08, 304.42], [154.76, 304.62], [154.8, 304.09], [154.42, 302.74], [153.57, 302.01], [153.62, 300.84], [154.51, 297.69], [154.96, 298.35], [155.97, 289.07], [156.75, 288.54], [157.39, 287.06], [158.11, 287.4], [157.86, 288.46], [158.97, 290.48], [159.42, 296.4], [159.99, 297.22], [160.93, 297.51], [160.59, 300.44], [161.29, 301.23], [162.02, 303.26], [162.92, 309.99], [162.74, 312.48], [163.76, 317.58], [164.76, 318.53], [165.98, 317.19], [167.27, 316.6], [168.13, 318.78], [171.26, 322.56], [171.18, 327.03], [172.1, 331.89], [171.94, 334.82], [173.55, 338.79], [174.32, 339.06], [174.27, 340.38], [175.37, 345.12], [174.91, 350.46], [175.85, 352.45], [176.39, 352.82], [176.21, 355.23], [176.63, 356.36], [178.14, 358.13], [179.67, 358.7], [180.33, 359.85], [181.7, 359.73], [183.29, 363.01], [186.35, 365.67], [187.5, 366.15], [188.28, 367.36], [188.89, 368.97], [188.13, 368.86], [187.91, 369.8], [190.46, 374.37], [191.07, 377.31], [191.68, 378.17], [192.02, 381.9], [192.91, 385.39], [193.49, 384.96], [194.23, 386.31], [194.07, 384.28], [194.46, 383.11], [197.01, 386.38], [197.14, 384.92], [197.41, 384.78], [198.1, 386.53], [198.49, 393.92], [200.01, 396.65], [201.71, 398.56]]]}}, {"type": "Feature", "properties": {"id": "MR-L5-SAME", "name_ru": "Восток Южной Америки", "type": "LAND", "parent": "MR-L3-SAM", "area_cm2": 95.4, "parts": 1, "U_cm2": 63.4, "U_over_A": 0.665}, "geometry": {"type": "Polygon", "coordinates": [[[339.72, 445.68], [337.984, 445.974], [327.0, 428.0], [318.0, 405.0], [312.0, 375.0], [304.0, 345.0], [297.071, 326.293], [325.26, 325.03], [325.79, 324.78], [326.09, 324.27], [326.72, 319.64], [327.35, 318.85], [327.87, 318.76], [329.27, 319.04], [331.32, 320.39], [332.77, 320.83], [332.97, 322.87], [333.56, 321.58], [333.96, 321.4], [338.8, 322.03], [338.79, 321.68], [339.17, 321.46], [343.66, 321.37], [347.16, 321.95], [347.17, 322.85], [347.42, 322.38], [348.07, 322.04], [349.8, 322.74], [352.31, 323.17], [354.99, 324.68], [354.85, 325.2], [355.31, 324.92], [356.03, 325.36], [356.55, 326.07], [356.84, 325.61], [357.07, 325.6], [357.88, 327.36], [358.36, 326.59], [359.36, 326.85], [359.84, 327.25], [360.47, 328.56], [360.84, 330.37], [362.25, 333.02], [362.09, 333.26], [362.56, 333.35], [363.24, 334.17], [364.47, 334.29], [365.53, 334.66], [365.88, 335.39], [365.81, 336.19], [364.02, 337.2], [361.94, 339.07], [360.99, 339.35], [360.39, 339.84], [359.57, 340.01], [359.02, 340.95], [357.67, 342.08], [357.59, 342.86], [356.68, 343.35], [356.41, 343.92], [355.29, 343.9], [353.59, 344.48], [354.93, 344.5], [355.44, 344.75], [356.57, 344.59], [361.32, 342.61], [361.57, 342.92], [361.21, 343.15], [362.29, 344.76], [362.24, 345.12], [363.54, 345.89], [365.37, 345.33], [366.63, 345.62], [368.46, 345.02], [367.0, 347.85], [367.81, 347.38], [368.92, 345.59], [369.91, 345.32], [371.19, 344.28], [371.69, 344.28], [372.31, 344.66], [372.39, 344.37], [372.82, 344.26], [372.28, 343.99], [372.55, 343.49], [372.37, 343.23], [373.01, 342.91], [372.96, 342.67], [373.88, 341.98], [374.25, 341.88], [374.57, 342.08], [375.27, 341.76], [375.81, 341.94], [376.39, 341.77], [376.67, 341.9], [377.12, 341.64], [378.34, 342.0], [379.77, 342.1], [380.64, 342.69], [382.43, 342.88], [382.45, 343.08], [383.22, 343.09], [385.04, 343.82], [385.89, 343.83], [386.48, 344.94], [387.15, 344.29], [387.63, 344.16], [389.54, 345.02], [390.04, 345.98], [389.49, 346.52], [389.05, 346.64], [389.47, 346.97], [389.85, 346.53], [390.5, 346.33], [390.74, 346.94], [390.11, 347.07], [389.8, 347.58], [389.2, 349.5], [390.49, 348.71], [391.07, 347.46], [391.43, 347.26], [391.99, 347.33], [391.16, 348.55], [392.77, 347.6], [394.93, 347.36], [395.27, 346.97], [397.27, 347.24], [400.38, 348.24], [401.5, 348.28], [402.06, 348.1], [403.84, 348.62], [408.38, 348.25], [410.67, 348.45], [414.97, 350.05], [416.44, 350.87], [417.38, 351.06], [419.33, 352.56], [421.26, 353.7], [422.72, 354.07], [423.29, 354.69], [424.28, 354.76], [425.92, 355.26], [428.68, 355.12], [430.9, 355.48], [432.01, 356.7], [433.82, 361.16], [433.95, 361.97], [433.61, 363.37], [433.81, 364.06], [432.3, 367.02], [431.48, 367.92], [429.6, 369.34], [429.03, 369.29], [429.22, 369.55], [429.05, 369.78], [426.75, 371.71], [425.08, 372.28], [423.61, 373.45], [423.21, 373.49], [423.21, 373.86], [422.12, 374.77], [420.92, 376.63], [418.42, 378.91], [417.69, 379.28], [417.25, 379.25], [417.14, 378.65], [416.4, 378.22], [416.16, 378.61], [415.68, 378.73], [416.07, 379.09], [415.74, 379.82], [414.87, 380.48], [414.61, 381.16], [414.85, 381.07], [415.06, 381.24], [414.79, 382.55], [414.97, 382.72], [415.26, 382.51], [414.73, 384.41], [415.53, 388.1], [414.07, 392.11], [414.25, 393.73], [412.75, 394.6], [412.02, 395.39], [411.61, 396.57], [411.78, 398.52], [411.41, 399.4], [410.45, 399.91], [408.69, 402.43], [406.92, 403.45], [406.18, 404.46], [405.75, 405.28], [405.94, 406.8], [402.77, 407.73], [401.54, 408.55], [401.71, 409.19], [401.25, 409.67], [397.12, 409.73], [396.57, 409.53], [396.64, 409.13], [396.24, 408.99], [395.85, 409.2], [395.92, 409.81], [392.87, 410.15], [392.53, 410.01], [393.88, 409.86], [393.03, 409.56], [391.75, 409.87], [389.54, 410.0], [389.37, 410.47], [389.83, 410.68], [388.1, 411.0], [386.41, 411.67], [385.77, 412.29], [383.5, 412.26], [379.48, 413.59], [378.25, 414.37], [374.41, 416.02], [374.77, 416.12], [374.68, 416.42], [373.45, 417.18], [373.27, 417.14], [373.53, 416.85], [372.55, 416.74], [372.22, 417.26], [371.11, 417.23], [371.09, 417.37], [372.56, 417.73], [371.91, 418.39], [371.36, 418.48], [371.76, 418.76], [371.57, 419.5], [370.98, 419.77], [371.42, 420.19], [371.3, 421.1], [371.86, 422.6], [371.45, 423.71], [371.52, 425.3], [370.72, 426.42], [370.71, 426.82], [368.6, 427.71], [366.45, 429.21], [365.14, 430.55], [363.94, 432.45], [361.16, 434.98], [356.12, 437.58], [356.01, 436.71], [356.78, 436.83], [357.74, 436.54], [359.58, 435.64], [360.02, 435.22], [360.08, 434.55], [360.89, 434.48], [361.07, 433.89], [362.2, 433.29], [362.08, 432.44], [362.68, 432.48], [362.77, 431.92], [360.7, 432.26], [360.64, 431.93], [360.01, 431.78], [359.47, 431.24], [359.55, 431.88], [360.11, 432.24], [359.52, 432.94], [359.54, 433.43], [359.19, 433.19], [358.53, 434.5], [356.42, 435.35], [355.43, 436.88], [355.72, 437.74], [354.75, 438.57], [353.35, 440.69], [349.87, 442.65], [348.22, 444.48], [346.5, 445.37], [343.18, 446.17], [339.72, 445.68]]]}}, {"type": "Feature", "properties": {"id": "MR-L5-SAMW", "name_ru": "Запад Южной Америки", "type": "LAND", "parent": "MR-L3-SAM", "area_cm2": 98.9, "parts": 1, "U_cm2": 60.0, "U_over_A": 0.607}, "geometry": {"type": "Polygon", "coordinates": [[[275.0, 326.2], [275.74, 325.62], [276.51, 325.47], [292.0, 326.52], [297.071, 326.293], [304.0, 345.0], [312.0, 375.0], [318.0, 405.0], [327.0, 428.0], [337.984, 445.974], [337.36, 446.08], [334.39, 445.37], [332.96, 444.69], [329.99, 444.76], [327.41, 443.04], [327.24, 442.45], [327.64, 440.56], [327.31, 440.6], [326.75, 442.28], [327.45, 443.9], [326.85, 444.21], [327.94, 445.39], [331.26, 446.42], [332.95, 447.47], [333.01, 447.9], [332.13, 448.55], [332.03, 449.1], [332.53, 449.84], [333.38, 450.31], [334.99, 450.6], [335.2, 451.66], [334.93, 452.34], [333.31, 453.82], [331.92, 454.73], [331.23, 455.77], [328.35, 456.85], [320.94, 458.06], [315.15, 458.52], [311.83, 458.43], [309.63, 457.93], [309.46, 458.09], [309.77, 458.5], [309.81, 459.28], [310.9, 459.68], [310.33, 459.7], [310.79, 459.95], [310.53, 461.07], [309.83, 461.28], [309.31, 462.2], [309.34, 463.0], [309.99, 463.66], [309.32, 464.32], [306.8, 464.97], [303.82, 465.12], [298.27, 464.06], [298.73, 463.7], [297.29, 464.03], [297.0, 464.26], [296.9, 464.95], [297.52, 466.36], [297.33, 467.59], [297.66, 467.99], [299.68, 468.45], [299.53, 468.95], [300.21, 469.0], [301.64, 468.89], [301.83, 468.49], [300.96, 468.44], [303.02, 468.03], [303.77, 468.55], [303.81, 469.81], [303.46, 470.15], [301.91, 470.38], [301.49, 470.32], [300.63, 469.43], [299.9, 469.25], [297.72, 469.71], [297.46, 470.0], [300.63, 470.65], [298.28, 471.32], [296.42, 472.48], [296.18, 473.14], [296.47, 473.94], [296.16, 474.27], [296.35, 474.64], [295.92, 475.24], [294.65, 475.79], [294.42, 476.2], [294.86, 476.44], [294.69, 476.84], [292.22, 476.71], [290.44, 477.37], [288.83, 477.59], [285.86, 480.01], [286.29, 481.2], [289.57, 482.92], [293.73, 483.39], [294.24, 483.96], [294.07, 484.64], [293.58, 485.05], [292.52, 485.31], [293.36, 485.43], [293.92, 485.78], [291.3, 487.0], [288.41, 487.87], [286.45, 488.85], [285.47, 489.75], [285.02, 491.61], [284.43, 492.0], [282.88, 492.36], [281.84, 491.97], [281.04, 491.28], [281.07, 492.07], [282.14, 492.52], [279.81, 493.2], [279.13, 493.82], [278.84, 494.67], [278.5, 494.86], [279.24, 496.01], [279.27, 496.75], [278.3, 496.81], [278.29, 496.97], [279.69, 497.15], [282.25, 499.07], [282.03, 499.22], [278.45, 498.76], [277.52, 498.95], [276.74, 499.54], [271.44, 500.47], [270.57, 502.31], [270.74, 502.91], [270.52, 503.55], [269.16, 503.87], [265.2, 503.11], [264.28, 502.62], [264.12, 502.25], [264.61, 501.95], [266.25, 501.89], [266.65, 502.05], [266.89, 502.79], [267.16, 501.89], [269.2, 501.28], [269.77, 500.83], [269.48, 500.6], [268.76, 500.46], [264.88, 501.51], [263.76, 502.07], [263.5, 502.59], [261.23, 501.93], [261.85, 501.55], [262.02, 500.49], [261.38, 500.85], [261.37, 501.25], [260.92, 501.41], [259.95, 501.35], [258.57, 500.68], [260.18, 500.33], [260.09, 500.49], [260.99, 500.15], [260.69, 500.07], [261.35, 499.62], [260.65, 499.61], [260.38, 500.03], [259.76, 499.94], [258.84, 500.22], [256.9, 500.08], [256.79, 499.36], [256.27, 499.3], [255.61, 498.5], [257.71, 498.85], [258.3, 498.74], [258.39, 498.37], [259.07, 498.6], [260.3, 498.61], [262.4, 497.98], [263.02, 498.28], [263.76, 497.66], [263.46, 497.07], [263.28, 497.52], [261.8, 497.7], [259.75, 498.34], [259.14, 498.26], [258.08, 497.51], [257.08, 497.48], [256.07, 497.16], [256.65, 496.85], [257.28, 496.97], [257.44, 496.09], [257.24, 495.89], [253.29, 495.27], [252.03, 494.11], [254.19, 494.04], [253.46, 493.47], [254.05, 493.14], [255.31, 493.52], [256.34, 494.53], [257.84, 494.89], [257.76, 494.58], [258.14, 494.16], [258.69, 494.02], [258.43, 493.83], [258.52, 493.54], [257.07, 494.55], [256.07, 493.89], [256.15, 493.35], [255.04, 493.1], [254.12, 492.63], [255.46, 491.96], [257.01, 492.01], [255.51, 491.37], [255.66, 490.82], [257.49, 490.74], [256.55, 490.29], [256.92, 489.23], [256.79, 489.17], [255.97, 490.51], [255.32, 490.2], [255.43, 487.75], [256.93, 487.39], [256.2, 487.24], [255.43, 487.44], [254.83, 487.35], [254.37, 486.77], [254.34, 485.93], [255.47, 485.98], [255.28, 485.42], [254.02, 485.03], [254.56, 484.62], [255.88, 484.96], [256.37, 484.69], [254.79, 484.21], [256.26, 483.45], [256.04, 483.15], [256.29, 482.81], [255.57, 482.24], [254.93, 482.18], [254.67, 482.54], [252.45, 482.1], [252.25, 481.75], [252.56, 481.4], [250.06, 481.96], [250.74, 482.46], [250.54, 482.68], [249.62, 482.46], [249.31, 481.98], [249.54, 481.69], [252.83, 480.32], [252.16, 479.85], [252.2, 479.45], [256.28, 479.13], [256.62, 478.86], [256.44, 478.3], [257.19, 478.02], [257.78, 478.16], [257.17, 479.34], [256.71, 479.68], [256.89, 480.01], [256.16, 480.62], [257.1, 480.38], [257.53, 479.38], [258.18, 479.27], [258.3, 480.06], [257.84, 480.99], [257.22, 481.47], [257.57, 481.54], [257.55, 481.7], [258.56, 480.7], [258.82, 479.54], [258.82, 479.17], [258.09, 478.94], [258.21, 478.26], [259.02, 478.27], [260.3, 477.85], [261.16, 478.04], [261.2, 477.91], [260.75, 477.7], [260.98, 477.6], [259.5, 477.52], [259.87, 476.73], [261.14, 476.56], [262.67, 475.99], [262.94, 475.57], [263.01, 475.09], [260.3, 474.27], [260.49, 473.44], [261.19, 473.33], [261.51, 472.63], [261.04, 472.09], [261.15, 471.69], [261.77, 471.35], [262.04, 470.86], [262.59, 470.83], [262.18, 469.7], [262.52, 469.2], [263.16, 469.22], [262.52, 468.45], [263.17, 468.27], [264.24, 469.12], [263.76, 467.6], [262.68, 467.65], [262.3, 467.38], [263.03, 466.88], [263.66, 466.75], [261.71, 466.19], [260.42, 466.99], [259.14, 466.97], [259.75, 468.15], [259.67, 468.43], [259.22, 468.55], [259.51, 469.05], [257.98, 469.44], [259.67, 470.59], [259.17, 471.04], [258.16, 471.31], [258.22, 471.74], [257.69, 471.99], [256.41, 471.96], [255.08, 471.55], [255.93, 470.4], [256.15, 468.39], [256.7, 467.69], [256.82, 466.84], [258.06, 467.02], [258.71, 466.38], [257.88, 466.18], [257.13, 464.51], [258.02, 462.98], [258.51, 461.45], [259.66, 460.93], [260.49, 459.2], [259.18, 457.02], [259.43, 455.59], [258.57, 454.54], [258.83, 453.88], [258.57, 453.45], [258.83, 452.99], [259.84, 453.11], [260.55, 452.94], [260.99, 451.48], [261.49, 451.34], [262.1, 450.57], [262.56, 449.3], [263.43, 448.63], [263.27, 448.1], [265.05, 446.62], [265.81, 445.16], [266.04, 443.79], [266.8, 442.75], [267.54, 442.24], [267.67, 441.83], [267.2, 440.54], [267.88, 440.16], [268.5, 439.22], [268.63, 438.39], [268.22, 437.84], [267.35, 433.03], [267.53, 432.12], [268.74, 431.55], [269.13, 430.05], [269.08, 429.42], [268.36, 428.67], [268.23, 427.83], [269.2, 427.05], [269.76, 426.15], [270.23, 424.43], [270.95, 423.75], [271.08, 422.52], [272.18, 419.93], [272.23, 418.9], [271.89, 418.26], [273.05, 416.65], [272.5, 414.8], [272.8, 412.49], [273.31, 411.52], [272.44, 410.92], [272.41, 410.57], [272.55, 409.97], [273.05, 409.9], [273.58, 409.33], [274.67, 405.21], [274.18, 402.87], [274.39, 400.07], [273.81, 398.44], [273.42, 395.79], [268.97, 393.64], [268.69, 392.84], [268.09, 392.45], [265.48, 391.56], [263.88, 390.66], [258.18, 389.13], [256.27, 388.25], [251.97, 386.72], [250.01, 385.17], [248.17, 384.38], [246.61, 382.83], [246.59, 382.26], [246.25, 381.99], [246.78, 381.81], [247.12, 380.93], [246.94, 380.49], [245.68, 379.32], [244.21, 377.38], [242.73, 376.52], [242.39, 375.32], [240.52, 374.17], [240.11, 372.78], [238.09, 370.51], [235.39, 366.05], [234.27, 364.8], [232.67, 363.65], [231.58, 362.0], [229.86, 360.41], [229.34, 360.04], [224.82, 358.21], [224.73, 357.66], [225.04, 357.47], [225.75, 357.55], [225.95, 356.93], [224.72, 355.5], [225.0, 355.07], [224.08, 353.97], [224.52, 352.65], [226.37, 351.13], [229.89, 349.59], [231.21, 347.62], [230.8, 346.94], [230.75, 346.18], [230.34, 347.53], [229.87, 347.55], [229.97, 346.94], [228.73, 348.01], [226.91, 347.07], [226.23, 346.92], [225.71, 346.43], [226.57, 346.09], [226.64, 345.65], [226.38, 344.73], [226.53, 343.97], [226.05, 343.05], [226.3, 342.74], [227.58, 342.36], [228.06, 341.56], [228.41, 341.61], [228.01, 340.9], [230.06, 339.31], [229.99, 337.41], [231.59, 336.82], [232.12, 336.85], [235.33, 336.14], [235.69, 335.87], [235.61, 335.4], [234.93, 334.9], [235.25, 334.51], [236.0, 334.23], [236.93, 334.45], [237.08, 334.0], [236.78, 333.61], [237.1, 332.72], [237.95, 332.34], [239.38, 332.25], [240.32, 331.6], [240.56, 331.63], [241.26, 331.15], [241.26, 330.69], [241.83, 330.58], [244.09, 328.33], [243.48, 328.2], [243.6, 327.74], [243.12, 328.06], [242.97, 327.75], [243.33, 327.25], [242.83, 327.35], [243.8, 326.86], [244.57, 326.03], [245.05, 325.05], [245.88, 324.3], [247.29, 324.04], [249.27, 324.1], [249.23, 324.36], [253.91, 324.53], [259.84, 325.26], [260.47, 324.77], [261.28, 324.48], [262.15, 324.51], [262.28, 325.07], [262.69, 325.55], [261.1, 325.47], [267.53, 326.42], [268.36, 326.34], [268.78, 326.48], [268.78, 326.29], [269.18, 326.25], [269.34, 326.9], [275.05, 326.9], [275.0, 326.2]]]}}, {"type": "Feature", "properties": {"id": "MR-OC-ARC", "name_ru": "Северный Ледовитый океан", "type": "OCEAN", "parent": null, "area_cm2": 408.8, "parts": 1, "U_cm2": 239.2, "U_over_A": 0.585}, "geometry": {"type": "Polygon", "coordinates": [[[10.0, 10.0], [890.0, 10.0], [890.0, 78.308], [875.888, 80.479], [874.93, 79.39], [873.0, 79.2], [871.81, 79.61], [871.03, 79.42], [870.58, 78.9], [869.85, 76.66], [869.52, 76.21], [866.45, 74.11], [864.39, 72.09], [862.81, 71.19], [860.79, 69.51], [858.06, 68.49], [856.46, 67.55], [854.72, 67.63], [853.35, 67.41], [852.31, 67.58], [851.28, 67.18], [849.6, 66.88], [848.86, 66.97], [848.37, 67.4], [848.17, 68.05], [848.94, 70.3], [848.94, 70.9], [848.49, 71.59], [847.79, 71.87], [846.89, 71.61], [846.24, 70.71], [845.09, 69.99], [844.5, 68.95], [843.88, 68.63], [842.17, 69.02], [839.25, 68.65], [837.87, 68.16], [835.88, 68.54], [834.92, 69.15], [834.24, 69.22], [832.16, 67.78], [831.97, 67.23], [832.2, 65.84], [832.02, 64.89], [831.31, 63.93], [830.3, 63.32], [828.33, 62.73], [826.08, 62.65], [822.79, 63.51], [820.74, 63.62], [819.96, 63.13], [819.22, 61.83], [817.64, 61.51], [816.18, 60.27], [815.86, 59.68], [815.77, 58.57], [815.15, 57.94], [814.41, 57.73], [812.99, 57.76], [811.27, 59.47], [810.29, 59.7], [809.68, 59.37], [809.22, 58.66], [808.54, 58.08], [808.18, 56.87], [807.74, 56.39], [807.12, 56.18], [804.59, 56.01], [803.97, 56.14], [801.97, 57.4], [801.39, 58.89], [801.32, 60.35], [800.7, 61.06], [799.77, 61.27], [799.05, 61.8], [798.47, 61.95], [795.55, 60.54], [794.65, 60.59], [793.56, 61.25], [792.99, 61.38], [791.99, 61.21], [791.1, 60.68], [790.53, 60.65], [789.75, 61.2], [788.94, 63.19], [788.46, 63.54], [787.87, 63.62], [787.28, 63.41], [786.16, 62.52], [783.74, 58.3], [783.67, 57.36], [784.39, 56.16], [784.33, 54.7], [783.53, 53.43], [782.88, 52.97], [782.24, 52.9], [781.41, 53.25], [780.84, 53.28], [779.91, 53.02], [778.41, 52.07], [777.58, 52.04], [776.65, 52.88], [776.6, 54.17], [776.37, 54.72], [775.93, 55.22], [775.25, 55.44], [773.7, 55.07], [770.58, 54.92], [769.18, 54.1], [768.49, 52.86], [767.72, 52.46], [764.29, 52.16], [761.6, 53.07], [761.06, 52.88], [760.17, 52.14], [758.2, 51.72], [757.66, 51.88], [756.06, 52.95], [754.94, 52.98], [754.46, 52.64], [754.2, 52.12], [754.21, 51.54], [754.5, 51.03], [755.49, 50.36], [756.17, 49.46], [760.42, 46.91], [761.09, 46.17], [761.13, 45.19], [760.1, 43.72], [760.27, 42.55], [760.15, 42.01], [759.16, 41.16], [758.59, 40.38], [757.64, 39.94], [753.81, 39.89], [752.46, 40.62], [751.65, 40.55], [751.2, 40.17], [750.57, 39.07], [749.44, 38.7], [748.56, 38.15], [748.3, 37.64], [748.2, 36.77], [747.88, 36.3], [747.19, 35.96], [746.5, 36.03], [744.64, 36.77], [743.05, 37.99], [742.38, 38.84], [742.07, 40.35], [740.92, 41.04], [739.97, 42.05], [738.32, 42.0], [736.77, 42.76], [735.34, 43.17], [734.24, 43.02], [733.18, 42.27], [732.11, 42.25], [731.24, 42.56], [730.32, 43.43], [727.76, 44.24], [725.8, 44.53], [723.72, 45.36], [722.26, 46.23], [720.91, 48.14], [721.11, 49.44], [720.95, 50.5], [721.24, 51.63], [721.0, 52.27], [720.56, 52.63], [719.54, 52.76], [718.55, 52.12], [717.58, 51.91], [715.77, 52.25], [713.1, 52.29], [711.41, 52.72], [710.87, 53.66], [711.46, 55.4], [711.41, 56.75], [711.09, 57.37], [710.0, 57.83], [709.48, 57.44], [708.07, 57.38], [707.27, 57.65], [706.54, 58.2], [706.45, 58.54], [707.37, 58.61], [707.71, 59.17], [707.64, 59.35], [706.67, 59.61], [705.64, 58.85], [704.36, 59.34], [704.97, 60.78], [706.58, 61.76], [707.69, 61.94], [708.14, 62.92], [708.71, 63.24], [707.88, 63.3], [706.75, 62.34], [705.85, 62.29], [705.75, 62.5], [705.46, 62.2], [703.93, 61.94], [703.31, 61.63], [703.23, 61.27], [703.52, 60.86], [703.57, 60.37], [703.18, 59.73], [703.22, 59.14], [703.4, 59.04], [703.91, 57.78], [703.27, 55.75], [702.92, 55.51], [702.36, 55.68], [702.84, 56.75], [702.92, 57.91], [702.77, 58.39], [700.78, 59.59], [699.9, 61.2], [700.65, 62.13], [701.85, 64.71], [701.06, 66.33], [700.67, 67.83], [700.65, 68.21], [701.17, 69.39], [701.0, 70.28], [701.31, 70.62], [701.89, 70.5], [702.57, 70.71], [703.5, 70.13], [704.37, 70.14], [706.88, 71.48], [707.39, 74.08], [706.9, 74.36], [706.71, 75.1], [706.8, 76.13], [708.74, 76.8], [707.08, 76.86], [706.18, 76.02], [706.25, 73.23], [705.07, 71.18], [703.04, 71.64], [702.21, 72.08], [701.93, 73.42], [702.46, 74.82], [702.51, 76.06], [701.47, 77.48], [701.02, 79.16], [700.59, 79.7], [698.95, 80.91], [698.81, 81.83], [698.42, 82.14], [697.37, 81.7], [695.85, 81.71], [694.19, 80.68], [693.96, 79.78], [695.19, 79.65], [695.77, 80.32], [696.36, 80.1], [695.91, 80.66], [696.41, 81.03], [697.34, 80.37], [697.63, 80.38], [697.37, 79.25], [697.82, 79.35], [698.09, 79.07], [699.23, 76.77], [699.93, 76.04], [700.03, 74.37], [700.71, 73.16], [700.64, 72.78], [699.54, 71.81], [699.19, 71.19], [699.21, 67.86], [699.01, 65.92], [699.36, 65.18], [699.25, 62.76], [697.802, 64.604], [698.28, 63.81], [698.27, 62.19], [699.0, 60.71], [699.12, 58.68], [699.56, 57.29], [702.98, 51.1], [703.32, 49.79], [703.03, 48.8], [701.07, 46.57], [700.2, 46.16], [697.66, 45.59], [697.08, 45.64], [696.18, 46.03], [695.52, 46.89], [695.54, 47.78], [696.39, 49.73], [696.16, 50.85], [695.49, 51.39], [694.05, 51.74], [693.12, 52.86], [692.47, 53.2], [691.74, 53.18], [691.07, 52.81], [690.68, 52.18], [690.38, 50.58], [689.9, 50.12], [689.2, 49.91], [686.37, 50.53], [682.81, 51.9], [678.68, 51.44], [676.34, 51.81], [673.18, 53.49], [672.06, 53.33], [670.4, 53.59], [668.47, 53.47], [667.78, 53.23], [667.02, 52.46], [666.41, 52.19], [665.74, 52.21], [664.06, 52.85], [663.5, 52.74], [662.58, 52.21], [661.91, 52.15], [657.5, 53.15], [651.12, 55.55], [649.87, 56.45], [647.43, 56.86], [646.77, 57.39], [645.78, 59.51], [645.29, 60.06], [641.26, 60.98], [638.7, 60.42], [637.57, 59.16], [636.69, 58.55], [636.34, 57.91], [636.39, 57.04], [636.91, 56.34], [637.59, 56.0], [639.42, 55.75], [640.22, 55.03], [640.38, 54.39], [640.23, 53.69], [638.98, 52.47], [638.43, 52.22], [635.72, 51.77], [631.55, 51.9], [628.73, 51.26], [632.01, 53.05], [632.15, 53.43], [632.23, 54.77], [630.51, 58.64], [630.79, 58.99], [632.48, 59.45], [633.02, 60.3], [633.25, 61.69], [631.73, 63.96], [631.92, 64.6], [631.76, 65.15], [630.75, 64.45], [629.56, 64.55], [630.0, 63.88], [628.34, 63.02], [625.88, 62.98], [624.36, 62.47], [621.46, 64.55], [618.41, 65.38], [616.98, 66.49], [614.97, 67.29], [614.71, 68.07], [614.9, 68.59], [616.8, 70.42], [617.44, 71.57], [615.92, 71.61], [615.1, 72.03], [614.75, 72.63], [614.01, 72.66], [609.48, 71.16], [607.91, 71.05], [606.03, 69.85], [604.5, 69.4], [603.49, 69.51], [603.12, 70.48], [602.14, 70.73], [602.31, 71.5], [604.67, 73.51], [606.86, 73.57], [607.69, 73.97], [608.12, 75.17], [608.15, 75.51], [607.75, 75.91], [605.69, 76.61], [601.48, 75.62], [600.62, 74.65], [598.66, 73.66], [597.82, 73.83], [596.27, 73.34], [595.63, 72.71], [595.58, 71.94], [595.95, 71.69], [595.48, 71.45], [595.37, 70.48], [593.81, 68.34], [594.63, 67.75], [595.26, 66.4], [595.3, 65.89], [594.93, 65.44], [592.65, 64.01], [589.72, 63.46], [590.87, 62.87], [589.16, 62.4], [589.02, 61.63], [587.77, 61.41], [586.2, 60.4], [586.34, 59.94], [585.0, 59.47], [585.0, 59.21], [588.03, 59.51], [587.7, 59.85], [588.9, 60.77], [593.99, 61.78], [593.77, 61.98], [594.11, 62.31], [595.45, 61.99], [598.13, 63.12], [603.89, 63.76], [607.48, 64.69], [610.42, 64.83], [616.09, 63.62], [617.74, 62.86], [620.35, 60.87], [620.68, 60.42], [621.0, 58.88], [620.13, 58.58], [620.13, 57.95], [619.48, 56.24], [617.18, 55.62], [614.93, 53.96], [614.69, 53.9], [614.99, 54.44], [614.0, 54.37], [611.1, 53.05], [609.52, 52.89], [606.79, 51.14], [599.38, 48.53], [597.2, 48.08], [596.13, 48.36], [591.47, 47.95], [590.85, 48.0], [590.0, 48.83], [589.49, 48.97], [589.82, 48.0], [589.04, 48.0], [587.46, 47.09], [585.95, 46.9], [583.89, 45.62], [582.24, 45.81], [579.21, 45.35], [578.2, 45.6], [576.07, 45.65], [575.33, 45.16], [575.0, 44.34], [575.12, 43.61], [575.85, 42.44], [575.73, 41.38], [575.12, 40.76], [572.82, 39.79], [571.75, 39.92], [570.64, 40.91], [569.96, 41.21], [569.08, 41.1], [567.56, 40.15], [566.54, 40.08], [565.74, 40.33], [564.87, 41.33], [564.24, 41.66], [563.38, 41.62], [562.37, 40.92], [561.73, 40.76], [559.49, 41.62], [558.46, 41.15], [557.89, 40.06], [557.48, 39.65], [556.6, 39.27], [555.93, 39.25], [555.21, 39.63], [554.53, 40.74], [553.47, 41.58], [551.74, 42.23], [550.61, 43.1], [549.61, 43.23], [548.22, 42.44], [547.1, 42.51], [545.6, 43.17], [544.41, 44.35], [542.77, 44.41], [541.04, 45.03], [539.83, 46.53], [537.97, 47.55], [537.08, 47.56], [534.8, 46.77], [534.16, 46.96], [532.98, 47.79], [531.4, 47.66], [530.71, 47.85], [529.85, 48.62], [528.69, 48.99], [528.19, 49.34], [527.3, 50.5], [526.98, 51.96], [526.41, 52.62], [524.2, 52.96], [523.12, 54.05], [522.6, 54.32], [521.06, 54.25], [520.23, 54.66], [519.69, 55.78], [520.13, 57.2], [520.12, 57.78], [519.47, 58.73], [518.78, 58.96], [515.03, 59.29], [514.25, 59.66], [513.16, 61.78], [513.08, 63.15], [512.68, 63.91], [512.07, 64.29], [510.86, 64.57], [510.06, 65.3], [508.82, 65.78], [508.18, 66.4], [507.9, 67.16], [508.02, 68.51], [507.58, 69.29], [507.08, 69.61], [506.09, 69.76], [504.88, 70.26], [503.74, 71.82], [501.74, 72.86], [500.89, 73.67], [499.6, 74.19], [498.673, 75.0], [445.34, 62.34], [445.19, 61.35], [444.7, 60.74], [443.57, 60.28], [442.99, 59.78], [442.06, 58.2], [440.01, 57.14], [439.15, 57.18], [437.72, 57.99], [436.56, 58.1], [435.59, 58.77], [434.66, 59.14], [433.8, 59.01], [432.65, 58.28], [431.69, 58.34], [430.51, 59.2], [429.03, 59.5], [428.23, 60.29], [427.17, 60.83], [426.46, 61.56], [425.26, 62.02], [424.24, 63.39], [424.24, 63.39], [388.73, 56.78], [388.75, 55.91], [388.4, 55.12], [387.27, 53.91], [387.08, 52.75], [387.43, 51.6], [387.44, 50.17], [388.11, 48.35], [388.5, 47.72], [389.46, 46.88], [389.8, 46.19], [389.63, 44.16], [389.9, 42.68], [389.59, 41.75], [388.88, 41.09], [388.04, 40.84], [386.66, 41.04], [385.88, 40.89], [384.5, 39.65], [382.78, 38.6], [378.94, 38.33], [378.2, 38.08], [377.41, 37.23], [376.83, 35.05], [375.78, 34.19], [371.62, 33.99], [370.21, 34.18], [366.66, 34.18], [365.4, 34.47], [363.78, 35.23], [361.29, 34.81], [359.78, 35.24], [357.94, 35.29], [355.98, 36.84], [354.91, 38.21], [353.86, 38.63], [349.88, 37.66], [349.04, 37.82], [347.98, 38.52], [347.38, 38.7], [346.27, 38.72], [344.68, 38.23], [342.79, 38.55], [341.15, 37.78], [340.37, 37.65], [337.27, 38.03], [335.48, 38.93], [333.13, 38.81], [332.36, 39.24], [331.26, 40.52], [329.72, 41.02], [327.98, 42.07], [327.56, 42.62], [327.1, 43.76], [325.4, 46.09], [324.52, 46.49], [322.81, 46.53], [321.16, 46.91], [320.13, 47.87], [319.87, 49.09], [320.11, 49.83], [320.68, 50.48], [321.29, 50.78], [322.69, 51.05], [323.5, 51.6], [323.89, 52.27], [324.24, 53.73], [325.16, 54.58], [326.01, 54.77], [328.7, 54.47], [331.64, 54.88], [335.18, 56.14], [336.29, 57.73], [337.39, 58.52], [338.32, 59.48], [338.8, 60.78], [340.56, 63.96], [340.84, 65.25], [329.16, 68.16], [329.16, 68.16], [328.84, 67.54], [328.33, 67.06], [326.08, 66.47], [324.96, 65.46], [323.37, 64.95], [322.0, 63.62], [320.72, 63.16], [319.63, 62.43], [318.98, 62.28], [317.86, 62.36], [317.12, 62.14], [316.28, 61.49], [315.69, 60.44], [315.04, 59.86], [314.3, 59.62], [312.49, 59.46], [310.52, 58.54], [309.98, 57.98], [309.05, 56.33], [308.45, 55.79], [307.69, 55.52], [306.04, 55.46], [304.55, 54.34], [302.56, 53.5], [299.69, 53.53], [298.17, 52.59], [297.38, 52.36], [291.34, 52.17], [289.44, 52.64], [288.27, 52.49], [286.73, 51.96], [284.15, 51.63], [283.23, 51.9], [282.57, 52.53], [282.23, 53.43], [282.32, 54.29], [282.84, 55.1], [284.25, 56.22], [286.86, 56.78], [288.72, 58.01], [290.73, 58.02], [292.47, 59.04], [293.92, 59.18], [294.5, 59.41], [295.41, 60.18], [296.61, 60.77], [298.6, 62.75], [299.45, 63.83], [299.75, 64.74], [299.51, 65.85], [298.53, 67.19], [296.42, 68.66], [295.97, 69.18], [295.69, 70.12], [295.92, 71.43], [295.76, 72.4], [293.76, 74.75], [292.89, 75.22], [292.1, 75.26], [291.36, 74.99], [290.52, 74.28], [289.89, 73.99], [288.38, 73.56], [286.98, 73.59], [285.2, 74.82], [284.68, 75.51], [284.52, 76.64], [285.01, 77.67], [285.98, 78.27], [288.01, 78.5], [290.33, 77.85], [291.54, 76.34], [292.17, 75.87], [292.93, 75.67], [293.71, 75.79], [295.26, 76.86], [297.53, 77.39], [298.62, 78.65], [300.01, 79.71], [302.93, 81.21], [303.35, 81.66], [303.98, 82.9], [305.64, 84.54], [305.714, 84.569], [307.519, 93.595], [306.5, 92.81], [303.96, 92.32], [303.27, 92.02], [302.52, 91.36], [301.39, 89.63], [299.83, 88.85], [298.84, 87.7], [297.6, 86.89], [296.28, 86.68], [294.42, 87.49], [293.67, 87.62], [292.37, 87.31], [290.93, 87.31], [287.65, 86.2], [286.61, 86.03], [285.88, 86.11], [284.33, 86.72], [283.52, 86.71], [275.61, 82.81], [270.78, 81.52], [270.08, 81.18], [269.56, 80.6], [269.3, 79.87], [269.34, 79.09], [270.06, 77.38], [269.95, 76.53], [269.56, 75.87], [268.15, 74.7], [265.79, 73.85], [264.32, 73.78], [262.82, 73.21], [261.45, 73.3], [260.54, 73.04], [259.96, 72.54], [259.61, 71.85], [259.58, 69.97], [259.89, 69.25], [260.46, 68.7], [262.18, 68.2], [263.38, 67.15], [264.29, 66.8], [265.44, 67.01], [267.76, 68.71], [268.51, 68.85], [269.26, 68.69], [271.61, 67.5], [272.95, 66.15], [273.42, 65.12], [273.25, 64.0], [272.81, 63.39], [271.65, 62.46], [270.22, 60.64], [270.0, 59.92], [270.02, 58.56], [269.53, 57.6], [267.89, 56.56], [266.29, 56.08], [265.6, 55.4], [265.31, 54.29], [265.68, 52.93], [265.65, 52.16], [264.24, 49.9], [263.24, 49.37], [260.25, 49.08], [259.61, 48.66], [258.74, 47.56], [258.06, 47.19], [255.1, 46.86], [251.96, 46.97], [249.4, 46.77], [247.72, 47.26], [246.37, 47.03], [243.43, 46.99], [241.92, 47.24], [241.08, 47.72], [240.4, 48.67], [240.06, 50.99], [240.17, 51.76], [240.81, 53.13], [240.59, 54.45], [239.76, 55.25], [238.04, 55.6], [237.24, 56.17], [236.77, 57.24], [237.09, 59.07], [236.75, 60.21], [235.08, 61.64], [233.96, 62.35], [232.8, 64.03], [231.69, 64.43], [230.9, 64.31], [229.73, 63.53], [229.0, 63.31], [227.0, 63.66], [224.89, 63.0], [222.54, 63.32], [219.25, 62.86], [215.34, 63.41], [213.09, 63.17], [209.98, 61.78], [208.26, 61.9], [206.96, 61.74], [205.8, 60.87], [205.38, 59.81], [205.71, 58.53], [207.02, 57.4], [207.46, 56.45], [207.43, 54.53], [207.13, 53.91], [206.56, 53.37], [205.83, 53.09], [202.29, 52.69], [199.18, 52.81], [198.12, 52.49], [193.84, 51.87], [191.78, 50.85], [187.89, 49.47], [186.38, 48.59], [185.44, 48.33], [184.67, 48.42], [183.98, 48.81], [183.09, 50.34], [182.54, 50.89], [180.58, 51.68], [179.29, 51.38], [177.85, 49.51], [176.94, 48.96], [176.09, 48.75], [175.39, 48.8], [174.47, 49.18], [173.09, 50.33], [171.97, 50.6], [170.89, 50.21], [170.06, 49.25], [169.42, 48.84], [167.09, 48.57], [166.46, 48.78], [165.42, 49.49], [164.75, 50.44], [164.65, 51.22], [164.92, 52.06], [165.43, 52.65], [166.14, 52.99], [167.03, 53.06], [169.32, 52.8], [169.94, 52.48], [170.95, 51.52], [172.09, 51.26], [173.02, 51.56], [174.49, 52.85], [176.68, 53.12], [177.55, 53.55], [178.17, 54.52], [178.38, 56.54], [178.28, 57.32], [177.79, 58.12], [178.66, 57.94], [179.6, 58.18], [181.65, 59.97], [182.15, 60.81], [182.19, 61.79], [181.76, 62.67], [180.96, 63.24], [180.19, 63.38], [177.9, 63.08], [176.86, 62.26], [176.55, 61.35], [176.64, 59.71], [177.22, 58.51], [176.12, 58.68], [174.13, 58.22], [172.4, 58.6], [169.11, 58.45], [166.36, 58.07], [159.75, 57.01], [156.99, 55.58], [154.71, 55.1], [152.59, 55.07], [151.03, 56.17], [150.24, 56.39], [149.16, 56.33], [147.77, 55.89], [145.99, 56.12], [145.0, 55.76], [144.4, 55.24], [144.01, 54.33], [144.04, 53.53], [144.51, 52.66], [145.34, 52.12], [148.17, 51.46], [149.57, 50.43], [150.98, 49.95], [151.86, 49.12], [152.17, 48.08], [151.77, 46.86], [150.61, 45.99], [145.09, 45.02], [140.97, 45.06], [140.21, 45.3], [139.67, 45.75], [138.28, 47.5], [137.99, 48.14], [138.01, 49.29], [138.96, 50.74], [139.14, 51.68], [138.75, 52.77], [137.69, 53.74], [136.83, 54.07], [135.14, 53.88], [133.59, 54.22], [131.32, 55.75], [130.52, 55.87], [129.43, 55.72], [128.68, 55.91], [127.45, 56.53], [126.35, 57.6], [125.42, 57.9], [124.46, 57.72], [123.09, 56.53], [120.42, 55.31], [119.66, 55.36], [118.97, 55.69], [117.96, 57.17], [117.15, 57.77], [116.36, 57.92], [114.52, 57.84], [111.18, 56.95], [107.26, 55.04], [105.05, 54.59], [101.08, 54.41], [98.49, 53.5], [97.14, 52.76], [95.95, 52.45], [91.45, 52.97], [89.91, 52.82], [88.03, 52.19], [82.94, 51.94], [81.71, 51.48], [80.57, 51.37], [78.16, 50.69], [76.62, 50.65], [75.3, 50.89], [74.01, 50.72], [72.44, 51.02], [71.1, 50.94], [69.3, 50.17], [68.33, 49.24], [67.55, 48.89], [66.61, 48.81], [64.04, 49.29], [61.22, 48.57], [59.3, 48.91], [58.39, 48.6], [57.23, 47.73], [56.27, 47.59], [53.3, 49.02], [49.74, 49.52], [48.12, 49.49], [44.35, 51.5], [41.05, 52.07], [38.67, 53.95], [37.79, 55.76], [36.83, 56.62], [34.7, 57.59], [31.89, 57.78], [30.87, 58.34], [30.45, 59.0], [30.32, 59.78], [30.53, 60.63], [31.01, 61.24], [35.1, 63.52], [36.68, 65.66], [39.03, 66.06], [40.26, 65.95], [42.18, 66.41], [43.08, 67.35], [43.33, 68.51], [43.18, 69.1], [42.73, 69.76], [41.42, 70.45], [36.58, 70.27], [35.61, 69.75], [34.75, 68.67], [33.6, 68.45], [32.37, 68.82], [31.05, 69.91], [29.29, 70.32], [28.51, 71.06], [28.23, 72.0], [28.35, 72.77], [28.9, 73.94], [28.87, 75.38], [29.09, 76.14], [30.1, 77.05], [32.61, 77.51], [34.98, 76.98], [37.8, 76.88], [39.51, 77.18], [41.65, 76.22], [42.44, 76.14], [43.53, 76.6], [44.1, 77.41], [44.66, 79.92], [44.648, 79.981], [10.0, 78.108], [10.0, 10.0]], [[242.75, 31.98], [243.05, 32.7], [243.04, 33.48], [242.3, 34.85], [241.28, 35.44], [239.59, 35.45], [238.71, 35.8], [237.55, 37.42], [237.34, 38.38], [237.71, 39.48], [238.55, 40.16], [240.25, 40.78], [242.86, 40.78], [245.19, 40.14], [246.36, 39.11], [247.08, 38.79], [253.13, 38.73], [253.81, 38.51], [255.26, 37.57], [257.5, 37.4], [258.45, 36.62], [259.26, 34.78], [260.28, 34.2], [265.07, 34.1], [266.78, 33.52], [269.27, 33.79], [270.82, 33.71], [271.55, 33.46], [273.8, 32.04], [276.2, 31.99], [278.58, 31.33], [280.98, 31.02], [281.69, 30.63], [283.05, 29.27], [283.42, 28.59], [283.49, 27.81], [283.06, 26.74], [281.99, 26.04], [275.86, 25.79], [274.37, 25.54], [270.87, 25.79], [269.34, 25.56], [268.16, 25.6], [266.04, 26.28], [263.49, 25.82], [262.1, 25.8], [261.34, 26.04], [260.28, 26.77], [259.5, 26.91], [255.7, 26.13], [251.2, 26.04], [249.93, 26.45], [248.21, 26.45], [245.81, 26.86], [245.12, 27.23], [243.99, 28.33], [243.04, 28.6], [242.08, 28.38], [241.12, 27.58], [240.43, 27.28], [237.4, 27.12], [236.64, 27.32], [236.08, 27.73], [235.7, 28.31], [235.53, 29.08], [235.68, 29.85], [236.19, 30.73], [236.75, 31.23], [237.37, 31.46], [238.79, 31.48], [241.3, 31.08], [242.04, 31.32], [242.75, 31.98]]]}}, {"type": "Feature", "properties": {"id": "MR-OC-IND", "name_ru": "Индийский океан", "type": "OCEAN", "parent": null, "area_cm2": 735.8, "parts": 2, "U_cm2": 573.9, "U_over_A": 0.78}, "geometry": {"type": "MultiPolygon", "coordinates": [[[[816.33, 273.47], [815.895, 272.0], [890.0, 272.0], [890.0, 540.0], [881.03, 540.0], [874.83, 515.45], [872.14, 505.84], [869.45, 497.24], [867.66, 492.17], [865.23, 486.33], [863.35, 487.42], [862.69, 487.41], [862.1, 487.81], [861.92, 488.49], [861.42, 489.05], [858.59, 489.19], [856.91, 488.57], [855.27, 489.05], [853.93, 490.17], [853.72, 490.82], [853.76, 491.53], [852.85, 492.45], [851.48, 492.94], [851.13, 493.37], [850.31, 494.97], [849.81, 497.1], [849.28, 497.61], [848.05, 498.08], [847.93, 498.49], [846.3, 499.4], [845.22, 500.5], [842.19, 501.13], [841.0, 502.2], [841.0, 503.72], [839.27, 504.69], [837.26, 504.28], [837.07, 503.9], [838.12, 503.1], [839.56, 498.81], [841.18, 496.04], [843.4, 494.43], [844.24, 492.93], [844.41, 491.69], [844.17, 491.25], [843.8, 491.21], [842.57, 491.6], [840.92, 491.65], [839.12, 490.97], [841.55, 489.0], [843.06, 489.38], [843.96, 489.13], [844.24, 488.17], [843.42, 487.33], [843.49, 486.89], [844.73, 486.7], [845.42, 486.25], [845.15, 485.31], [845.46, 484.89], [845.2, 484.55], [845.16, 484.01], [846.36, 482.77], [845.35, 480.85], [845.49, 480.05], [845.23, 479.59], [841.95, 480.17], [838.88, 479.61], [834.97, 479.38], [829.61, 478.44], [828.38, 478.52], [826.92, 479.07], [823.25, 478.58], [821.04, 477.88], [817.76, 478.33], [816.39, 477.17], [813.43, 476.2], [811.12, 476.47], [809.51, 477.33], [808.57, 477.04], [810.14, 476.01], [810.38, 475.49], [810.31, 475.14], [809.49, 474.44], [809.88, 474.34], [811.29, 474.83], [812.26, 474.38], [811.39, 473.52], [810.06, 473.29], [807.21, 471.39], [802.89, 470.96], [798.13, 471.69], [793.99, 473.62], [793.76, 474.34], [793.92, 475.02], [794.5, 475.32], [794.72, 476.81], [794.58, 477.01], [793.12, 476.93], [791.1, 475.87], [789.99, 475.85], [789.02, 476.33], [789.68, 477.12], [791.03, 477.16], [789.46, 478.49], [789.51, 479.73], [789.25, 480.33], [788.78, 480.61], [788.64, 479.69], [788.34, 479.3], [787.67, 479.13], [786.42, 479.43], [785.43, 478.73], [786.19, 477.99], [786.05, 477.77], [783.94, 477.35], [783.29, 477.96], [783.3, 478.29], [783.61, 478.55], [783.51, 478.93], [781.3, 479.47], [780.31, 479.45], [778.11, 480.49], [774.35, 481.1], [772.88, 482.26], [770.07, 483.0], [768.64, 483.95], [767.03, 484.32], [766.1, 485.05], [765.67, 487.13], [763.42, 489.76], [763.49, 490.51], [762.46, 489.99], [761.51, 488.94], [760.56, 488.49], [758.77, 488.87], [757.36, 488.09], [754.09, 488.29], [753.73, 488.09], [753.49, 487.41], [752.06, 485.63], [749.97, 485.65], [749.86, 485.29], [751.05, 484.25], [750.98, 483.85], [749.05, 483.71], [748.13, 483.79], [746.85, 484.61], [746.65, 485.54], [747.55, 486.92], [747.78, 488.03], [747.3, 489.32], [746.8, 489.74], [743.49, 490.76], [739.82, 491.09], [736.91, 492.38], [730.48, 494.36], [729.08, 494.44], [725.84, 493.78], [724.85, 492.93], [724.85, 492.17], [723.89, 491.61], [723.3, 491.57], [722.93, 492.34], [722.24, 493.01], [721.1, 493.41], [719.23, 492.89], [719.11, 492.65], [719.55, 492.28], [719.47, 491.89], [718.39, 491.1], [717.71, 490.91], [716.73, 491.98], [716.02, 493.56], [711.59, 493.89], [711.2, 493.82], [710.57, 492.79], [711.02, 491.06], [710.52, 490.69], [708.99, 491.05], [708.45, 492.08], [708.16, 492.18], [704.39, 491.53], [704.06, 490.66], [703.52, 490.39], [702.57, 490.61], [701.99, 491.2], [696.7, 491.29], [695.3, 490.77], [694.68, 489.98], [693.51, 490.03], [693.43, 490.27], [694.32, 490.7], [693.07, 491.41], [691.05, 493.21], [689.1, 492.85], [687.09, 492.04], [685.48, 490.95], [684.23, 490.57], [683.36, 491.51], [682.58, 491.88], [680.32, 491.35], [679.59, 491.97], [673.49, 492.71], [664.95, 494.28], [661.3, 495.51], [658.42, 497.5], [657.84, 497.12], [657.48, 495.85], [657.02, 495.47], [656.62, 495.55], [656.26, 496.02], [654.5, 496.23], [652.91, 495.72], [649.97, 495.96], [643.56, 495.74], [643.66, 494.97], [644.97, 493.62], [644.69, 493.11], [644.05, 492.96], [641.64, 493.56], [640.18, 493.3], [639.2, 493.55], [638.88, 494.0], [639.56, 494.82], [639.64, 495.28], [639.31, 496.74], [638.77, 497.15], [636.82, 497.32], [635.27, 495.06], [632.95, 493.93], [632.5, 493.98], [632.26, 494.19], [632.33, 494.38], [633.13, 494.86], [631.83, 495.61], [631.02, 496.78], [630.63, 496.81], [628.08, 495.58], [626.95, 496.03], [627.49, 497.05], [629.66, 497.83], [630.53, 497.7], [630.66, 498.36], [629.23, 500.67], [625.9, 501.65], [624.67, 502.36], [621.76, 502.12], [622.56, 503.34], [621.7, 503.89], [619.87, 503.55], [618.3, 503.77], [616.07, 505.26], [615.84, 506.25], [617.4, 506.77], [616.48, 507.26], [616.64, 507.48], [617.9, 507.62], [620.93, 507.19], [621.03, 507.58], [618.1, 509.71], [616.08, 509.34], [613.4, 509.59], [611.31, 512.28], [610.52, 512.64], [609.9, 513.5], [610.52, 514.17], [611.09, 514.36], [607.92, 514.85], [605.27, 514.63], [604.48, 515.09], [602.75, 515.5], [601.41, 515.45], [601.24, 513.31], [587.91, 516.03], [579.17, 485.47], [579.38, 485.39], [579.43, 484.85], [579.94, 484.47], [582.01, 484.54], [582.62, 484.37], [584.16, 483.76], [586.77, 482.21], [590.07, 479.67], [592.15, 477.6], [593.77, 476.42], [595.44, 474.4], [598.3, 469.94], [599.78, 468.48], [600.61, 468.16], [601.76, 467.03], [602.29, 466.02], [603.46, 461.46], [603.69, 458.98], [603.33, 459.59], [602.48, 458.72], [603.15, 457.52], [605.0, 456.25], [610.46, 454.21], [611.0, 453.85], [611.94, 452.61], [612.28, 451.45], [611.71, 451.37], [612.39, 448.58], [612.11, 447.57], [612.28, 446.38], [612.0, 445.76], [611.76, 446.89], [611.53, 446.7], [611.37, 444.22], [610.91, 443.37], [610.43, 441.41], [609.51, 440.3], [609.68, 438.14], [609.32, 437.74], [610.0, 438.14], [610.32, 438.11], [611.7, 437.05], [613.32, 435.38], [614.23, 434.88], [614.6, 434.94], [614.69, 434.47], [614.9, 434.72], [615.15, 434.64], [615.61, 433.8], [616.8, 432.51], [616.94, 432.06], [618.84, 430.65], [620.94, 429.56], [622.68, 428.92], [624.06, 428.66], [624.59, 428.07], [626.59, 426.88], [626.41, 426.41], [627.05, 426.17], [627.46, 425.34], [628.96, 423.66], [629.26, 422.95], [629.15, 422.46], [629.88, 421.37], [629.81, 420.26], [629.51, 420.11], [629.24, 420.51], [629.47, 419.41], [629.07, 419.1], [628.97, 415.28], [628.53, 415.29], [628.92, 414.74], [629.01, 414.11], [628.7, 413.64], [628.84, 412.02], [628.42, 409.78], [629.06, 408.09], [628.69, 407.89], [629.1, 407.53], [628.37, 406.53], [627.37, 405.91], [627.04, 405.92], [626.64, 405.47], [626.19, 405.41], [626.38, 405.12], [625.86, 403.44], [625.91, 402.73], [625.28, 401.9], [625.4, 401.63], [625.03, 401.15], [624.79, 400.23], [625.24, 398.79], [625.2, 398.13], [624.88, 397.91], [624.73, 398.04], [624.74, 397.14], [625.59, 395.48], [625.34, 394.98], [624.73, 394.78], [624.19, 393.91], [623.36, 393.18], [623.13, 392.32], [623.17, 391.68], [624.54, 387.67], [625.03, 387.54], [625.41, 387.06], [626.5, 384.74], [626.64, 384.05], [627.49, 382.97], [627.75, 382.2], [627.7, 381.53], [628.03, 380.89], [628.45, 380.65], [629.25, 380.59], [629.81, 380.1], [630.17, 379.44], [630.06, 378.88], [630.27, 378.99], [630.41, 378.64], [630.78, 378.74], [631.71, 378.35], [632.86, 376.89], [633.68, 375.36], [639.45, 369.33], [643.45, 366.16], [647.21, 363.94], [649.96, 361.24], [653.6, 357.2], [657.19, 351.57], [657.81, 349.55], [659.24, 347.3], [659.9, 345.64], [660.74, 344.84], [661.81, 342.7], [663.16, 340.71], [663.57, 337.78], [664.47, 337.49], [665.01, 337.66], [664.99, 337.35], [664.46, 337.07], [664.42, 337.32], [663.92, 337.43], [664.34, 336.72], [664.5, 334.48], [665.31, 332.89], [663.99, 332.45], [663.45, 332.61], [662.79, 333.33], [661.72, 334.04], [658.64, 335.08], [655.3, 335.75], [653.28, 335.75], [649.69, 336.87], [647.04, 336.65], [643.74, 337.89], [641.35, 337.83], [639.79, 337.0], [638.15, 335.47], [637.1, 334.81], [636.26, 334.69], [635.12, 334.83], [635.04, 334.63], [635.41, 334.7], [635.86, 334.2], [637.59, 333.45], [637.86, 332.97], [637.69, 332.37], [638.17, 332.03], [638.66, 331.04], [638.53, 331.46], [639.22, 331.42], [640.48, 332.03], [645.11, 332.69], [645.94, 333.12], [647.96, 333.57], [649.15, 333.35], [650.62, 333.41], [652.49, 332.74], [655.86, 333.14], [658.78, 333.19], [661.8, 332.36], [664.73, 330.67], [665.86, 330.82], [667.39, 330.34], [669.61, 328.64], [671.17, 327.89], [673.65, 326.94], [674.77, 326.77], [676.55, 325.9], [680.01, 324.88], [682.01, 323.66], [684.29, 322.64], [684.45, 321.33], [684.88, 320.34], [686.53, 318.87], [689.82, 317.54], [691.27, 317.36], [693.39, 316.09], [695.6, 315.88], [696.5, 316.17], [697.9, 315.76], [699.02, 314.41], [698.98, 313.11], [700.01, 311.81], [704.14, 311.03], [704.91, 310.11], [705.42, 307.92], [706.2, 307.05], [707.76, 306.26], [710.0, 305.74], [710.48, 304.82], [710.18, 302.18], [710.9, 299.23], [712.12, 297.7], [713.56, 297.44], [714.12, 297.05], [715.39, 294.4], [717.64, 292.13], [719.51, 288.33], [719.58, 287.63], [719.37, 287.06], [717.6, 285.97], [714.77, 281.77], [714.08, 281.38], [712.83, 281.41], [707.96, 280.0], [706.59, 278.84], [705.38, 277.17], [704.16, 274.32], [704.09, 271.43], [703.79, 271.0], [704.15, 270.19], [704.35, 267.33], [703.85, 267.94], [703.19, 268.08], [702.15, 270.26], [700.26, 271.84], [698.38, 274.25], [696.76, 275.45], [695.13, 278.25], [694.0, 278.82], [692.44, 279.37], [687.07, 278.94], [684.67, 279.91], [683.4, 279.69], [683.02, 278.4], [682.55, 278.42], [682.28, 277.95], [681.96, 278.22], [680.95, 277.94], [681.43, 276.93], [680.77, 276.53], [681.47, 276.2], [682.27, 274.17], [681.73, 271.71], [682.16, 270.36], [682.05, 269.72], [680.8, 268.43], [679.62, 269.34], [678.48, 272.41], [678.91, 275.07], [678.72, 275.59], [677.6, 274.05], [677.12, 272.28], [676.12, 271.24], [675.41, 269.46], [675.19, 268.68], [675.76, 268.73], [676.03, 267.65], [675.9, 267.14], [675.17, 266.51], [675.07, 265.72], [675.73, 265.8], [674.97, 264.94], [673.74, 264.28], [672.93, 263.26], [672.34, 263.11], [671.31, 261.77], [671.59, 261.48], [669.57, 260.26], [669.63, 259.37], [666.75, 253.7], [666.16, 251.74], [664.68, 251.55], [665.78, 250.38], [666.56, 250.6], [665.82, 248.32], [666.53, 248.16], [667.95, 248.69], [669.7, 248.19], [670.1, 247.74], [669.97, 246.65], [670.65, 246.01], [670.49, 245.71], [671.51, 245.89], [671.61, 246.2], [671.34, 246.4], [670.48, 246.41], [672.98, 248.21], [675.33, 247.31], [675.78, 248.76], [678.04, 251.38], [678.15, 252.81], [679.06, 253.24], [679.01, 254.26], [679.88, 255.01], [680.02, 256.13], [680.87, 258.11], [682.3, 259.5], [684.36, 259.71], [686.38, 260.79], [687.34, 262.32], [690.86, 264.31], [692.03, 265.46], [694.45, 265.59], [696.27, 266.56], [697.44, 266.31], [699.24, 265.12], [699.82, 265.19], [700.82, 264.09], [702.13, 263.75], [702.94, 263.19], [704.05, 262.89], [705.75, 263.27], [706.57, 263.96], [707.15, 264.96], [707.49, 267.19], [708.49, 270.19], [711.35, 270.73], [712.56, 271.18], [715.07, 271.26], [716.43, 271.82], [718.02, 271.54], [719.11, 271.86], [721.34, 271.93], [723.13, 271.53], [724.16, 271.81], [726.74, 271.9], [727.29, 271.69], [727.86, 271.08], [729.43, 270.03], [730.72, 268.27], [731.63, 267.55], [734.36, 263.3], [736.08, 259.21], [736.32, 257.86], [737.64, 254.22], [738.9, 252.5], [739.21, 251.39], [739.68, 250.59], [741.02, 249.11], [741.69, 248.94], [742.35, 249.17], [743.57, 250.78], [744.03, 253.11], [744.43, 253.48], [745.36, 253.79], [745.81, 254.14], [746.47, 256.31], [748.13, 258.01], [748.16, 258.83], [747.4, 259.85], [747.3, 260.63], [749.61, 264.66], [750.22, 265.08], [750.9, 265.08], [752.49, 263.85], [753.14, 263.63], [753.9, 263.86], [754.31, 264.41], [754.42, 265.38], [754.02, 268.68], [754.28, 270.5], [754.58, 271.33], [754.36, 273.12], [755.29, 282.84], [755.98, 284.52], [756.24, 286.42], [757.15, 288.72], [757.67, 291.65], [757.96, 296.03], [758.48, 297.8], [759.24, 299.21], [760.06, 302.11], [760.45, 304.64], [760.49, 307.64], [760.92, 309.52], [762.06, 311.56], [762.86, 312.02], [763.55, 311.89], [764.06, 311.41], [764.46, 309.47], [764.85, 308.82], [765.71, 308.02], [766.6, 304.59], [767.37, 303.78], [767.59, 303.29], [767.48, 299.34], [767.73, 297.77], [768.5, 295.14], [768.75, 293.03], [768.33, 291.72], [768.33, 288.42], [768.06, 286.29], [768.46, 284.02], [768.98, 283.39], [769.93, 282.83], [770.58, 281.8], [771.52, 281.4], [772.19, 280.8], [772.42, 280.16], [772.32, 279.25], [772.45, 278.68], [774.01, 276.8], [774.91, 275.13], [775.73, 274.19], [776.94, 271.22], [777.69, 270.1], [777.99, 268.97], [778.51, 268.53], [779.68, 268.16], [780.68, 266.77], [781.16, 265.32], [780.84, 263.44], [781.24, 262.32], [783.1, 260.84], [785.95, 260.42], [787.24, 259.73], [788.09, 258.53], [788.63, 258.34], [789.2, 258.42], [789.67, 258.76], [789.92, 259.25], [790.44, 263.47], [791.53, 266.46], [793.24, 268.09], [793.94, 269.87], [793.81, 271.24], [794.42, 272.55], [795.1, 276.9], [794.6, 280.34], [794.75, 281.02], [795.68, 282.38], [796.61, 282.69], [797.22, 282.46], [797.99, 281.7], [798.51, 280.71], [799.02, 280.27], [799.82, 280.13], [800.53, 280.52], [800.82, 281.16], [800.74, 282.66], [800.95, 283.45], [801.14, 286.86], [801.61, 287.94], [802.36, 288.47], [804.93, 288.49], [805.73, 288.92], [806.01, 289.56], [806.1, 291.52], [807.01, 292.79], [807.12, 294.66], [807.59, 295.16], [808.79, 295.6], [810.11, 297.19], [810.84, 298.79], [811.23, 300.43], [812.07, 301.38], [812.47, 302.82], [813.34, 303.5], [813.87, 304.33], [814.86, 305.22], [815.38, 305.37], [816.67, 305.28], [817.14, 304.94], [818.08, 303.62], [819.75, 303.07], [822.2, 300.1], [822.7, 298.73], [822.67, 295.56], [823.0, 294.46], [822.72, 293.04], [822.76, 290.85], [822.43, 287.71], [821.97, 285.27], [821.45, 284.36], [820.92, 282.78], [818.86, 279.61], [817.52, 276.85], [817.39, 275.46], [816.33, 273.47]], [[617.36, 448.48], [616.81, 450.0], [615.72, 451.63], [615.35, 452.67], [614.36, 453.26], [613.66, 455.18], [613.55, 456.33], [613.72, 457.2], [613.89, 458.06], [614.59, 459.02], [615.1, 460.52], [614.85, 461.24], [615.0, 463.33], [615.75, 464.27], [616.17, 465.46], [617.19, 466.21], [618.73, 466.56], [620.05, 467.38], [621.05, 467.36], [623.19, 466.19], [625.09, 465.91], [626.1, 465.33], [626.57, 464.68], [627.82, 461.61], [628.97, 456.91], [630.46, 453.24], [632.34, 447.15], [633.8, 443.15], [634.18, 441.69], [634.1, 439.52], [634.59, 438.51], [635.16, 438.13], [635.05, 437.76], [635.4, 437.04], [635.38, 436.26], [634.98, 435.65], [634.82, 433.8], [635.09, 433.56], [635.58, 433.59], [636.25, 435.05], [636.63, 435.26], [637.53, 433.33], [637.4, 432.55], [636.72, 431.15], [636.51, 428.83], [635.72, 425.56], [633.64, 422.38], [633.29, 422.25], [632.39, 423.49], [631.91, 423.6], [632.35, 424.82], [631.95, 426.28], [630.65, 427.19], [630.15, 427.8], [629.44, 427.38], [628.96, 427.84], [628.98, 428.26], [629.29, 428.6], [628.55, 429.96], [628.68, 430.55], [629.18, 430.97], [628.55, 430.85], [627.57, 432.11], [627.41, 432.07], [627.63, 431.47], [627.53, 431.12], [627.16, 431.3], [626.3, 432.58], [626.32, 433.52], [626.08, 433.57], [625.8, 432.8], [624.24, 433.74], [623.75, 434.4], [623.79, 434.74], [624.12, 435.02], [623.98, 435.12], [623.18, 434.48], [621.65, 434.72], [621.32, 435.34], [620.47, 435.48], [620.07, 435.18], [619.03, 435.95], [617.48, 436.2], [617.42, 437.76], [615.96, 440.07], [615.84, 440.71], [616.16, 443.07], [616.8, 444.56], [616.82, 445.67], [617.51, 446.84], [617.36, 448.48]]], [[[160.0, 521.092], [160.0, 540.0], [10.0, 540.0], [10.0, 271.976], [178.0, 270.0], [162.799, 309.087], [162.02, 303.26], [161.29, 301.23], [160.59, 300.44], [160.93, 297.51], [159.99, 297.22], [159.42, 296.4], [158.97, 290.48], [157.86, 288.46], [158.11, 287.4], [157.39, 287.06], [156.75, 288.54], [155.97, 289.07], [154.96, 298.35], [154.51, 297.69], [153.62, 300.84], [153.57, 302.01], [154.42, 302.74], [154.8, 304.09], [154.76, 304.62], [154.08, 304.42], [153.25, 305.8], [153.41, 308.45], [152.56, 312.96], [153.16, 315.94], [152.81, 318.59], [153.31, 323.51], [152.46, 328.11], [152.27, 332.0], [151.68, 335.3], [150.08, 339.92], [149.42, 343.27], [147.85, 345.03], [145.52, 345.68], [141.66, 342.55], [140.49, 338.95], [136.75, 337.44], [135.12, 335.41], [134.09, 333.37], [130.65, 330.4], [129.59, 330.53], [129.16, 330.03], [129.2, 328.78], [128.6, 328.96], [127.17, 327.81], [126.75, 326.42], [123.06, 322.39], [122.83, 321.01], [125.17, 315.94], [125.52, 314.11], [125.69, 313.06], [125.39, 308.82], [127.18, 307.43], [128.0, 308.16], [128.66, 306.31], [128.37, 304.47], [130.39, 300.83], [130.14, 299.94], [129.27, 299.79], [128.39, 297.54], [127.92, 297.49], [126.97, 299.34], [127.35, 300.46], [127.02, 301.53], [126.14, 301.43], [125.78, 299.5], [125.44, 299.17], [124.49, 299.92], [124.29, 299.65], [125.2, 297.83], [124.93, 297.48], [125.36, 296.43], [121.91, 299.75], [120.99, 299.52], [119.52, 297.76], [117.99, 298.34], [115.47, 296.49], [113.65, 296.35], [111.95, 295.43], [110.85, 292.93], [110.34, 292.79], [109.49, 293.75], [107.78, 291.39], [107.43, 291.22], [106.9, 292.12], [105.95, 291.03], [105.27, 292.05], [106.79, 293.71], [108.47, 293.63], [109.44, 294.95], [109.23, 298.19], [109.63, 298.93], [108.64, 299.02], [108.15, 300.37], [107.38, 299.45], [106.45, 300.25], [105.59, 299.84], [103.39, 300.22], [102.91, 299.65], [102.67, 298.46], [102.32, 299.39], [101.33, 299.69], [101.35, 300.77], [100.62, 300.97], [100.59, 302.57], [99.94, 301.48], [99.39, 301.51], [99.36, 303.32], [98.3, 303.66], [97.9, 305.29], [97.16, 305.92], [97.0, 307.49], [97.61, 308.81], [97.0, 310.03], [95.55, 311.08], [94.91, 314.49], [93.69, 316.44], [93.29, 317.94], [94.42, 319.35], [94.86, 319.33], [94.4, 320.08], [95.6, 321.6], [94.56, 321.79], [94.55, 324.21], [93.69, 322.48], [92.75, 321.96], [92.49, 324.38], [92.24, 322.93], [91.72, 322.07], [89.36, 321.15], [88.54, 321.6], [87.39, 323.4], [87.78, 325.54], [87.3, 324.93], [86.87, 325.79], [86.93, 323.77], [87.51, 320.95], [83.88, 314.92], [81.16, 312.51], [80.53, 312.88], [80.56, 314.28], [79.52, 316.0], [78.71, 314.81], [78.0, 316.03], [77.64, 314.67], [77.0, 314.46], [77.28, 315.61], [76.83, 318.8], [76.2, 319.83], [75.85, 318.59], [75.45, 318.38], [75.07, 319.09], [75.28, 317.1], [74.91, 316.81], [74.67, 318.7], [73.23, 319.55], [72.71, 320.64], [73.02, 322.57], [73.71, 323.17], [73.57, 324.04], [72.02, 323.07], [71.95, 323.64], [71.04, 324.38], [71.39, 325.63], [72.19, 325.61], [72.14, 326.74], [71.91, 326.94], [70.33, 325.33], [70.32, 326.05], [69.68, 327.19], [69.08, 327.17], [68.8, 329.39], [69.4, 331.18], [70.11, 329.79], [70.11, 330.33], [69.76, 332.37], [68.97, 332.53], [68.92, 333.92], [70.71, 334.79], [68.4, 334.67], [67.15, 333.64], [66.24, 334.62], [65.6, 333.03], [65.0, 333.29], [65.1, 334.9], [64.43, 335.53], [66.32, 339.11], [66.1, 340.81], [64.94, 340.05], [64.79, 344.16], [62.73, 338.65], [61.89, 335.08], [61.62, 335.04], [60.66, 338.02], [58.41, 340.93], [57.91, 342.42], [57.85, 344.4], [58.29, 347.91], [58.9, 348.49], [58.82, 349.11], [56.31, 352.17], [53.88, 359.24], [52.22, 361.62], [49.45, 363.61], [45.3, 365.26], [42.94, 364.9], [41.21, 367.13], [38.5, 368.08], [34.61, 370.98], [33.31, 370.31], [31.19, 370.42], [27.78, 373.57], [25.06, 377.44], [21.4, 380.22], [19.77, 384.56], [18.61, 385.75], [18.72, 384.41], [18.38, 383.22], [18.53, 380.26], [18.03, 380.7], [16.37, 387.04], [16.92, 389.36], [16.73, 393.58], [15.42, 397.37], [15.07, 402.11], [16.31, 406.65], [18.97, 413.97], [18.98, 417.64], [18.36, 418.52], [17.88, 417.91], [17.2, 415.34], [16.77, 416.56], [16.57, 416.31], [16.51, 413.8], [15.23, 411.86], [14.96, 412.82], [15.91, 416.04], [17.2, 418.0], [17.12, 419.41], [16.62, 420.21], [15.87, 419.9], [14.76, 415.89], [14.6, 417.26], [13.93, 416.75], [18.06, 426.51], [18.73, 432.65], [20.55, 436.53], [21.0, 439.28], [22.12, 441.56], [22.62, 443.99], [22.67, 449.09], [23.2, 453.44], [26.24, 462.94], [26.38, 468.86], [26.29, 470.26], [25.85, 471.09], [26.17, 475.5], [25.35, 478.33], [24.58, 479.24], [23.71, 479.27], [22.79, 478.2], [22.86, 484.4], [23.45, 485.12], [24.18, 484.81], [25.59, 485.83], [27.66, 488.92], [30.26, 490.54], [35.48, 491.46], [36.85, 491.1], [38.19, 490.53], [41.91, 486.28], [43.64, 486.09], [44.63, 485.35], [45.54, 483.11], [46.61, 482.05], [49.38, 481.95], [54.21, 480.81], [57.43, 481.21], [57.87, 482.19], [60.94, 481.35], [62.36, 481.43], [63.05, 482.16], [63.82, 481.47], [64.51, 481.56], [66.29, 478.88], [68.13, 474.01], [70.65, 472.9], [76.33, 467.99], [83.2, 467.71], [86.87, 466.06], [91.17, 463.01], [96.97, 461.97], [100.17, 462.18], [101.94, 461.27], [104.77, 462.95], [107.19, 465.56], [109.85, 465.13], [112.08, 467.04], [114.3, 467.24], [117.09, 470.1], [117.05, 471.62], [116.43, 471.77], [117.42, 475.26], [118.92, 475.47], [119.46, 476.02], [120.3, 479.13], [121.91, 481.92], [123.05, 487.13], [122.7, 487.27], [121.9, 486.34], [121.44, 487.17], [122.43, 487.65], [124.02, 490.14], [124.73, 489.5], [125.59, 490.49], [125.21, 487.8], [127.85, 482.51], [131.81, 479.16], [132.81, 475.5], [134.52, 472.4], [134.48, 470.34], [135.12, 471.96], [135.51, 474.67], [134.82, 475.56], [135.21, 478.73], [133.83, 481.08], [133.06, 483.61], [133.06, 487.27], [132.56, 489.91], [130.71, 489.94], [130.07, 492.65], [134.03, 491.84], [134.93, 488.36], [135.15, 486.08], [135.98, 483.68], [137.95, 488.66], [138.05, 490.85], [137.5, 493.37], [136.45, 495.78], [138.1, 496.02], [139.83, 495.14], [141.39, 493.55], [141.83, 493.79], [142.04, 494.22], [141.86, 495.76], [141.32, 495.02], [140.77, 495.66], [140.29, 495.51], [142.73, 499.11], [144.02, 502.13], [144.65, 504.57], [144.06, 507.9], [144.29, 509.46], [146.39, 512.78], [147.26, 514.92], [148.42, 516.02], [150.3, 516.43], [152.33, 518.83], [153.16, 519.03], [153.8, 518.06], [154.78, 518.16], [156.07, 519.13], [157.38, 519.02], [160.0, 521.092]]]]}}, {"type": "Feature", "properties": {"id": "MR-OC-NATL", "name_ru": "Север Атлантического океана", "type": "OCEAN", "parent": null, "area_cm2": 547.1, "parts": 1, "U_cm2": 370.8, "U_over_A": 0.678}, "geometry": {"type": "Polygon", "coordinates": [[[308.48, 99.01], [307.9, 97.63], [307.91, 96.84], [308.057, 96.283], [308.35, 95.17], [308.21, 94.45], [307.85, 93.85], [307.519, 93.595], [305.714, 84.569], [306.87, 85.03], [308.76, 85.27], [310.23, 86.56], [311.77, 87.25], [313.09, 87.39], [314.14, 86.85], [314.68, 85.92], [314.93, 84.08], [315.89, 83.15], [317.03, 83.0], [319.28, 83.95], [320.23, 84.02], [321.4, 83.37], [321.88, 82.23], [321.49, 79.39], [319.94, 77.1], [319.33, 76.61], [317.23, 75.71], [315.79, 73.97], [313.35, 72.07], [312.79, 70.67], [312.91, 69.9], [313.32, 69.24], [313.95, 68.78], [315.22, 68.31], [316.21, 68.29], [316.94, 68.62], [317.77, 69.48], [318.5, 69.88], [320.01, 69.95], [321.28, 70.25], [322.92, 70.13], [323.64, 70.43], [324.69, 71.34], [325.52, 71.57], [328.07, 71.3], [328.73, 70.86], [329.2, 70.11], [329.32, 69.37], [329.16, 68.16], [340.84, 65.25], [341.17, 65.87], [341.78, 66.38], [344.45, 67.71], [345.64, 69.09], [346.8, 71.81], [346.71, 72.57], [346.07, 73.99], [346.05, 75.61], [345.31, 77.05], [343.38, 78.19], [342.92, 79.37], [343.3, 83.36], [344.15, 85.05], [344.58, 87.54], [345.25, 88.75], [345.58, 90.17], [347.35, 93.16], [348.43, 94.25], [348.86, 95.76], [349.32, 96.47], [350.84, 97.37], [353.0, 97.42], [354.46, 98.3], [355.42, 98.45], [356.91, 98.08], [357.73, 97.17], [358.24, 94.3], [358.2, 92.49], [358.56, 91.76], [359.49, 90.96], [359.91, 90.31], [360.06, 89.46], [359.79, 87.62], [360.24, 85.96], [361.19, 84.84], [363.24, 84.09], [364.81, 82.65], [366.47, 82.46], [369.01, 81.79], [369.97, 80.96], [371.16, 78.74], [372.65, 77.31], [373.38, 77.07], [377.0, 76.72], [379.94, 75.92], [380.89, 75.11], [381.18, 74.29], [381.12, 73.51], [380.77, 72.82], [379.63, 71.67], [379.4, 70.91], [379.48, 70.13], [379.86, 69.44], [382.82, 66.42], [383.08, 64.82], [382.93, 63.32], [383.28, 62.43], [383.99, 61.81], [385.77, 61.14], [386.59, 60.06], [387.73, 59.19], [388.13, 58.53], [388.73, 56.78], [388.73, 56.78], [424.24, 63.39], [424.24, 64.38], [425.1, 65.61], [425.58, 67.05], [427.19, 68.15], [428.11, 68.46], [429.34, 69.37], [432.88, 69.93], [434.38, 69.28], [435.42, 68.55], [437.96, 67.95], [439.99, 66.66], [442.08, 66.08], [443.06, 65.53], [443.73, 64.42], [445.0, 63.27], [445.34, 62.34], [445.34, 62.34], [498.673, 75.0], [498.25, 75.37], [497.91, 76.75], [497.39, 77.44], [495.09, 78.24], [493.49, 78.51], [491.71, 80.37], [490.35, 80.69], [489.78, 81.01], [489.11, 82.34], [488.46, 82.92], [487.89, 83.05], [485.45, 82.88], [484.9, 83.12], [483.79, 84.06], [481.9, 84.02], [480.59, 84.74], [480.01, 85.61], [479.6, 87.6], [479.84, 88.85], [479.72, 89.96], [480.06, 91.01], [479.96, 92.38], [480.78, 94.84], [481.28, 95.26], [482.37, 95.68], [482.83, 96.23], [483.29, 97.54], [483.5, 98.87], [483.16, 100.39], [483.27, 101.87], [482.26, 103.55], [482.29, 104.14], [482.59, 104.73], [483.93, 105.49], [485.29, 105.79], [486.83, 106.79], [488.58, 106.84], [491.26, 106.13], [495.01, 103.45], [496.04, 102.33], [497.22, 101.81], [498.61, 101.76], [500.03, 100.56], [501.19, 100.48], [502.32, 101.08], [502.72, 101.52], [503.02, 102.55], [503.16, 104.31], [503.82, 105.39], [504.1, 106.43], [504.88, 107.36], [507.69, 112.59], [509.26, 114.45], [509.36, 115.18], [509.01, 117.22], [509.78, 118.65], [509.98, 119.94], [510.44, 120.52], [511.49, 120.81], [513.97, 120.25], [514.58, 119.62], [515.06, 118.14], [516.85, 116.8], [520.86, 116.52], [521.42, 116.33], [521.98, 115.77], [523.71, 112.05], [523.74, 110.78], [524.23, 109.49], [524.03, 107.83], [524.48, 106.7], [524.51, 104.87], [524.75, 104.16], [525.31, 103.66], [529.17, 101.86], [529.59, 101.28], [529.78, 100.26], [530.09, 99.74], [532.38, 98.46], [532.95, 97.52], [532.73, 96.45], [531.21, 94.97], [529.58, 93.82], [528.28, 93.55], [527.34, 93.03], [526.72, 92.26], [526.46, 91.34], [526.23, 88.46], [526.51, 87.64], [527.11, 86.85], [527.53, 85.67], [527.77, 83.91], [528.85, 82.96], [529.51, 81.84], [532.23, 79.88], [533.83, 79.35], [535.1, 78.35], [536.46, 78.15], [537.25, 77.61], [540.4, 76.24], [541.4, 74.79], [542.32, 74.12], [542.68, 73.6], [542.78, 72.9], [542.41, 71.29], [543.07, 70.07], [543.47, 68.7], [545.91, 67.04], [546.67, 66.29], [547.89, 65.99], [549.69, 66.49], [551.95, 66.09], [555.32, 66.38], [557.76, 67.87], [558.12, 68.65], [558.08, 69.79], [557.57, 70.7], [555.29, 71.54], [554.12, 72.98], [551.93, 74.78], [551.36, 75.48], [547.63, 77.55], [546.2, 79.23], [544.4, 80.0], [542.08, 82.16], [541.85, 82.83], [541.93, 83.53], [542.51, 84.65], [542.62, 86.07], [543.61, 88.22], [543.32, 89.99], [542.83, 91.53], [542.93, 92.36], [543.2, 92.88], [545.18, 93.98], [547.28, 94.52], [549.48, 96.18], [550.69, 96.64], [554.42, 96.6], [555.74, 95.87], [559.88, 94.75], [560.91, 94.22], [562.04, 94.16], [563.03, 93.77], [564.37, 93.97], [565.7, 93.79], [566.82, 94.03], [570.14, 93.28], [571.03, 93.73], [572.04, 95.17], [572.26, 95.87], [572.05, 96.72], [571.53, 97.24], [570.67, 97.58], [569.41, 98.41], [568.69, 99.19], [568.05, 99.53], [564.82, 99.41], [563.26, 98.87], [559.83, 98.54], [558.49, 99.06], [555.46, 99.25], [554.81, 99.14], [553.21, 100.24], [552.01, 100.72], [551.47, 101.74], [551.7, 104.32], [552.38, 105.15], [553.99, 105.74], [554.54, 106.61], [554.3, 108.24], [554.5, 110.33], [554.27, 111.01], [552.87, 112.12], [551.72, 112.31], [550.43, 111.74], [549.56, 110.43], [547.25, 108.76], [546.39, 108.7], [544.17, 109.37], [543.25, 110.46], [542.75, 111.99], [541.81, 113.05], [541.56, 113.68], [541.6, 118.31], [542.26, 120.47], [541.96, 122.29], [541.46, 122.79], [540.92, 122.99], [539.52, 122.81], [537.8, 123.16], [537.29, 123.58], [536.57, 124.81], [535.35, 125.7], [534.79, 125.9], [533.17, 125.96], [532.6, 125.8], [532.13, 125.44], [531.11, 123.89], [530.6, 123.61], [529.95, 123.55], [526.73, 124.09], [524.25, 124.92], [522.41, 126.38], [517.11, 127.87], [515.98, 128.98], [515.3, 129.29], [513.76, 128.92], [512.54, 127.43], [511.52, 127.0], [509.98, 125.81], [508.95, 125.57], [508.17, 125.71], [506.66, 126.89], [505.3, 127.21], [503.88, 128.05], [502.32, 127.94], [501.7, 127.5], [501.2, 126.52], [500.79, 126.12], [499.94, 125.75], [498.93, 125.62], [498.24, 125.22], [496.72, 122.5], [497.01, 120.0], [498.14, 118.4], [499.12, 117.56], [499.91, 115.46], [499.41, 113.64], [499.47, 112.39], [499.98, 111.19], [499.87, 110.39], [499.42, 109.8], [498.82, 109.52], [498.15, 109.52], [497.56, 109.81], [495.64, 111.7], [494.87, 113.37], [493.77, 113.91], [492.96, 114.59], [491.66, 115.0], [491.03, 115.89], [491.2, 119.16], [491.57, 119.76], [492.42, 120.3], [492.87, 120.85], [493.06, 123.46], [493.91, 124.77], [494.07, 125.36], [493.94, 128.01], [492.26, 129.86], [491.16, 130.18], [489.78, 129.55], [488.47, 129.57], [487.78, 129.85], [487.1, 130.64], [486.59, 130.93], [482.98, 131.01], [480.87, 131.77], [479.99, 132.7], [478.08, 133.72], [477.62, 134.16], [476.66, 136.74], [475.11, 138.62], [475.06, 140.35], [474.64, 141.12], [473.87, 141.52], [472.36, 141.63], [468.71, 143.24], [466.09, 144.03], [465.38, 145.01], [465.24, 147.27], [464.89, 148.07], [464.45, 148.43], [461.2, 149.87], [460.79, 150.37], [460.45, 151.42], [459.92, 151.97], [458.43, 152.46], [454.54, 152.0], [453.82, 152.15], [453.35, 152.5], [453.03, 153.08], [452.84, 155.21], [452.36, 155.77], [451.82, 156.01], [450.02, 155.89], [448.57, 156.04], [447.28, 155.14], [446.46, 154.96], [443.43, 155.77], [442.75, 156.29], [442.23, 158.55], [442.62, 159.65], [443.32, 160.07], [448.21, 161.35], [449.64, 162.16], [451.05, 163.43], [451.16, 165.36], [451.98, 166.75], [452.49, 167.17], [454.16, 167.92], [454.72, 168.63], [455.51, 172.76], [454.61, 174.42], [454.47, 175.44], [454.6, 176.67], [454.2, 177.69], [453.37, 182.21], [453.06, 182.78], [452.53, 183.19], [451.41, 183.58], [450.14, 183.68], [448.24, 183.19], [446.91, 183.33], [444.99, 182.74], [441.29, 183.2], [436.3, 182.06], [431.59, 182.47], [429.51, 181.64], [428.9, 181.56], [427.46, 182.14], [426.41, 183.32], [424.57, 183.85], [423.96, 184.27], [423.63, 184.93], [423.63, 185.59], [424.57, 187.27], [424.99, 188.79], [424.67, 190.33], [424.75, 193.12], [425.25, 195.49], [425.17, 196.99], [424.5, 199.5], [424.44, 200.76], [423.37, 203.41], [422.71, 204.34], [422.57, 204.98], [422.84, 205.81], [423.75, 206.76], [424.03, 208.07], [424.78, 209.32], [424.46, 211.72], [424.74, 213.03], [424.65, 214.78], [424.85, 215.48], [425.61, 216.14], [428.07, 216.65], [428.71, 216.56], [430.05, 215.88], [431.7, 215.74], [432.39, 215.93], [434.25, 217.52], [434.8, 219.72], [435.4, 220.79], [435.91, 221.22], [436.79, 221.54], [437.68, 221.33], [438.29, 220.88], [439.07, 219.87], [440.79, 219.32], [442.29, 218.25], [444.1, 218.06], [445.61, 218.26], [446.83, 218.06], [448.12, 218.2], [449.33, 217.78], [450.86, 217.56], [451.36, 217.11], [452.86, 214.66], [453.9, 213.91], [455.1, 213.62], [455.69, 213.2], [457.1, 209.97], [459.0, 208.2], [459.16, 207.13], [458.29, 205.68], [457.96, 204.05], [458.01, 203.48], [461.73, 197.55], [462.2, 196.54], [463.42, 195.48], [467.24, 194.33], [468.26, 193.39], [470.83, 191.89], [471.41, 191.32], [471.65, 190.65], [471.52, 189.59], [471.66, 188.64], [471.23, 187.41], [471.11, 186.41], [472.04, 184.34], [474.23, 182.84], [474.95, 182.66], [477.36, 183.38], [479.09, 183.3], [479.84, 183.65], [480.63, 184.34], [481.71, 184.81], [483.33, 184.94], [484.73, 184.37], [485.52, 183.41], [487.59, 181.79], [490.48, 180.76], [492.53, 178.5], [493.54, 178.07], [495.56, 178.55], [498.78, 180.38], [499.14, 180.98], [499.55, 182.68], [500.51, 185.15], [503.13, 188.2], [504.74, 189.23], [505.39, 190.16], [506.43, 190.96], [508.6, 193.35], [510.26, 194.3], [512.62, 194.66], [513.1, 195.04], [514.17, 196.58], [517.1, 197.91], [517.55, 198.51], [517.75, 199.51], [518.1, 200.07], [518.94, 200.64], [520.12, 200.94], [520.67, 201.44], [521.83, 203.53], [522.14, 205.76], [522.45, 206.43], [523.45, 207.26], [524.61, 207.15], [525.95, 206.3], [526.23, 205.78], [526.28, 205.14], [525.9, 204.1], [524.25, 202.66], [524.07, 201.65], [524.46, 200.32], [525.19, 199.12], [526.58, 198.3], [527.0, 197.8], [527.17, 197.03], [526.96, 196.33], [526.08, 195.53], [522.02, 193.46], [521.56, 192.88], [521.24, 191.79], [520.77, 191.3], [520.21, 191.08], [518.47, 190.9], [516.04, 189.31], [514.02, 187.02], [512.21, 182.5], [508.84, 180.2], [507.62, 178.73], [507.13, 176.43], [507.54, 175.04], [507.28, 173.74], [507.4, 173.03], [508.08, 172.31], [509.87, 171.73], [510.79, 171.18], [511.38, 171.1], [512.17, 171.2], [512.67, 171.47], [513.38, 172.68], [513.87, 173.11], [515.86, 173.35], [516.99, 174.25], [517.32, 174.95], [517.56, 176.64], [519.25, 178.43], [519.51, 180.06], [519.95, 180.74], [522.08, 182.43], [523.52, 182.65], [525.42, 183.45], [528.6, 186.27], [532.2, 188.54], [533.24, 189.45], [534.29, 190.85], [535.32, 191.61], [535.64, 192.59], [535.3, 193.76], [535.35, 196.08], [534.97, 197.66], [535.51, 199.66], [536.92, 201.04], [537.48, 202.51], [538.25, 203.5], [538.77, 204.64], [540.17, 205.93], [541.33, 206.66], [541.87, 208.37], [542.95, 209.44], [543.12, 210.46], [542.47, 211.7], [542.43, 212.5], [542.77, 213.28], [543.84, 214.35], [544.25, 215.97], [544.71, 216.43], [545.74, 216.89], [546.67, 217.82], [547.84, 217.94], [548.71, 217.42], [549.05, 216.48], [548.42, 214.3], [548.82, 212.92], [548.77, 212.21], [548.39, 211.6], [547.37, 210.83], [547.07, 210.0], [547.22, 209.27], [547.82, 208.32], [547.99, 207.09], [548.69, 206.03], [548.81, 205.01], [549.2, 203.97], [549.09, 203.2], [548.07, 201.4], [548.23, 200.25], [549.03, 199.6], [549.92, 199.57], [550.52, 199.91], [550.86, 201.09], [551.8, 201.41], [551.99, 201.23], [551.01, 200.43], [550.82, 199.87], [550.98, 199.65], [551.94, 199.84], [553.08, 201.17], [553.29, 200.86], [553.15, 200.39], [552.19, 199.28], [552.93, 199.12], [554.66, 200.18], [554.13, 199.25], [552.75, 198.81], [552.61, 198.48], [552.79, 198.15], [552.25, 197.47], [552.33, 197.1], [553.6, 197.2], [555.17, 196.01], [556.48, 196.42], [557.76, 195.64], [561.03, 196.1], [561.78, 196.35], [562.34, 196.99], [565.72, 196.23], [565.03, 196.77], [567.31, 196.03], [567.54, 195.94], [567.93, 194.95], [569.42, 195.04], [570.18, 194.73], [571.77, 195.45], [572.92, 195.2], [573.2, 194.36], [572.93, 195.21], [572.44, 195.35], [572.51, 195.82], [573.49, 195.84], [574.88, 196.4], [576.95, 196.19], [576.97, 196.33], [575.25, 196.89], [573.36, 197.32], [572.95, 197.66], [574.37, 198.34], [570.62, 197.77], [570.47, 197.32], [570.04, 197.15], [569.62, 197.18], [570.21, 197.65], [569.9, 197.78], [569.06, 197.63], [568.14, 196.98], [565.89, 197.32], [564.84, 198.57], [565.43, 201.87], [567.57, 201.11], [566.73, 202.52], [567.87, 203.02], [567.9, 203.69], [568.96, 203.83], [567.99, 204.81], [568.92, 205.74], [570.02, 205.78], [568.79, 206.33], [568.1, 206.25], [567.9, 206.74], [567.43, 206.44], [567.26, 205.78], [566.74, 205.7], [567.1, 207.81], [567.55, 207.86], [568.03, 207.45], [569.04, 207.99], [570.68, 208.23], [570.73, 209.52], [570.04, 209.9], [570.42, 210.14], [570.84, 211.22], [572.31, 211.99], [572.43, 212.48], [571.34, 212.67], [571.23, 213.6], [575.85, 213.07], [574.9, 214.44], [572.32, 215.16], [572.71, 215.6], [575.33, 214.94], [575.1, 215.81], [575.53, 215.67], [576.3, 214.42], [578.7, 215.26], [579.35, 214.99], [579.67, 215.13], [580.76, 217.46], [582.78, 218.05], [585.05, 217.04], [586.02, 217.28], [586.69, 213.84], [589.45, 213.99], [593.07, 215.69], [594.78, 217.75], [596.69, 218.5], [600.75, 217.69], [601.93, 216.99], [603.46, 215.05], [605.25, 213.7], [608.44, 215.08], [609.1, 214.92], [609.65, 214.14], [611.38, 212.94], [611.98, 213.51], [612.03, 214.37], [610.35, 216.47], [611.01, 218.15], [610.51, 219.07], [610.24, 220.86], [610.88, 221.75], [611.11, 223.05], [610.92, 225.01], [611.35, 227.49], [610.05, 230.44], [609.98, 232.37], [608.38, 243.82], [608.07, 250.07], [607.97, 260.89], [607.52, 264.29], [606.55, 266.26], [605.59, 266.61], [604.72, 266.29], [602.93, 265.22], [602.64, 264.58], [602.15, 264.47], [601.2, 268.32], [602.12, 264.57], [601.61, 264.69], [601.06, 265.13], [600.0, 264.53], [600.11, 264.98], [599.65, 265.96], [599.35, 265.4], [598.66, 265.39], [598.95, 264.16], [599.67, 264.51], [598.92, 263.84], [597.93, 264.87], [596.65, 264.71], [596.45, 265.53], [595.09, 265.91], [596.18, 265.05], [594.54, 265.72], [594.04, 266.68], [593.14, 266.91], [591.61, 268.26], [590.46, 268.66], [588.62, 267.83], [586.85, 267.8], [586.39, 267.47], [585.42, 267.41], [584.43, 266.75], [583.64, 266.59], [579.94, 266.0], [578.3, 266.51], [577.8, 266.49], [577.05, 265.08], [576.54, 264.68], [574.11, 264.78], [573.03, 264.34], [571.38, 264.37], [570.79, 263.99], [570.72, 262.99], [567.75, 262.1], [565.95, 262.17], [565.26, 262.66], [564.06, 262.75], [562.62, 263.5], [560.97, 264.79], [560.33, 266.14], [560.46, 267.02], [561.06, 268.21], [561.09, 268.59], [560.63, 269.49], [559.22, 270.75], [558.23, 271.17], [557.06, 271.18], [556.17, 270.75], [554.55, 269.46], [553.36, 268.98], [549.9, 268.1], [547.72, 267.96], [546.33, 267.44], [545.63, 266.65], [545.17, 265.54], [545.14, 264.87], [544.53, 264.05], [542.35, 263.77], [541.17, 263.14], [538.28, 262.47], [536.53, 262.89], [534.96, 262.7], [533.4, 261.91], [531.38, 261.43], [531.56, 261.23], [531.21, 261.03], [530.99, 260.37], [530.57, 260.16], [530.37, 260.48], [529.79, 260.54], [529.75, 259.95], [528.89, 260.04], [528.4, 259.83], [527.91, 259.43], [527.55, 258.75], [527.6, 258.23], [529.68, 256.65], [531.09, 254.75], [530.84, 254.43], [530.71, 253.44], [529.34, 252.61], [529.06, 252.13], [529.0, 251.38], [530.02, 250.58], [531.11, 249.28], [530.87, 248.63], [530.53, 248.68], [529.27, 249.29], [528.74, 249.79], [528.35, 249.63], [528.48, 249.35], [528.0, 248.8], [528.03, 248.23], [526.97, 248.1], [527.04, 248.33], [526.82, 248.49], [526.67, 248.24], [526.85, 247.92], [526.35, 247.82], [524.53, 248.3], [523.47, 248.96], [520.45, 249.46], [518.86, 248.78], [518.1, 248.68], [518.21, 249.09], [517.18, 249.27], [516.02, 249.02], [515.73, 248.75], [514.32, 249.46], [511.75, 250.16], [509.96, 249.32], [506.7, 249.3], [505.84, 249.64], [504.02, 249.66], [502.76, 250.29], [498.32, 250.56], [495.2, 251.78], [494.0, 252.88], [492.75, 252.79], [491.12, 253.45], [489.72, 254.45], [487.8, 255.33], [484.71, 255.2], [484.26, 254.26], [483.49, 254.82], [482.86, 254.91], [481.87, 254.68], [479.76, 255.08], [478.77, 254.94], [478.08, 254.69], [476.7, 253.6], [476.42, 253.17], [476.62, 252.64], [476.22, 252.55], [474.47, 253.04], [473.05, 256.41], [471.24, 259.12], [465.87, 261.49], [463.44, 263.76], [463.1, 265.38], [462.02, 266.65], [461.58, 267.61], [461.36, 269.96], [462.09, 270.84], [462.04, 271.96], [459.31, 275.42], [457.34, 276.59], [455.77, 277.94], [454.33, 278.53], [451.13, 279.26], [450.37, 280.11], [449.05, 283.18], [447.08, 284.25], [446.08, 285.11], [445.91, 285.9], [445.01, 287.64], [444.63, 289.9], [441.33, 292.83], [441.06, 293.4], [441.66, 292.83], [441.7, 292.99], [440.29, 295.3], [440.43, 295.52], [439.98, 296.17], [439.8, 296.97], [439.28, 297.84], [438.36, 298.42], [437.9, 299.29], [437.35, 302.77], [437.52, 302.94], [437.68, 302.16], [437.91, 301.9], [438.08, 302.0], [438.93, 303.5], [439.12, 303.6], [439.23, 303.25], [439.57, 303.44], [440.29, 304.85], [440.05, 306.32], [439.52, 307.37], [439.98, 307.24], [439.76, 307.58], [439.29, 307.74], [440.29, 308.94], [440.72, 310.55], [440.9, 312.65], [440.73, 313.79], [439.45, 316.92], [439.1, 319.8], [437.19, 322.53], [435.91, 323.11], [436.2, 323.45], [436.29, 323.21], [436.53, 323.18], [437.12, 323.47], [437.76, 324.25], [438.36, 325.57], [438.94, 325.44], [438.44, 325.9], [439.04, 326.61], [439.23, 327.38], [439.53, 327.73], [440.54, 327.42], [442.89, 327.34], [440.47, 327.63], [440.38, 327.97], [439.62, 328.01], [439.14, 327.9], [438.77, 327.33], [438.5, 327.49], [438.25, 327.78], [438.44, 330.15], [438.66, 330.23], [439.01, 329.86], [439.52, 330.21], [438.74, 330.38], [438.39, 330.67], [438.63, 331.06], [439.54, 331.56], [440.18, 331.45], [439.91, 332.07], [440.54, 332.52], [441.26, 332.45], [441.19, 332.96], [441.6, 333.03], [442.87, 332.42], [444.05, 332.33], [443.61, 332.66], [442.93, 332.66], [442.66, 332.98], [442.95, 333.52], [443.55, 333.28], [444.07, 333.57], [442.89, 333.91], [442.73, 334.2], [443.16, 334.31], [443.01, 334.84], [443.6, 335.05], [443.58, 335.46], [444.14, 335.09], [444.01, 335.53], [444.28, 336.22], [444.69, 335.67], [445.06, 335.79], [445.39, 336.61], [445.67, 336.34], [445.62, 337.07], [446.23, 338.08], [447.08, 338.47], [447.49, 338.43], [447.79, 339.0], [448.24, 339.27], [448.67, 339.13], [448.67, 340.44], [449.08, 340.41], [449.51, 340.82], [450.07, 341.66], [450.07, 342.28], [450.77, 342.63], [450.28, 342.76], [450.37, 343.65], [451.32, 343.47], [450.69, 344.16], [450.11, 343.96], [450.07, 344.15], [450.48, 344.87], [451.12, 345.09], [451.47, 346.18], [451.98, 346.52], [452.7, 346.38], [452.6, 346.68], [452.86, 347.08], [452.68, 347.62], [455.18, 348.61], [456.65, 349.93], [458.11, 350.66], [458.33, 351.18], [460.02, 351.96], [463.82, 355.36], [466.72, 356.91], [469.1, 357.71], [474.51, 355.5], [477.34, 355.1], [476.33, 355.03], [476.61, 354.83], [477.47, 354.85], [477.88, 355.07], [480.75, 354.77], [478.85, 354.74], [480.48, 354.5], [483.04, 355.09], [483.53, 354.35], [483.69, 354.37], [483.64, 354.85], [484.13, 355.09], [483.38, 355.15], [486.2, 355.77], [487.52, 356.33], [489.18, 355.4], [491.52, 354.77], [493.01, 353.86], [495.03, 353.01], [497.33, 352.85], [497.85, 352.04], [498.53, 351.72], [501.77, 351.12], [505.26, 350.89], [505.57, 350.46], [506.52, 350.22], [505.64, 350.79], [508.9, 351.05], [510.33, 352.14], [511.1, 353.0], [511.17, 353.43], [511.37, 353.55], [511.88, 353.2], [511.96, 353.48], [512.31, 353.51], [511.46, 353.78], [512.08, 354.22], [512.62, 353.97], [512.46, 354.29], [512.02, 354.43], [512.02, 354.91], [512.37, 355.04], [512.07, 355.13], [512.43, 356.1], [512.75, 356.74], [513.445, 357.256], [466.0, 362.0], [433.659, 363.54], [433.61, 363.37], [433.95, 361.97], [433.82, 361.16], [432.01, 356.7], [430.9, 355.48], [428.68, 355.12], [425.92, 355.26], [424.28, 354.76], [423.29, 354.69], [422.72, 354.07], [421.26, 353.7], [419.33, 352.56], [417.38, 351.06], [416.44, 350.87], [414.97, 350.05], [410.67, 348.45], [408.38, 348.25], [403.84, 348.62], [402.06, 348.1], [401.5, 348.28], [400.38, 348.24], [397.27, 347.24], [395.27, 346.97], [394.93, 347.36], [392.77, 347.6], [391.16, 348.55], [391.99, 347.33], [391.43, 347.26], [391.07, 347.46], [390.49, 348.71], [389.2, 349.5], [389.8, 347.58], [390.11, 347.07], [390.74, 346.94], [390.5, 346.33], [389.85, 346.53], [389.47, 346.97], [389.05, 346.64], [389.49, 346.52], [390.04, 345.98], [389.54, 345.02], [387.63, 344.16], [387.15, 344.29], [386.48, 344.94], [385.89, 343.83], [385.04, 343.82], [383.22, 343.09], [382.45, 343.08], [382.43, 342.88], [380.64, 342.69], [379.77, 342.1], [378.34, 342.0], [377.12, 341.64], [376.67, 341.9], [376.39, 341.77], [375.81, 341.94], [375.27, 341.76], [374.57, 342.08], [374.25, 341.88], [373.88, 341.98], [372.96, 342.67], [373.01, 342.91], [372.37, 343.23], [372.55, 343.49], [372.28, 343.99], [372.82, 344.26], [372.39, 344.37], [372.31, 344.66], [371.69, 344.28], [371.19, 344.28], [369.91, 345.32], [368.92, 345.59], [367.81, 347.38], [367.0, 347.85], [368.46, 345.02], [366.63, 345.62], [365.37, 345.33], [363.54, 345.89], [362.24, 345.12], [362.29, 344.76], [361.21, 343.15], [361.57, 342.92], [361.32, 342.61], [356.57, 344.59], [355.44, 344.75], [354.93, 344.5], [353.59, 344.48], [355.29, 343.9], [356.41, 343.92], [356.68, 343.35], [357.59, 342.86], [357.67, 342.08], [359.02, 340.95], [359.57, 340.01], [360.39, 339.84], [360.99, 339.35], [361.94, 339.07], [364.02, 337.2], [365.81, 336.19], [365.88, 335.39], [365.53, 334.66], [364.47, 334.29], [363.24, 334.17], [362.56, 333.35], [362.09, 333.26], [362.25, 333.02], [360.84, 330.37], [360.47, 328.56], [359.84, 327.25], [359.36, 326.85], [358.36, 326.59], [357.88, 327.36], [357.07, 325.6], [356.84, 325.61], [356.55, 326.07], [356.03, 325.36], [355.31, 324.92], [354.85, 325.2], [354.99, 324.68], [352.31, 323.17], [349.8, 322.74], [348.07, 322.04], [347.42, 322.38], [347.17, 322.85], [347.16, 321.95], [343.66, 321.37], [339.17, 321.46], [338.79, 321.68], [338.8, 322.03], [333.96, 321.4], [333.56, 321.58], [332.97, 322.87], [332.77, 320.83], [331.32, 320.39], [329.27, 319.04], [327.87, 318.76], [327.35, 318.85], [326.72, 319.64], [326.09, 324.27], [326.96, 317.74], [326.81, 317.17], [326.33, 316.71], [323.7, 315.09], [319.49, 313.47], [317.66, 313.64], [316.66, 313.22], [316.23, 312.46], [316.21, 311.24], [315.48, 310.0], [315.79, 308.41], [315.62, 307.4], [315.3, 306.91], [314.75, 306.69], [310.17, 307.09], [308.14, 306.94], [304.82, 307.19], [301.85, 307.15], [301.39, 307.31], [300.34, 308.22], [298.64, 308.85], [297.28, 308.94], [294.23, 308.35], [293.07, 307.29], [292.53, 307.09], [289.17, 307.18], [284.26, 307.65], [283.48, 307.21], [282.47, 305.65], [280.72, 304.82], [279.05, 304.52], [276.6, 304.43], [275.12, 304.62], [274.29, 305.04], [272.34, 305.56], [268.52, 297.86], [268.52, 297.86], [268.81, 297.15], [268.44, 296.14], [267.44, 295.34], [266.51, 294.15], [265.95, 293.83], [266.23, 293.75], [265.49, 293.53], [265.76, 293.72], [265.37, 293.84], [264.22, 293.03], [262.77, 293.45], [261.31, 292.89], [261.45, 293.2], [260.22, 293.95], [258.65, 294.05], [257.55, 293.72], [256.96, 293.91], [256.58, 293.38], [256.33, 293.37], [255.84, 293.51], [255.11, 294.31], [253.78, 293.21], [253.94, 293.66], [253.75, 294.04], [252.9, 293.47], [252.95, 292.91], [253.49, 291.89], [253.88, 291.71], [254.6, 290.19], [254.65, 287.15], [254.89, 286.24], [254.7, 285.83], [255.22, 283.08], [255.09, 282.52], [254.48, 282.5], [254.9, 280.87], [255.36, 280.33], [255.29, 281.74], [255.86, 282.86], [256.83, 278.28], [256.5, 277.94], [256.88, 277.59], [257.05, 276.97], [256.45, 277.13], [256.34, 276.77], [257.02, 275.75], [257.11, 274.12], [258.6, 271.7], [258.93, 270.75], [259.07, 270.11], [258.93, 268.92], [258.31, 268.15], [257.34, 268.23], [257.86, 268.35], [257.68, 268.79], [255.51, 268.11], [254.21, 268.29], [253.04, 269.0], [250.33, 269.64], [248.77, 270.8], [248.36, 272.78], [248.33, 275.48], [247.75, 276.45], [247.61, 278.12], [246.98, 279.01], [245.6, 280.18], [245.5, 280.43], [245.87, 280.13], [245.79, 280.55], [246.05, 280.92], [246.06, 281.35], [245.31, 282.1], [244.21, 281.78], [244.31, 281.3], [244.04, 280.95], [242.69, 281.14], [241.92, 281.43], [241.42, 282.07], [239.49, 282.24], [237.63, 283.28], [236.84, 283.4], [236.59, 283.36], [235.85, 281.84], [235.21, 281.58], [234.72, 280.99], [233.1, 280.68], [231.53, 278.14], [231.03, 275.79], [228.93, 272.02], [228.26, 269.65], [228.55, 268.25], [227.77, 267.17], [227.26, 265.85], [226.99, 263.54], [227.31, 262.13], [227.54, 255.69], [228.0, 252.91], [228.99, 249.61], [229.06, 248.39], [228.84, 248.22], [228.21, 246.37], [227.87, 244.23], [228.07, 243.03], [227.47, 242.81], [227.25, 242.05], [227.96, 242.69], [228.21, 242.63], [228.64, 241.1], [228.23, 240.36], [228.98, 240.17], [229.26, 239.7], [229.38, 239.22], [229.07, 239.37], [229.02, 239.0], [229.67, 238.64], [229.79, 238.93], [229.94, 238.77], [230.13, 237.76], [230.41, 238.12], [231.15, 237.6], [230.85, 237.46], [230.52, 236.49], [231.07, 236.99], [231.29, 236.71], [232.34, 236.82], [231.69, 237.46], [232.79, 236.78], [234.46, 235.33], [234.85, 234.42], [235.61, 233.68], [235.19, 232.06], [235.58, 232.17], [235.75, 231.84], [236.01, 231.85], [235.9, 232.74], [236.63, 232.74], [235.95, 233.46], [237.86, 232.19], [238.47, 232.11], [238.43, 231.98], [240.54, 231.71], [241.99, 232.51], [243.17, 232.68], [243.69, 232.52], [243.54, 232.05], [244.25, 231.45], [244.44, 231.83], [244.89, 231.85], [245.34, 232.69], [245.87, 232.88], [246.11, 232.66], [246.38, 233.73], [245.97, 233.86], [247.53, 234.56], [248.26, 233.82], [248.84, 234.02], [249.1, 234.69], [249.33, 234.56], [249.57, 233.25], [249.27, 232.78], [250.08, 233.14], [250.32, 233.69], [251.33, 234.3], [251.58, 234.84], [251.52, 235.24], [251.92, 234.79], [252.15, 235.07], [252.55, 234.24], [252.08, 233.66], [251.13, 233.3], [250.54, 232.42], [251.09, 231.75], [251.6, 231.53], [251.47, 230.53], [251.2, 230.48], [250.8, 231.17], [250.27, 230.71], [250.71, 230.22], [250.5, 229.98], [249.23, 230.61], [248.54, 230.11], [249.08, 229.06], [250.93, 230.01], [251.7, 229.21], [252.9, 228.89], [253.52, 229.16], [255.13, 229.11], [255.49, 227.65], [255.74, 228.74], [256.12, 229.44], [255.5, 229.71], [256.61, 229.55], [257.11, 228.98], [257.03, 229.42], [257.57, 229.29], [257.92, 228.34], [258.2, 228.51], [258.42, 228.2], [258.45, 228.82], [257.83, 229.22], [260.56, 228.54], [260.94, 228.93], [259.99, 228.96], [262.01, 229.99], [262.09, 229.36], [262.39, 230.21], [262.24, 230.19], [262.99, 231.07], [262.99, 231.75], [263.26, 232.13], [265.97, 231.13], [266.19, 230.44], [266.96, 230.27], [267.97, 231.06], [269.12, 233.15], [270.64, 234.94], [270.98, 235.67], [270.96, 237.47], [270.42, 240.3], [270.72, 240.92], [270.96, 240.88], [271.22, 239.89], [271.71, 240.36], [271.03, 241.75], [270.8, 241.86], [272.04, 244.66], [272.35, 244.79], [272.36, 244.37], [272.84, 244.25], [272.68, 244.56], [272.74, 246.06], [273.34, 245.5], [272.97, 246.33], [273.24, 246.57], [273.66, 248.57], [274.7, 249.27], [275.45, 251.35], [275.29, 251.97], [275.46, 252.38], [277.24, 251.93], [277.57, 251.47], [278.15, 249.01], [278.24, 249.21], [278.46, 244.87], [277.33, 240.66], [276.96, 238.41], [277.14, 237.45], [276.05, 234.95], [275.05, 231.65], [274.28, 227.17], [274.5, 225.4], [274.72, 225.52], [274.94, 225.12], [274.67, 224.72], [274.92, 224.64], [275.27, 223.93], [275.03, 223.9], [275.29, 223.58], [275.21, 223.16], [275.59, 222.79], [275.45, 222.38], [276.0, 222.09], [276.21, 221.33], [276.66, 220.88], [276.53, 220.46], [276.79, 220.07], [276.99, 220.55], [277.29, 219.95], [276.83, 219.56], [277.61, 219.6], [278.83, 218.86], [278.97, 218.58], [278.86, 218.23], [279.23, 218.32], [279.78, 217.79], [279.86, 217.38], [280.76, 216.78], [280.85, 216.04], [281.0, 216.3], [281.16, 215.58], [282.01, 214.15], [283.27, 213.28], [284.6, 213.3], [285.18, 211.66], [286.25, 210.59], [286.16, 209.69], [286.49, 210.26], [286.96, 209.79], [288.12, 209.79], [288.97, 209.19], [289.2, 208.77], [288.92, 208.53], [287.57, 208.88], [288.43, 208.16], [288.76, 207.28], [287.97, 206.7], [288.58, 206.13], [288.83, 206.72], [289.74, 206.91], [290.9, 205.6], [290.95, 204.73], [290.68, 204.22], [290.03, 204.74], [290.05, 204.18], [288.15, 204.25], [288.14, 203.61], [288.64, 203.99], [289.15, 203.46], [289.6, 203.54], [289.47, 203.21], [289.82, 203.41], [289.83, 202.81], [291.15, 203.83], [291.59, 204.82], [290.95, 203.02], [290.25, 199.98], [289.55, 199.81], [288.48, 200.14], [288.77, 199.9], [288.21, 198.61], [288.37, 198.52], [289.1, 199.65], [289.44, 199.37], [288.83, 198.48], [289.12, 198.28], [289.1, 197.9], [289.5, 198.02], [289.48, 197.41], [289.2, 197.26], [289.38, 197.07], [288.55, 196.56], [289.27, 196.61], [289.5, 195.64], [288.67, 194.75], [287.63, 194.29], [287.75, 193.43], [288.03, 194.0], [289.27, 194.78], [289.08, 193.97], [288.4, 193.14], [289.12, 193.52], [288.81, 192.8], [288.84, 190.97], [288.65, 190.44], [288.9, 190.59], [289.03, 190.17], [288.61, 189.53], [289.05, 189.73], [289.31, 188.93], [289.46, 189.29], [289.98, 188.8], [290.19, 187.62], [290.43, 187.65], [290.35, 188.48], [290.63, 188.45], [289.58, 189.88], [289.67, 190.76], [289.36, 190.69], [289.31, 191.13], [289.57, 190.98], [289.78, 191.38], [289.39, 191.53], [289.28, 192.02], [289.65, 191.8], [290.21, 192.38], [289.5, 192.5], [289.49, 193.22], [290.11, 193.91], [290.67, 193.54], [290.47, 194.4], [290.85, 194.76], [290.69, 195.28], [291.24, 195.35], [290.33, 197.83], [290.26, 198.43], [290.44, 198.92], [290.8, 197.7], [291.45, 197.1], [292.12, 194.83], [292.68, 193.99], [292.81, 193.32], [292.93, 193.5], [293.03, 193.23], [292.94, 192.57], [292.61, 192.51], [292.89, 191.69], [292.26, 190.86], [291.96, 189.47], [291.45, 188.51], [291.46, 187.87], [291.87, 187.14], [291.64, 188.54], [292.76, 189.79], [293.45, 190.07], [293.38, 190.97], [293.75, 190.7], [294.37, 189.3], [294.81, 188.98], [294.87, 188.25], [295.09, 188.31], [295.3, 187.95], [295.74, 186.62], [295.81, 187.17], [296.13, 184.45], [296.05, 184.23], [295.35, 184.23], [295.29, 183.91], [296.09, 182.48], [296.09, 182.9], [297.25, 181.68], [299.15, 180.5], [303.21, 180.07], [303.74, 178.47], [303.95, 178.76], [304.09, 178.64], [304.24, 179.59], [305.59, 178.6], [305.72, 179.39], [306.45, 178.99], [307.77, 178.76], [307.7, 177.52], [307.32, 177.01], [306.93, 176.96], [307.31, 177.22], [307.62, 178.12], [306.77, 178.55], [306.39, 178.42], [306.14, 178.22], [306.04, 177.63], [305.73, 177.41], [305.84, 177.18], [305.49, 176.34], [304.6, 175.89], [305.23, 174.91], [305.86, 174.59], [305.83, 174.38], [305.5, 174.39], [305.23, 173.7], [305.51, 172.61], [307.05, 170.15], [306.86, 169.95], [307.12, 169.52], [307.74, 169.12], [307.71, 169.42], [308.01, 169.28], [308.19, 169.49], [308.23, 168.87], [308.42, 169.13], [308.64, 168.49], [308.72, 169.0], [308.92, 168.54], [309.02, 168.92], [309.53, 168.45], [309.87, 168.5], [310.33, 168.01], [310.64, 166.53], [311.22, 165.93], [311.12, 166.43], [311.37, 166.49], [311.07, 166.94], [311.88, 167.28], [312.12, 166.2], [312.34, 166.47], [312.98, 166.21], [313.26, 166.73], [313.69, 166.42], [313.89, 165.89], [314.42, 165.95], [315.26, 165.37], [315.76, 165.46], [316.35, 164.79], [316.01, 164.54], [315.96, 163.29], [316.55, 163.39], [316.69, 163.74], [317.73, 163.4], [317.94, 163.61], [319.04, 162.73], [319.55, 163.05], [322.75, 161.2], [323.43, 160.21], [323.61, 160.45], [324.09, 160.32], [322.36, 162.37], [322.84, 162.6], [323.14, 162.33], [323.02, 162.2], [326.74, 162.44], [324.73, 163.07], [324.47, 163.38], [324.61, 163.93], [323.97, 163.42], [324.04, 162.66], [323.7, 162.54], [323.82, 162.68], [323.7, 162.9], [322.39, 163.5], [318.94, 166.22], [318.78, 166.52], [319.43, 166.15], [318.92, 166.82], [318.64, 167.81], [318.83, 169.27], [319.09, 169.59], [319.26, 169.28], [319.53, 169.37], [319.96, 170.41], [320.71, 170.6], [321.11, 170.45], [321.15, 169.93], [321.42, 169.66], [321.85, 169.65], [322.5, 169.01], [324.19, 166.94], [324.01, 166.46], [324.17, 166.0], [324.51, 165.84], [324.7, 166.27], [325.0, 165.58], [325.51, 166.16], [326.12, 166.29], [326.31, 166.01], [326.14, 165.41], [327.0, 165.58], [333.6, 162.73], [333.38, 162.48], [332.35, 162.4], [332.87, 162.07], [332.67, 161.49], [334.64, 161.38], [335.46, 161.09], [337.08, 159.7], [336.77, 159.47], [336.97, 158.86], [335.92, 158.71], [335.72, 158.2], [335.1, 158.7], [334.54, 159.88], [335.25, 159.71], [334.45, 160.68], [333.52, 160.9], [333.42, 160.7], [333.77, 160.3], [333.58, 160.11], [334.08, 159.66], [333.51, 159.75], [335.08, 158.71], [335.62, 156.33], [335.4, 155.15], [334.93, 155.17], [334.06, 156.08], [332.99, 158.26], [332.5, 158.85], [332.25, 159.85], [332.4, 160.96], [331.44, 161.12], [330.92, 160.18], [329.39, 161.27], [328.62, 161.16], [328.76, 160.75], [327.05, 160.7], [326.42, 160.15], [325.86, 160.22], [324.84, 159.5], [325.49, 159.12], [325.25, 158.86], [323.43, 158.53], [323.13, 158.02], [322.87, 156.42], [323.71, 156.63], [323.81, 157.67], [325.18, 157.84], [325.02, 158.02], [325.28, 158.48], [325.92, 158.96], [327.3, 159.25], [327.54, 159.08], [327.08, 159.01], [328.22, 158.33], [327.91, 158.87], [328.54, 159.47], [328.05, 159.81], [328.51, 159.8], [328.89, 160.36], [330.17, 160.2], [329.91, 160.03], [329.98, 159.0], [331.94, 157.7], [331.39, 157.31], [327.63, 157.69], [325.48, 156.86], [325.08, 157.5], [324.61, 157.17], [324.71, 156.57], [323.9, 155.58], [324.31, 154.75], [324.26, 153.86], [322.56, 156.23], [322.38, 155.66], [322.6, 154.89], [321.55, 154.94], [321.19, 154.71], [322.36, 153.52], [322.54, 152.62], [322.97, 151.94], [321.98, 151.63], [322.1, 151.4], [320.35, 152.18], [319.65, 151.11], [317.63, 150.2], [318.97, 150.26], [319.42, 149.88], [320.73, 150.58], [321.36, 150.62], [322.62, 149.84], [323.17, 149.11], [323.99, 148.83], [324.27, 148.26], [324.29, 147.64], [323.52, 146.97], [324.4, 147.12], [324.38, 146.82], [323.36, 145.8], [322.58, 145.42], [320.59, 145.09], [317.48, 145.71], [312.74, 147.93], [311.06, 149.09], [309.17, 150.86], [307.43, 153.48], [306.13, 155.02], [303.92, 156.29], [303.85, 156.19], [305.59, 154.54], [306.34, 153.28], [307.65, 151.87], [308.29, 150.28], [307.31, 149.47], [308.58, 149.83], [309.44, 149.0], [310.73, 147.03], [311.85, 146.02], [312.79, 145.61], [312.61, 145.39], [315.24, 144.73], [316.49, 141.85], [317.78, 140.88], [318.85, 140.93], [319.34, 140.52], [319.9, 140.67], [321.33, 140.4], [324.51, 140.62], [325.43, 140.42], [327.21, 140.74], [328.72, 140.48], [331.03, 140.78], [331.59, 141.35], [334.25, 140.7], [336.35, 140.67], [336.91, 140.39], [337.12, 139.94], [339.0, 138.35], [340.89, 136.07], [342.11, 136.0], [343.93, 135.3], [345.33, 135.35], [348.12, 133.26], [349.11, 132.11], [348.13, 131.21], [348.81, 131.34], [349.02, 131.06], [348.9, 130.86], [347.23, 130.54], [348.74, 130.12], [348.54, 129.71], [348.66, 129.08], [348.49, 128.53], [348.76, 127.6], [348.28, 126.44], [347.86, 125.92], [347.15, 125.74], [346.65, 125.12], [345.73, 125.23], [344.31, 126.42], [344.15, 126.01], [343.75, 125.79], [344.88, 125.0], [344.06, 123.36], [341.47, 123.17], [341.32, 123.38], [341.45, 123.56], [342.34, 123.67], [340.48, 124.16], [338.54, 125.63], [337.07, 126.25], [336.15, 127.13], [335.63, 127.31], [335.85, 126.96], [335.74, 126.75], [336.29, 126.33], [335.49, 125.61], [336.16, 125.84], [336.41, 125.24], [337.09, 124.79], [338.04, 124.79], [339.7, 123.91], [340.53, 123.84], [340.89, 123.19], [341.93, 122.51], [343.25, 122.36], [344.1, 121.46], [342.88, 120.88], [342.58, 120.63], [342.48, 120.17], [341.81, 120.22], [341.22, 120.62], [340.11, 120.34], [339.48, 118.96], [338.72, 118.74], [337.92, 119.54], [337.78, 119.42], [338.2, 118.84], [337.47, 118.75], [337.27, 118.25], [335.96, 118.57], [334.79, 119.34], [336.01, 117.49], [335.39, 116.74], [335.58, 116.15], [335.2, 116.05], [334.95, 116.4], [334.43, 115.44], [333.42, 115.77], [333.14, 115.37], [332.38, 115.19], [332.81, 114.96], [332.63, 114.21], [331.62, 114.14], [331.63, 113.88], [332.45, 113.56], [330.6, 113.21], [331.54, 112.83], [330.13, 112.03], [332.6, 112.15], [332.71, 110.7], [331.85, 109.93], [330.85, 109.63], [331.22, 109.09], [331.01, 108.87], [329.72, 108.62], [330.88, 108.02], [330.99, 107.77], [330.81, 107.31], [331.08, 106.91], [330.91, 106.68], [329.91, 106.4], [329.38, 105.59], [327.39, 106.13], [328.43, 105.39], [329.06, 104.18], [327.5, 104.46], [327.12, 104.03], [328.24, 103.31], [327.73, 102.4], [327.06, 102.43], [327.25, 102.17], [327.15, 102.0], [326.6, 102.0], [326.31, 101.75], [324.75, 99.58], [323.63, 99.05], [322.34, 99.33], [321.36, 100.34], [320.65, 101.55], [320.08, 102.0], [319.58, 102.0], [319.41, 102.21], [319.6, 102.51], [319.05, 102.63], [319.4, 103.74], [319.18, 104.36], [318.91, 103.35], [318.12, 102.77], [317.08, 104.1], [314.63, 105.33], [314.33, 106.31], [314.08, 104.49], [313.78, 105.12], [313.32, 104.13], [312.56, 104.75], [312.72, 104.13], [312.26, 102.99], [311.34, 102.28], [309.7, 102.35], [308.08, 103.29], [307.16, 102.89], [307.99, 102.47], [308.23, 102.02], [308.62, 102.63], [308.96, 102.41], [309.1, 102.0], [309.2, 102.0], [309.5, 102.0], [309.095, 101.477], [308.68, 100.94], [308.48, 99.01]], [[434.77, 135.46], [435.47, 133.23], [434.72, 128.4], [435.12, 127.65], [436.39, 126.62], [436.69, 125.74], [436.37, 124.62], [436.3, 123.11], [435.11, 121.74], [434.48, 121.59], [432.53, 121.71], [431.36, 122.29], [428.15, 122.93], [427.47, 123.56], [426.97, 125.09], [425.68, 126.23], [425.16, 126.47], [424.05, 126.5], [422.63, 126.89], [421.81, 127.61], [421.56, 128.87], [421.13, 129.79], [421.12, 130.78], [421.69, 131.6], [422.86, 132.11], [423.28, 132.51], [423.52, 133.04], [423.61, 134.0], [423.07, 134.99], [421.7, 135.51], [421.11, 136.07], [420.73, 137.64], [420.84, 138.35], [422.25, 140.24], [423.1, 140.7], [423.71, 140.68], [425.31, 140.16], [426.39, 139.33], [428.01, 139.07], [430.14, 137.78], [431.88, 137.26], [433.2, 137.11], [434.77, 135.46]], [[348.75, 155.68], [350.12, 155.54], [351.46, 153.42], [352.06, 153.32], [352.53, 152.76], [352.32, 153.47], [352.53, 153.34], [353.39, 151.34], [353.98, 151.79], [354.38, 153.18], [353.44, 155.67], [353.92, 155.85], [355.12, 154.49], [355.14, 156.74], [355.92, 156.38], [356.37, 156.69], [356.66, 156.53], [357.18, 155.22], [357.11, 154.65], [357.85, 152.69], [357.69, 151.85], [357.48, 151.74], [357.01, 152.68], [356.5, 153.12], [356.36, 152.87], [356.41, 151.89], [357.25, 150.25], [357.09, 150.1], [356.04, 150.74], [355.39, 151.85], [354.9, 152.27], [354.63, 152.26], [354.34, 151.66], [355.0, 150.66], [354.4, 150.61], [355.2, 150.34], [355.09, 149.81], [356.47, 148.97], [356.76, 148.47], [356.79, 147.94], [354.41, 148.71], [354.81, 147.82], [354.05, 147.58], [354.38, 147.12], [353.49, 147.22], [354.24, 146.78], [355.2, 145.67], [355.07, 144.88], [354.08, 144.35], [353.04, 144.42], [352.66, 144.83], [352.51, 143.96], [351.11, 145.09], [350.98, 144.92], [350.19, 145.41], [350.48, 144.47], [350.39, 144.02], [349.09, 144.34], [348.7, 143.99], [347.91, 144.27], [348.47, 143.7], [348.54, 143.3], [347.76, 143.52], [349.6, 141.91], [348.84, 142.01], [348.37, 141.75], [347.7, 142.1], [347.81, 141.55], [347.64, 141.32], [345.78, 143.55], [345.7, 142.87], [346.04, 141.79], [346.76, 140.62], [346.85, 140.14], [347.77, 138.94], [347.86, 138.46], [348.54, 137.8], [348.79, 136.81], [348.63, 136.48], [348.17, 136.51], [348.08, 135.93], [349.37, 135.67], [349.75, 134.9], [349.13, 134.82], [349.06, 135.3], [348.09, 134.86], [346.19, 135.91], [345.77, 136.83], [345.16, 137.34], [345.11, 138.02], [344.4, 138.72], [344.74, 139.09], [344.31, 139.13], [344.01, 139.57], [342.58, 143.16], [342.97, 144.09], [342.32, 143.86], [341.75, 144.55], [341.81, 145.12], [342.43, 145.24], [342.08, 145.92], [342.39, 146.31], [341.19, 145.89], [340.29, 148.05], [339.74, 147.82], [339.93, 147.39], [338.98, 148.24], [341.41, 148.39], [340.61, 148.88], [338.49, 151.01], [338.72, 152.33], [339.64, 152.56], [341.39, 151.89], [341.4, 152.12], [345.91, 152.6], [347.39, 152.2], [347.8, 151.63], [348.57, 151.5], [348.54, 152.49], [347.78, 152.88], [348.55, 152.76], [349.37, 153.06], [349.79, 152.9], [349.99, 152.2], [351.21, 152.38], [351.91, 152.1], [352.0, 152.28], [350.49, 153.14], [349.62, 154.4], [348.37, 155.01], [348.28, 155.4], [348.75, 155.68]], [[282.75, 268.91], [282.97, 270.5], [284.03, 271.78], [286.63, 272.33], [286.95, 273.35], [285.59, 274.77], [285.11, 275.77], [289.7, 275.23], [292.25, 275.68], [292.67, 275.18], [292.77, 275.66], [294.23, 274.99], [295.41, 274.93], [295.73, 274.56], [295.69, 274.01], [294.62, 273.56], [293.57, 272.4], [291.12, 272.1], [291.1, 271.69], [291.54, 271.59], [291.37, 271.33], [291.6, 270.93], [291.26, 270.44], [290.22, 270.32], [289.68, 269.9], [288.5, 269.61], [288.27, 269.28], [287.83, 269.38], [287.93, 269.08], [287.13, 268.21], [286.66, 268.66], [286.32, 268.07], [287.12, 268.19], [285.94, 266.92], [285.68, 266.84], [285.93, 267.28], [285.52, 267.24], [282.52, 264.74], [280.79, 264.54], [279.11, 262.66], [279.2, 262.39], [278.44, 262.13], [277.59, 262.11], [276.76, 261.4], [275.33, 261.62], [274.99, 261.17], [271.88, 261.21], [270.98, 261.72], [269.29, 262.08], [267.01, 263.42], [266.05, 264.65], [266.09, 265.95], [264.44, 266.89], [265.56, 266.56], [265.52, 267.22], [266.92, 266.51], [267.35, 265.54], [268.84, 265.3], [270.76, 263.27], [273.32, 263.32], [273.71, 263.67], [273.67, 264.08], [272.62, 264.57], [273.23, 265.31], [274.4, 265.43], [274.84, 265.75], [275.16, 265.07], [275.56, 265.91], [277.12, 265.96], [277.17, 265.71], [277.86, 266.79], [280.45, 268.12], [282.31, 268.11], [282.75, 268.91]], [[439.98, 117.46], [440.45, 118.21], [440.62, 120.24], [439.83, 122.16], [440.11, 123.16], [441.13, 123.79], [442.74, 123.59], [444.57, 123.95], [445.06, 124.49], [445.54, 125.87], [446.29, 126.71], [447.24, 127.33], [447.63, 128.13], [447.59, 129.43], [446.93, 130.94], [446.29, 131.31], [443.94, 131.73], [443.42, 132.1], [443.11, 132.6], [443.03, 133.25], [443.39, 135.2], [443.33, 135.78], [442.78, 136.69], [441.67, 137.57], [441.39, 138.54], [441.84, 139.53], [443.5, 140.54], [443.78, 141.64], [443.43, 142.42], [441.39, 144.2], [441.13, 145.36], [441.47, 146.23], [442.12, 146.68], [444.18, 147.24], [444.93, 146.93], [445.84, 145.63], [446.84, 145.08], [450.09, 145.67], [451.39, 145.08], [452.76, 144.91], [453.96, 144.34], [456.11, 144.79], [458.27, 144.58], [459.84, 144.78], [461.93, 143.95], [462.33, 143.44], [462.47, 142.81], [461.84, 141.2], [461.94, 140.32], [462.42, 139.64], [463.43, 139.14], [465.31, 137.74], [465.9, 136.08], [465.73, 134.89], [465.33, 134.25], [464.42, 133.67], [463.22, 133.36], [461.43, 133.3], [460.65, 132.91], [460.31, 132.42], [459.94, 131.25], [458.2, 129.48], [458.1, 128.76], [458.33, 127.49], [458.04, 126.69], [456.52, 125.31], [454.73, 124.43], [454.3, 124.04], [452.44, 119.53], [450.73, 118.01], [448.71, 117.24], [448.1, 116.61], [447.93, 115.9], [448.13, 115.19], [449.16, 114.29], [450.2, 113.02], [451.34, 110.6], [451.43, 109.8], [451.13, 109.13], [450.14, 108.56], [445.76, 108.53], [445.19, 108.39], [444.41, 107.51], [444.34, 106.91], [444.65, 105.49], [444.1, 104.5], [443.16, 104.17], [441.09, 104.24], [440.42, 104.43], [439.83, 104.9], [438.95, 106.25], [438.6, 107.3], [437.64, 108.17], [437.34, 108.76], [437.11, 110.07], [437.32, 111.1], [437.26, 112.21], [438.11, 113.7], [438.13, 114.55], [437.87, 115.49], [438.1, 116.32], [438.62, 116.82], [439.98, 117.46]]]}}, {"type": "Feature", "properties": {"id": "MR-OC-NPAC", "name_ru": "Север Тихого океана", "type": "OCEAN", "parent": null, "area_cm2": 372.5, "parts": 2, "U_cm2": 273.7, "U_over_A": 0.735}, "geometry": {"type": "MultiPolygon", "coordinates": [[[[877.56, 82.38], [875.888, 80.479], [890.0, 78.308], [890.0, 272.0], [815.895, 272.0], [815.88, 271.95], [816.44, 268.41], [817.49, 266.78], [818.09, 264.45], [818.9, 263.76], [819.73, 262.62], [821.15, 261.84], [821.72, 261.82], [823.41, 262.36], [824.66, 262.27], [825.53, 262.67], [826.47, 263.43], [828.1, 263.47], [829.55, 262.85], [831.24, 262.65], [832.73, 261.62], [834.1, 261.28], [835.43, 261.26], [836.67, 260.38], [837.67, 260.03], [838.77, 258.89], [840.39, 259.04], [842.15, 258.36], [843.11, 258.37], [844.11, 258.0], [846.54, 257.87], [848.12, 257.09], [849.01, 255.9], [849.95, 255.05], [850.92, 254.69], [852.54, 253.66], [853.15, 252.94], [853.37, 252.01], [853.7, 251.52], [855.29, 251.05], [856.51, 249.86], [856.96, 248.99], [858.21, 247.43], [858.4, 246.01], [859.47, 244.76], [859.67, 243.22], [860.97, 242.41], [862.15, 240.96], [863.14, 238.52], [864.38, 237.23], [865.36, 236.66], [865.87, 235.49], [865.68, 233.97], [866.3, 231.32], [865.74, 230.45], [864.7, 229.55], [864.49, 228.89], [864.75, 228.12], [865.79, 227.26], [865.91, 226.33], [865.45, 225.67], [862.75, 223.98], [862.28, 223.5], [862.09, 222.85], [862.35, 221.47], [861.38, 219.26], [860.23, 217.91], [859.17, 217.08], [855.1, 214.56], [851.9, 213.41], [849.89, 212.44], [848.34, 209.21], [846.44, 206.13], [846.49, 205.33], [847.44, 203.78], [847.24, 202.8], [845.52, 201.56], [844.97, 201.4], [844.2, 201.63], [843.62, 202.39], [843.13, 202.7], [842.56, 202.75], [842.03, 202.53], [841.62, 201.98], [841.5, 201.07], [841.12, 200.33], [839.4, 199.59], [838.59, 198.72], [838.35, 197.74], [838.61, 196.61], [839.19, 196.03], [840.51, 195.82], [841.04, 195.48], [841.67, 193.49], [843.56, 191.85], [844.63, 189.81], [845.37, 189.5], [846.18, 189.7], [846.68, 190.21], [846.86, 190.9], [845.57, 193.7], [845.64, 194.41], [846.02, 194.92], [846.55, 195.15], [847.18, 195.09], [849.5, 193.44], [850.37, 193.21], [851.7, 193.75], [852.77, 194.77], [852.9, 195.46], [852.79, 197.49], [852.23, 198.63], [852.25, 199.33], [853.04, 200.17], [854.92, 201.07], [855.51, 202.85], [855.57, 204.09], [855.07, 205.4], [855.66, 208.32], [855.07, 210.77], [855.36, 211.87], [856.04, 212.47], [856.78, 212.52], [858.0, 211.61], [859.75, 211.06], [860.3, 210.41], [860.68, 208.58], [860.15, 203.12], [858.61, 199.52], [858.08, 197.64], [856.72, 195.58], [856.84, 193.71], [857.45, 192.95], [858.5, 192.43], [859.18, 191.63], [860.04, 191.03], [861.02, 189.66], [861.2, 189.03], [860.98, 187.05], [861.08, 186.5], [862.71, 184.02], [863.06, 183.0], [863.74, 182.39], [864.19, 181.67], [864.68, 181.37], [865.26, 181.34], [866.84, 182.21], [868.03, 182.33], [871.6, 180.01], [871.96, 179.52], [872.04, 178.92], [870.8, 176.55], [870.63, 173.76], [870.12, 173.07], [869.07, 172.36], [866.83, 171.52], [863.38, 170.61], [851.37, 167.84], [845.57, 166.0], [842.99, 164.33], [841.78, 163.34], [841.07, 162.42], [839.63, 161.72], [836.69, 160.77], [835.61, 159.71], [832.06, 158.32], [825.03, 156.62], [823.26, 155.71], [822.87, 155.27], [822.74, 154.71], [823.43, 153.29], [823.25, 152.33], [822.52, 151.78], [818.32, 150.49], [817.92, 149.69], [818.09, 147.77], [817.62, 147.05], [814.73, 146.12], [813.09, 145.22], [809.01, 143.97], [808.49, 143.48], [808.12, 142.41], [807.61, 142.01], [804.91, 142.14], [804.07, 141.76], [803.75, 141.03], [803.96, 138.94], [803.73, 136.45], [803.32, 135.41], [803.38, 134.4], [802.0, 131.79], [801.39, 131.32], [800.68, 131.3], [800.16, 131.6], [799.24, 132.76], [798.66, 132.92], [798.09, 132.78], [797.5, 132.05], [797.28, 129.89], [796.83, 129.45], [795.48, 128.91], [795.2, 128.4], [795.2, 127.82], [798.5, 123.08], [799.99, 119.75], [802.07, 116.8], [802.79, 116.14], [803.44, 114.36], [804.6, 112.98], [805.25, 111.43], [806.16, 110.39], [806.83, 110.05], [808.21, 109.81], [810.31, 109.81], [811.09, 109.97], [812.1, 109.8], [813.45, 110.12], [814.92, 109.68], [815.97, 108.74], [816.66, 108.53], [818.04, 109.11], [819.08, 109.27], [819.95, 110.16], [820.85, 110.75], [821.81, 110.86], [822.84, 110.44], [823.27, 110.04], [823.73, 108.11], [824.6, 106.05], [825.81, 104.64], [826.31, 103.46], [827.11, 102.35], [827.37, 101.36], [828.15, 100.46], [828.69, 100.26], [829.55, 100.27], [830.8, 99.81], [831.84, 100.08], [832.45, 100.89], [832.3, 102.05], [832.45, 102.62], [832.9, 103.08], [833.52, 103.24], [834.33, 102.91], [836.05, 100.72], [836.83, 100.35], [837.54, 100.42], [838.08, 100.88], [838.33, 101.74], [837.75, 103.66], [835.54, 105.49], [834.96, 106.85], [832.15, 110.87], [831.14, 113.4], [829.74, 115.2], [828.81, 115.75], [827.92, 116.75], [827.37, 118.91], [826.32, 120.91], [826.01, 123.33], [825.88, 126.88], [826.58, 136.27], [826.91, 137.72], [827.19, 140.54], [827.88, 141.15], [828.85, 141.06], [829.38, 140.45], [829.97, 138.33], [830.25, 135.87], [831.83, 134.59], [832.13, 134.14], [832.1, 132.32], [832.42, 130.94], [833.44, 129.55], [834.82, 129.04], [835.34, 128.36], [834.96, 125.53], [835.45, 123.4], [836.64, 121.03], [836.5, 118.48], [836.68, 117.49], [836.45, 116.79], [835.47, 115.8], [835.32, 115.07], [835.63, 113.56], [837.23, 110.37], [837.42, 108.42], [837.79, 107.74], [838.28, 107.4], [839.95, 107.07], [841.57, 105.76], [843.13, 105.84], [844.85, 105.11], [846.18, 105.08], [847.35, 105.85], [848.27, 105.81], [850.92, 103.38], [852.08, 101.48], [853.15, 100.58], [854.34, 99.99], [857.12, 98.0], [858.06, 97.05], [858.97, 96.87], [860.76, 97.55], [861.62, 97.24], [861.96, 96.7], [861.98, 96.07], [861.56, 94.49], [860.69, 93.05], [860.66, 91.72], [859.86, 90.23], [859.83, 89.55], [860.26, 88.89], [862.04, 87.83], [863.16, 86.55], [863.73, 85.27], [864.14, 84.87], [864.94, 84.72], [866.2, 85.22], [867.5, 84.92], [868.35, 85.2], [868.86, 85.73], [869.17, 87.15], [869.5, 87.66], [870.91, 88.3], [871.71, 88.9], [872.42, 88.97], [873.04, 88.62], [873.94, 87.34], [874.08, 86.14], [874.5, 84.97], [875.78, 84.22], [877.06, 83.86], [877.57, 83.17], [877.56, 82.38]]], [[[212.0, 306.0], [178.0, 270.0], [10.0, 271.976], [10.0, 78.108], [44.648, 79.981], [44.51, 80.69], [44.07, 81.35], [43.03, 81.9], [40.5, 82.12], [38.88, 83.32], [38.06, 83.68], [36.41, 83.83], [35.15, 83.69], [34.26, 84.0], [33.63, 84.61], [32.93, 85.97], [31.82, 86.73], [31.15, 87.49], [30.64, 89.85], [30.8, 90.91], [31.56, 91.78], [32.88, 92.39], [34.09, 93.3], [36.57, 93.6], [38.1, 95.06], [39.58, 95.49], [40.38, 96.08], [41.69, 98.83], [41.94, 100.66], [42.97, 102.0], [42.03, 102.0], [42.17, 102.72], [40.95, 103.39], [42.08, 103.53], [43.22, 103.28], [43.55, 102.7], [44.79, 102.38], [45.41, 102.0], [46.26, 101.94], [46.63, 102.0], [47.39, 102.61], [48.11, 102.2], [50.19, 104.46], [50.66, 104.29], [50.45, 103.06], [50.71, 101.93], [51.66, 101.72], [52.68, 102.0], [51.65, 102.0], [51.49, 102.47], [52.07, 103.4], [52.39, 103.52], [55.43, 102.35], [55.72, 102.0], [56.06, 102.0], [55.72, 102.82], [55.91, 102.98], [55.17, 103.4], [54.32, 104.38], [54.42, 105.13], [55.28, 105.39], [54.23, 105.63], [54.07, 106.03], [53.82, 107.68], [54.5, 108.45], [53.39, 108.35], [52.01, 109.38], [51.03, 110.53], [50.99, 111.61], [50.35, 111.52], [50.29, 111.22], [49.23, 112.08], [47.78, 112.65], [46.28, 113.75], [45.6, 115.12], [46.31, 116.01], [45.11, 115.72], [44.83, 116.24], [44.25, 115.65], [44.56, 115.18], [43.71, 115.35], [43.64, 115.05], [42.25, 115.56], [40.92, 116.4], [38.75, 118.72], [37.67, 119.05], [37.51, 120.3], [38.1, 119.96], [38.13, 119.3], [38.86, 119.79], [39.42, 119.6], [39.58, 119.42], [39.54, 118.49], [39.93, 118.66], [40.17, 119.11], [40.04, 119.24], [40.25, 119.36], [41.15, 118.97], [42.12, 117.85], [42.37, 117.09], [42.77, 116.85], [43.12, 116.97], [42.92, 117.89], [43.75, 117.86], [44.56, 117.31], [45.71, 117.2], [46.08, 116.77], [47.82, 115.85], [48.08, 115.93], [48.14, 116.81], [48.53, 115.99], [50.66, 115.2], [51.23, 114.32], [51.56, 114.81], [52.14, 114.27], [51.82, 113.8], [51.34, 113.75], [51.74, 113.21], [53.14, 112.83], [52.71, 112.69], [53.32, 112.27], [54.16, 112.32], [54.56, 111.63], [55.43, 111.47], [56.47, 110.67], [56.91, 110.65], [57.57, 109.79], [57.35, 109.24], [57.47, 109.1], [58.03, 108.7], [58.57, 108.71], [58.73, 108.28], [59.37, 108.17], [59.92, 107.44], [61.2, 106.78], [61.6, 106.18], [63.8, 105.54], [63.96, 104.77], [64.27, 104.63], [64.46, 104.06], [66.15, 102.9], [66.47, 102.32], [66.21, 102.0], [64.75, 102.0], [64.5, 101.18], [64.65, 100.23], [65.64, 98.91], [66.97, 97.88], [67.61, 96.64], [68.17, 96.1], [69.64, 95.38], [70.81, 95.48], [71.72, 96.2], [72.22, 97.52], [72.69, 98.12], [73.83, 98.9], [75.0, 98.98], [77.63, 97.33], [79.35, 97.19], [80.22, 96.78], [80.87, 95.82], [80.94, 94.38], [81.2, 93.63], [81.74, 93.05], [82.46, 92.71], [85.69, 93.03], [87.25, 94.21], [90.75, 95.18], [92.13, 96.39], [93.79, 97.1], [96.6, 96.94], [99.45, 97.36], [100.54, 97.33], [101.27, 97.57], [102.37, 98.36], [103.44, 98.58], [105.72, 98.11], [106.67, 98.26], [107.45, 98.84], [108.38, 100.48], [110.77, 102.05], [112.16, 103.66], [114.99, 105.22], [114.62, 105.58], [114.43, 106.25], [116.17, 107.88], [116.76, 109.12], [117.53, 109.27], [117.98, 107.93], [120.23, 108.94], [120.35, 108.03], [120.06, 107.61], [118.81, 107.38], [120.09, 107.11], [120.14, 106.03], [118.75, 105.43], [117.71, 106.23], [117.52, 105.9], [117.8, 105.8], [117.9, 105.31], [117.19, 104.65], [116.1, 105.03], [115.93, 105.57], [115.19, 104.8], [116.39, 104.63], [116.45, 104.24], [115.97, 103.57], [115.23, 103.5], [115.44, 103.13], [114.85, 102.65], [113.56, 102.36], [113.88, 102.09], [113.65, 102.0], [115.29, 101.96], [117.21, 101.45], [117.98, 101.5], [119.0, 102.0], [119.13, 102.5], [119.56, 102.85], [119.68, 103.38], [120.49, 104.54], [121.8, 105.22], [122.26, 104.61], [122.32, 105.93], [123.22, 106.94], [123.96, 106.38], [123.76, 106.99], [124.89, 108.1], [123.7, 107.6], [123.43, 107.84], [124.04, 109.2], [123.96, 109.93], [125.81, 110.45], [125.88, 111.16], [126.79, 111.74], [126.82, 112.25], [127.16, 112.36], [127.67, 113.27], [128.14, 113.45], [128.53, 114.07], [129.49, 114.22], [128.65, 114.43], [127.44, 116.51], [126.62, 115.2], [124.8, 114.1], [124.85, 113.51], [124.41, 112.8], [123.08, 112.69], [122.98, 113.38], [123.21, 113.78], [122.4, 114.59], [122.66, 114.91], [124.1, 114.49], [124.27, 115.05], [123.98, 115.48], [122.68, 115.8], [123.14, 116.33], [123.81, 116.35], [124.07, 116.82], [125.03, 116.92], [124.85, 117.4], [125.3, 118.01], [124.72, 118.39], [125.95, 119.97], [126.24, 120.07], [126.24, 119.51], [126.54, 119.48], [126.8, 120.51], [127.46, 120.68], [128.12, 121.74], [128.58, 121.86], [128.89, 121.34], [128.9, 119.07], [128.06, 118.98], [128.23, 118.42], [127.28, 117.52], [126.5, 117.58], [126.94, 116.9], [128.09, 117.55], [127.78, 117.05], [128.36, 117.13], [128.82, 115.69], [131.0, 114.75], [130.72, 115.32], [131.33, 116.32], [131.51, 118.01], [131.82, 118.18], [131.14, 118.51], [130.95, 118.89], [131.53, 120.44], [132.44, 120.7], [133.4, 119.82], [133.36, 119.32], [133.58, 118.86], [133.97, 119.55], [133.36, 120.79], [132.98, 121.12], [132.75, 122.16], [133.15, 122.83], [133.91, 123.2], [133.74, 124.14], [133.03, 125.25], [134.26, 126.02], [134.52, 126.63], [135.27, 127.35], [136.15, 126.61], [136.29, 125.62], [137.01, 124.74], [137.74, 124.4], [138.24, 124.67], [137.57, 125.16], [137.83, 126.01], [138.57, 126.56], [138.44, 126.75], [137.16, 125.99], [137.31, 125.35], [136.83, 125.4], [136.4, 126.1], [136.66, 126.84], [137.9, 127.39], [138.26, 127.85], [138.47, 129.03], [138.72, 129.26], [139.62, 128.88], [139.0, 131.31], [139.62, 130.79], [139.67, 131.51], [138.75, 132.22], [139.22, 132.93], [139.49, 133.87], [140.22, 131.92], [140.4, 131.97], [140.19, 132.97], [140.57, 132.96], [140.18, 133.72], [140.22, 134.38], [140.74, 135.25], [141.17, 134.79], [141.31, 134.9], [140.68, 135.85], [140.63, 136.7], [141.64, 137.62], [142.51, 137.97], [143.74, 137.76], [144.07, 137.13], [144.06, 137.97], [144.48, 138.1], [144.08, 138.8], [145.44, 138.82], [144.27, 139.21], [144.4, 139.47], [146.61, 139.75], [146.9, 138.94], [147.08, 139.61], [148.29, 139.54], [148.86, 138.09], [148.86, 138.99], [148.3, 139.96], [149.32, 142.01], [150.16, 142.81], [150.94, 142.75], [151.64, 142.12], [151.71, 143.0], [152.17, 143.49], [151.88, 143.67], [151.37, 143.0], [151.2, 143.33], [151.5, 143.9], [152.71, 144.51], [153.27, 144.23], [153.3, 143.71], [153.7, 143.25], [153.44, 144.75], [154.49, 144.88], [153.58, 145.12], [153.68, 145.62], [154.02, 145.69], [154.02, 146.36], [154.36, 145.94], [154.75, 146.15], [155.16, 147.19], [155.56, 147.33], [155.7, 148.47], [155.22, 148.74], [155.95, 149.42], [155.63, 149.7], [155.71, 150.14], [155.99, 150.35], [155.93, 149.91], [156.44, 150.68], [155.98, 151.68], [156.12, 153.52], [155.57, 153.94], [155.33, 154.53], [154.17, 154.55], [154.74, 153.67], [154.92, 154.2], [155.09, 153.76], [155.47, 153.86], [155.53, 153.11], [155.19, 152.45], [155.36, 152.43], [155.32, 152.09], [155.62, 151.75], [155.6, 151.08], [155.44, 151.04], [155.35, 151.62], [154.89, 150.11], [154.32, 150.4], [153.78, 150.03], [151.43, 149.97], [149.32, 149.02], [149.46, 150.83], [150.28, 152.23], [150.96, 155.37], [151.04, 155.01], [151.81, 155.33], [151.04, 155.78], [151.15, 156.3], [151.68, 156.68], [151.51, 157.69], [151.23, 156.93], [151.15, 158.37], [151.37, 158.38], [151.56, 161.5], [150.93, 169.88], [149.81, 173.79], [150.2, 174.81], [150.34, 176.86], [150.75, 177.48], [150.66, 178.35], [151.15, 179.81], [150.98, 181.99], [150.73, 183.21], [150.54, 183.14], [150.29, 184.12], [150.34, 184.65], [150.43, 185.18], [151.84, 187.29], [152.0, 188.45], [151.88, 189.11], [152.22, 191.15], [153.91, 193.19], [154.33, 193.97], [154.26, 195.24], [154.45, 194.94], [155.81, 196.11], [155.66, 196.2], [155.7, 197.22], [156.01, 198.71], [156.67, 199.67], [157.49, 199.9], [157.71, 200.29], [157.76, 200.82], [157.39, 201.53], [157.51, 202.61], [159.22, 205.52], [160.33, 206.64], [160.45, 207.6], [161.03, 207.98], [161.07, 210.39], [161.54, 210.87], [164.07, 211.11], [165.05, 211.82], [165.41, 212.47], [166.31, 212.86], [167.26, 212.89], [167.59, 213.6], [167.54, 214.11], [168.49, 214.21], [170.26, 216.11], [170.69, 216.98], [170.91, 218.91], [171.22, 218.98], [171.44, 220.34], [171.87, 220.98], [172.06, 221.88], [172.72, 222.53], [172.71, 222.95], [172.42, 223.05], [172.6, 223.81], [173.55, 225.41], [173.66, 226.44], [174.33, 227.18], [174.53, 228.92], [175.06, 229.42], [175.08, 230.95], [175.47, 231.86], [176.93, 233.32], [177.59, 233.65], [179.88, 236.97], [180.16, 237.77], [180.03, 238.68], [179.53, 239.95], [179.84, 240.02], [179.79, 240.41], [180.1, 241.1], [179.42, 240.66], [179.43, 240.22], [178.65, 240.62], [177.3, 240.37], [177.43, 240.84], [178.74, 242.19], [179.01, 243.13], [179.98, 243.63], [180.31, 244.16], [180.76, 244.25], [181.46, 245.34], [182.4, 245.03], [182.74, 244.34], [182.84, 245.36], [183.13, 245.95], [184.18, 247.14], [185.0, 247.6], [185.58, 248.94], [185.89, 250.45], [185.72, 252.8], [185.88, 253.69], [186.53, 254.45], [186.66, 255.01], [187.01, 254.96], [188.89, 256.98], [190.05, 258.6], [190.82, 259.18], [191.34, 260.34], [191.84, 262.3], [192.37, 262.18], [193.32, 261.14], [193.54, 259.73], [193.29, 259.21], [192.8, 258.93], [192.41, 257.7], [191.11, 255.91], [190.93, 256.08], [191.01, 256.57], [190.81, 256.99], [189.97, 255.92], [189.75, 254.82], [189.88, 253.58], [189.29, 252.35], [188.88, 250.65], [188.55, 250.45], [188.13, 249.48], [188.02, 247.99], [187.33, 245.4], [186.67, 244.64], [186.62, 245.12], [186.06, 244.25], [186.07, 243.75], [185.53, 243.27], [185.13, 241.78], [183.96, 240.43], [183.56, 237.77], [182.92, 237.38], [182.59, 236.11], [182.26, 236.04], [182.08, 235.45], [181.74, 235.54], [181.61, 234.76], [181.0, 233.58], [178.7, 230.67], [178.41, 229.71], [178.46, 228.51], [178.26, 227.36], [177.74, 225.62], [178.01, 223.44], [177.59, 222.31], [179.86, 224.06], [180.29, 223.98], [180.44, 223.52], [180.99, 223.84], [181.35, 224.24], [181.38, 224.78], [183.05, 225.52], [183.06, 225.93], [182.84, 226.1], [183.02, 227.87], [183.69, 229.43], [183.94, 230.83], [184.88, 232.83], [184.99, 233.66], [185.43, 234.01], [185.61, 235.13], [187.0, 237.56], [187.61, 237.95], [188.62, 239.8], [189.2, 240.15], [190.33, 240.26], [190.09, 241.19], [190.49, 242.67], [191.07, 243.38], [192.03, 243.75], [192.18, 244.62], [192.58, 245.42], [193.37, 245.39], [193.96, 246.17], [194.28, 247.02], [193.53, 248.4], [193.65, 249.76], [194.19, 250.36], [195.09, 249.73], [194.84, 250.38], [194.56, 250.54], [194.68, 250.86], [195.38, 250.6], [195.64, 251.29], [197.51, 252.7], [197.25, 252.91], [196.84, 252.63], [197.61, 253.96], [197.8, 254.7], [199.07, 255.26], [199.02, 255.84], [198.34, 255.34], [200.74, 257.97], [202.29, 261.02], [204.05, 263.55], [204.47, 264.88], [204.46, 266.39], [205.1, 268.04], [205.74, 268.6], [205.66, 270.26], [204.87, 271.63], [205.4, 271.88], [205.6, 272.66], [204.78, 273.01], [204.41, 273.51], [204.97, 275.34], [206.55, 278.32], [209.5, 280.43], [210.87, 282.69], [212.99, 283.83], [214.39, 284.3], [215.26, 284.3], [216.17, 285.65], [218.35, 287.66], [220.73, 288.91], [221.69, 289.79], [224.38, 290.62], [225.06, 291.62], [226.15, 292.04], [227.25, 293.08], [228.9, 293.34], [230.8, 294.42], [231.67, 294.25], [233.15, 293.45], [234.84, 292.16], [235.82, 292.03], [235.17, 291.73], [235.53, 291.12], [235.84, 291.35], [235.84, 291.69], [236.36, 291.43], [236.22, 292.07], [238.68, 293.11], [240.18, 295.0], [241.86, 295.0], [241.32, 295.61], [241.28, 296.27], [243.12, 299.27], [244.53, 300.91], [245.73, 301.9], [246.42, 302.2], [247.35, 302.17], [247.92, 301.63], [248.0, 298.0], [251.13, 298.45], [253.25, 298.44], [256.98, 297.5], [260.0, 297.7], [262.72, 297.4], [265.92, 298.14], [267.91, 298.14], [268.52, 297.86], [272.34, 305.56], [272.0, 305.88], [272.0, 307.2], [268.59, 306.87], [265.54, 307.13], [263.46, 306.88], [257.33, 307.87], [256.0, 307.58], [255.52, 307.64], [255.01, 308.08], [254.11, 310.18], [254.28, 312.25], [255.26, 314.48], [256.59, 315.6], [257.34, 315.71], [258.38, 315.11], [259.16, 315.07], [261.19, 316.12], [261.7, 316.7], [261.86, 317.4], [261.7, 318.44], [262.83, 322.64], [262.75, 323.36], [262.15, 324.5], [262.28, 325.07], [262.15, 324.51], [261.28, 324.48], [260.47, 324.77], [259.84, 325.26], [253.91, 324.53], [249.23, 324.36], [249.27, 324.1], [247.29, 324.04], [245.88, 324.3], [245.05, 325.05], [244.57, 326.03], [243.8, 326.86], [242.83, 327.35], [243.33, 327.25], [242.97, 327.75], [243.12, 328.06], [243.6, 327.74], [243.48, 328.2], [244.09, 328.33], [241.83, 330.58], [241.26, 330.69], [241.26, 331.15], [240.56, 331.63], [240.32, 331.6], [239.38, 332.25], [237.95, 332.34], [237.1, 332.72], [236.78, 333.61], [237.08, 334.0], [236.93, 334.45], [236.0, 334.23], [235.25, 334.51], [234.93, 334.9], [235.61, 335.4], [235.69, 335.87], [235.33, 336.14], [232.12, 336.85], [231.59, 336.82], [230.912, 337.07], [212.0, 306.0]]]]}}, {"type": "Feature", "properties": {"id": "MR-OC-SATL", "name_ru": "Юг Атлантического океана", "type": "OCEAN", "parent": null, "area_cm2": 250.6, "parts": 1, "U_cm2": 185.9, "U_over_A": 0.742}, "geometry": {"type": "Polygon", "coordinates": [[[450.62, 512.37], [449.248, 516.02], [309.99, 463.66], [309.34, 463.0], [309.31, 462.2], [309.83, 461.28], [310.53, 461.07], [310.79, 459.95], [310.33, 459.7], [310.9, 459.68], [309.81, 459.28], [309.77, 458.5], [309.46, 458.09], [309.63, 457.93], [311.83, 458.43], [315.15, 458.52], [320.94, 458.06], [328.35, 456.85], [331.23, 455.77], [331.92, 454.73], [333.31, 453.82], [334.93, 452.34], [335.2, 451.66], [334.99, 450.6], [333.38, 450.31], [332.53, 449.84], [332.03, 449.1], [332.13, 448.55], [333.01, 447.9], [332.95, 447.47], [331.26, 446.42], [327.94, 445.39], [326.85, 444.21], [327.45, 443.9], [326.75, 442.28], [327.31, 440.6], [327.64, 440.56], [327.24, 442.45], [327.41, 443.04], [329.99, 444.76], [332.96, 444.69], [334.39, 445.37], [337.36, 446.08], [339.72, 445.68], [343.18, 446.17], [346.5, 445.37], [348.22, 444.48], [349.87, 442.65], [353.35, 440.69], [354.75, 438.57], [355.72, 437.74], [355.43, 436.88], [356.42, 435.35], [358.53, 434.5], [359.19, 433.19], [359.54, 433.43], [359.52, 432.94], [360.11, 432.24], [359.55, 431.88], [359.47, 431.24], [360.01, 431.78], [360.64, 431.93], [360.7, 432.26], [362.77, 431.92], [362.68, 432.48], [362.08, 432.44], [362.2, 433.29], [361.07, 433.89], [360.89, 434.48], [360.08, 434.55], [360.02, 435.22], [359.58, 435.64], [357.74, 436.54], [356.78, 436.83], [356.01, 436.71], [356.12, 437.58], [361.16, 434.98], [363.94, 432.45], [365.14, 430.55], [366.45, 429.21], [368.6, 427.71], [370.71, 426.82], [370.72, 426.42], [371.52, 425.3], [371.45, 423.71], [371.86, 422.6], [371.3, 421.1], [371.42, 420.19], [370.98, 419.77], [371.57, 419.5], [371.76, 418.76], [371.36, 418.48], [371.91, 418.39], [372.56, 417.73], [371.09, 417.37], [371.11, 417.23], [372.22, 417.26], [372.55, 416.74], [373.53, 416.85], [373.27, 417.14], [373.45, 417.18], [374.68, 416.42], [374.77, 416.12], [374.41, 416.02], [378.25, 414.37], [379.48, 413.59], [383.5, 412.26], [385.77, 412.29], [386.41, 411.67], [388.1, 411.0], [389.83, 410.68], [389.37, 410.47], [389.54, 410.0], [391.75, 409.87], [393.03, 409.56], [393.88, 409.86], [392.53, 410.01], [392.87, 410.15], [395.92, 409.81], [395.85, 409.2], [396.24, 408.99], [396.64, 409.13], [396.57, 409.53], [397.12, 409.73], [401.25, 409.67], [401.71, 409.19], [401.54, 408.55], [402.77, 407.73], [405.94, 406.8], [405.75, 405.28], [406.18, 404.46], [406.92, 403.45], [408.69, 402.43], [410.45, 399.91], [411.41, 399.4], [411.78, 398.52], [411.61, 396.57], [412.02, 395.39], [412.75, 394.6], [414.25, 393.73], [414.07, 392.11], [415.53, 388.1], [414.73, 384.41], [415.26, 382.51], [414.97, 382.72], [414.79, 382.55], [415.06, 381.24], [414.85, 381.07], [414.61, 381.16], [414.87, 380.48], [415.74, 379.82], [416.07, 379.09], [415.68, 378.73], [416.16, 378.61], [416.4, 378.22], [417.14, 378.65], [417.25, 379.25], [417.69, 379.28], [418.42, 378.91], [420.92, 376.63], [422.12, 374.77], [423.21, 373.86], [423.21, 373.49], [423.61, 373.45], [425.08, 372.28], [426.75, 371.71], [429.05, 369.78], [429.22, 369.55], [429.03, 369.29], [429.6, 369.34], [431.48, 367.92], [432.3, 367.02], [433.81, 364.06], [433.659, 363.54], [466.0, 362.0], [513.445, 357.256], [514.38, 357.95], [514.81, 357.95], [515.02, 357.47], [515.0, 357.89], [515.97, 357.78], [516.05, 357.32], [516.23, 357.78], [516.98, 357.67], [516.76, 357.34], [516.67, 356.47], [517.19, 357.6], [517.96, 357.18], [517.99, 356.84], [517.69, 356.5], [518.39, 357.07], [518.97, 357.04], [519.2, 356.7], [519.58, 357.14], [521.74, 357.03], [521.85, 356.7], [521.6, 355.8], [522.2, 356.39], [522.66, 356.37], [522.53, 356.86], [522.67, 357.13], [523.05, 357.05], [522.96, 356.64], [523.29, 356.95], [523.81, 357.04], [524.09, 358.6], [525.5, 359.16], [525.75, 358.89], [525.7, 358.67], [526.38, 358.7], [526.21, 359.0], [526.55, 359.37], [526.18, 359.32], [525.94, 359.56], [526.22, 360.18], [526.63, 360.13], [526.32, 360.43], [527.0, 361.18], [527.24, 361.95], [526.82, 363.76], [526.77, 365.79], [526.19, 367.01], [525.74, 367.46], [525.38, 368.45], [526.09, 368.71], [526.15, 370.29], [525.74, 370.01], [525.2, 370.2], [525.18, 370.4], [525.91, 371.23], [526.67, 371.56], [527.41, 371.54], [526.79, 371.78], [526.74, 372.05], [525.65, 371.69], [525.28, 371.09], [525.1, 371.27], [525.22, 372.42], [525.08, 373.38], [524.54, 374.11], [523.91, 374.49], [523.5, 374.56], [523.1, 374.17], [524.3, 376.52], [524.77, 376.81], [525.24, 376.61], [525.07, 377.25], [525.76, 377.39], [525.83, 377.53], [525.15, 377.65], [524.21, 376.56], [524.98, 378.3], [525.7, 378.53], [525.7, 378.76], [525.09, 378.56], [525.87, 379.43], [526.17, 380.1], [527.62, 380.69], [527.42, 380.82], [526.49, 380.43], [528.57, 382.24], [529.55, 383.54], [530.57, 384.41], [530.85, 384.96], [533.32, 387.39], [533.46, 388.02], [534.65, 389.91], [534.57, 390.94], [534.86, 391.53], [535.57, 392.17], [536.92, 391.67], [537.6, 391.7], [536.68, 392.18], [535.0, 392.59], [535.8, 394.15], [536.8, 395.35], [536.93, 396.27], [538.64, 400.04], [538.57, 401.1], [537.56, 402.17], [537.69, 401.81], [537.54, 401.89], [537.38, 402.31], [538.48, 405.46], [539.17, 406.87], [539.78, 407.58], [540.19, 408.98], [539.99, 411.5], [539.66, 412.53], [538.76, 413.85], [537.33, 414.71], [537.04, 415.55], [535.89, 416.93], [534.11, 423.82], [533.72, 424.5], [533.23, 424.88], [533.46, 427.12], [533.13, 430.33], [533.32, 432.12], [534.21, 433.7], [535.59, 435.21], [537.94, 439.38], [538.88, 441.82], [542.24, 446.91], [542.43, 448.1], [542.35, 448.49], [542.17, 448.35], [542.05, 448.65], [542.28, 449.68], [542.37, 452.75], [543.49, 455.51], [543.51, 457.82], [543.92, 459.79], [544.49, 460.42], [544.47, 461.36], [545.17, 463.37], [546.43, 465.29], [548.96, 467.54], [549.82, 468.77], [550.52, 470.08], [551.84, 473.54], [552.93, 475.43], [554.7, 477.84], [555.03, 479.11], [555.08, 480.38], [554.42, 481.2], [554.12, 481.29], [553.89, 481.06], [553.51, 481.46], [553.98, 482.55], [554.88, 483.46], [555.45, 484.44], [555.56, 485.01], [555.2, 485.19], [555.19, 486.03], [555.56, 486.56], [555.68, 485.76], [556.51, 485.65], [556.69, 485.73], [556.77, 486.59], [557.65, 486.54], [558.43, 487.01], [558.32, 487.43], [558.63, 487.4], [559.44, 487.9], [560.73, 488.01], [562.41, 486.91], [563.94, 486.59], [566.59, 486.61], [568.11, 485.58], [569.13, 485.39], [571.51, 485.63], [572.93, 485.33], [575.92, 485.94], [576.69, 485.92], [577.27, 485.26], [579.17, 485.47], [587.91, 516.03], [577.25, 520.56], [569.06, 523.4], [568.73, 523.75], [563.93, 525.55], [545.28, 526.91], [541.48, 526.35], [538.53, 525.46], [534.54, 525.05], [533.73, 525.22], [526.62, 524.19], [510.63, 518.29], [497.28, 510.03], [498.1, 509.26], [497.88, 508.96], [496.42, 509.36], [495.06, 509.18], [495.79, 508.75], [496.7, 508.81], [497.2, 508.42], [496.46, 508.03], [495.07, 508.01], [495.46, 507.52], [496.23, 507.4], [496.77, 507.67], [497.57, 507.28], [497.87, 506.56], [497.63, 506.11], [497.1, 505.78], [496.23, 505.45], [495.61, 505.6], [495.21, 504.49], [494.62, 504.0], [496.17, 504.2], [497.09, 504.82], [497.59, 504.79], [498.48, 504.29], [499.65, 504.58], [500.09, 503.47], [499.95, 503.05], [498.95, 503.37], [498.55, 502.57], [498.55, 501.85], [497.47, 501.97], [496.55, 501.52], [496.56, 500.92], [498.03, 500.73], [498.2, 500.44], [498.06, 499.13], [496.48, 499.31], [493.96, 498.88], [494.81, 498.36], [497.21, 497.98], [497.44, 497.65], [497.32, 497.26], [496.74, 496.82], [495.81, 497.33], [494.75, 497.25], [497.3, 495.71], [497.41, 495.38], [496.64, 494.28], [496.47, 493.67], [494.75, 493.82], [494.54, 493.37], [494.66, 493.04], [495.45, 492.8], [496.0, 492.32], [495.96, 491.96], [494.64, 491.99], [493.64, 491.39], [494.06, 490.79], [494.61, 491.0], [494.82, 490.64], [494.75, 490.28], [494.1, 489.86], [493.56, 488.95], [493.44, 487.85], [493.08, 487.36], [491.99, 486.69], [490.76, 485.39], [490.7, 484.98], [491.06, 484.34], [489.99, 483.86], [489.92, 483.53], [492.16, 482.67], [489.51, 482.92], [488.86, 483.31], [489.1, 484.16], [486.92, 483.72], [486.0, 483.31], [486.66, 482.52], [485.44, 482.19], [487.1, 481.24], [487.04, 481.04], [484.94, 481.26], [485.4, 480.71], [485.05, 480.1], [485.53, 479.12], [485.31, 478.53], [485.31, 477.84], [485.72, 477.54], [487.13, 477.53], [487.03, 477.23], [486.58, 477.1], [487.22, 476.69], [486.97, 476.24], [487.48, 475.26], [489.2, 475.8], [489.97, 475.56], [489.82, 475.05], [489.11, 474.57], [490.23, 473.34], [489.97, 472.86], [491.29, 472.8], [492.97, 474.8], [493.21, 474.81], [493.2, 474.42], [492.9, 474.12], [492.91, 473.25], [492.63, 473.01], [492.83, 472.68], [494.33, 472.55], [494.98, 472.94], [495.06, 473.43], [495.29, 473.55], [495.51, 472.73], [496.16, 472.26], [496.91, 472.56], [496.95, 472.92], [497.23, 473.13], [497.57, 472.47], [497.28, 472.1], [497.69, 471.9], [497.99, 472.08], [498.47, 471.51], [497.54, 471.24], [497.2, 471.56], [496.6, 471.51], [496.35, 471.87], [494.63, 472.11], [494.19, 471.74], [493.83, 470.88], [494.67, 469.74], [495.29, 469.65], [494.5, 469.14], [494.26, 468.57], [494.78, 467.94], [495.54, 468.15], [495.77, 467.91], [495.35, 467.22], [495.43, 467.01], [496.42, 467.17], [497.15, 466.98], [499.07, 465.03], [500.07, 464.49], [500.6, 464.58], [500.68, 465.07], [500.92, 465.18], [501.11, 464.94], [501.01, 464.53], [501.41, 464.1], [503.21, 464.91], [502.89, 464.13], [503.17, 463.86], [502.51, 463.6], [503.07, 463.38], [504.6, 461.46], [506.42, 460.48], [507.56, 460.17], [507.65, 460.89], [508.41, 460.86], [508.55, 460.59], [508.16, 460.29], [507.76, 459.19], [506.93, 459.03], [504.73, 460.05], [502.98, 460.5], [502.54, 461.04], [501.28, 461.72], [497.67, 462.87], [497.09, 463.96], [496.25, 464.47], [495.62, 465.27], [493.99, 465.92], [493.57, 465.45], [493.3, 465.51], [493.11, 465.96], [493.24, 466.31], [491.66, 466.81], [491.82, 467.7], [489.95, 467.22], [489.21, 467.88], [489.18, 468.96], [489.85, 469.24], [489.8, 469.48], [488.14, 469.97], [488.27, 470.28], [488.05, 470.61], [487.59, 470.46], [487.57, 471.0], [487.94, 471.42], [487.68, 471.69], [486.37, 471.41], [485.94, 471.57], [486.19, 472.13], [485.0, 472.21], [484.58, 472.91], [484.84, 473.43], [484.61, 474.43], [483.17, 474.28], [482.64, 474.73], [482.65, 477.44], [482.36, 477.08], [481.58, 477.29], [481.44, 476.06], [481.23, 475.88], [480.0, 476.64], [479.76, 478.11], [479.87, 478.56], [480.99, 478.33], [482.18, 478.67], [481.54, 479.27], [480.92, 480.78], [481.87, 481.76], [481.21, 482.72], [481.01, 483.27], [481.17, 483.71], [480.96, 484.16], [480.52, 484.16], [480.28, 484.57], [481.26, 485.33], [481.39, 485.93], [480.51, 486.64], [480.33, 487.07], [478.28, 486.78], [476.77, 487.16], [477.4, 488.12], [477.58, 489.82], [478.95, 491.64], [479.47, 492.84], [479.97, 494.53], [479.91, 495.56], [480.09, 496.65], [481.45, 498.33], [481.78, 499.21], [480.5, 501.57], [479.54, 502.58], [475.24, 504.1], [465.52, 505.36], [462.68, 506.51], [461.08, 506.58], [459.22, 506.23], [456.56, 506.98], [454.54, 507.16], [454.31, 507.04], [455.3, 505.9], [455.07, 505.42], [453.87, 505.55], [450.62, 512.37]], [[465.58, 495.28], [467.43, 495.79], [466.34, 496.03], [463.72, 495.86], [463.75, 496.3], [464.32, 496.66], [464.05, 496.89], [462.04, 496.03], [462.0, 498.0], [461.24, 498.07], [459.8, 498.57], [460.57, 499.09], [461.52, 499.05], [462.68, 499.57], [463.9, 498.9], [463.12, 498.21], [463.26, 498.12], [465.52, 498.44], [467.1, 497.13], [468.48, 497.99], [471.14, 498.38], [470.57, 498.96], [468.27, 499.35], [468.9, 499.93], [469.56, 500.09], [471.9, 499.54], [472.78, 499.83], [472.18, 500.26], [471.0, 500.46], [466.03, 500.07], [465.1, 500.65], [465.63, 501.28], [466.58, 501.47], [467.02, 501.84], [470.86, 501.58], [471.88, 501.81], [475.43, 501.22], [475.59, 500.73], [477.21, 499.51], [478.01, 497.99], [477.76, 493.61], [477.45, 493.44], [477.43, 492.83], [475.75, 490.14], [474.88, 487.84], [474.1, 486.65], [473.56, 486.41], [473.11, 486.61], [473.04, 485.02], [472.21, 484.24], [468.34, 484.93], [467.84, 485.2], [467.63, 486.0], [467.78, 486.41], [468.68, 487.12], [468.75, 487.58], [468.32, 489.32], [468.72, 489.98], [470.34, 490.62], [472.45, 490.46], [474.34, 491.54], [472.45, 491.37], [470.5, 492.17], [470.15, 492.72], [470.2, 492.97], [470.88, 493.3], [473.66, 493.7], [473.8, 494.15], [473.67, 494.84], [472.31, 494.02], [470.14, 494.2], [468.74, 494.92], [466.1, 494.6], [465.17, 494.84], [465.58, 495.28]]]}}, {"type": "Feature", "properties": {"id": "MR-OC-SPAC", "name_ru": "Юг Тихого океана", "type": "OCEAN", "parent": null, "area_cm2": 247.0, "parts": 1, "U_cm2": 162.4, "U_over_A": 0.657}, "geometry": {"type": "Polygon", "coordinates": [[[441.22, 540.0], [160.0, 540.0], [160.0, 521.092], [161.16, 522.01], [162.69, 522.66], [164.03, 521.64], [165.45, 519.66], [168.21, 517.54], [166.89, 516.93], [169.32, 514.94], [170.44, 516.55], [169.42, 518.66], [168.47, 518.63], [169.65, 519.98], [170.79, 519.0], [171.29, 517.77], [172.18, 517.82], [172.51, 519.08], [171.8, 520.27], [172.82, 521.29], [173.73, 521.37], [174.44, 523.34], [175.1, 522.77], [175.53, 523.04], [176.71, 525.38], [177.12, 524.71], [177.04, 522.82], [176.4, 523.28], [175.82, 521.88], [178.95, 521.34], [181.59, 517.62], [183.95, 515.23], [185.84, 514.36], [191.81, 513.86], [193.42, 511.99], [194.03, 511.83], [194.29, 509.57], [194.16, 506.11], [195.31, 497.63], [197.14, 492.44], [197.74, 492.13], [197.77, 490.99], [198.3, 490.75], [198.63, 486.44], [199.06, 484.75], [200.39, 482.51], [199.87, 482.3], [200.63, 481.65], [200.69, 478.75], [201.37, 478.25], [201.63, 476.79], [203.24, 473.05], [204.96, 471.85], [204.83, 471.18], [205.22, 471.18], [206.46, 469.18], [206.9, 465.88], [208.01, 463.71], [208.78, 460.76], [209.29, 456.34], [209.21, 453.46], [210.39, 447.84], [210.77, 442.79], [212.02, 439.14], [211.88, 433.99], [209.63, 425.23], [209.85, 423.45], [209.47, 417.76], [209.87, 414.92], [209.2, 414.13], [208.67, 412.61], [208.64, 410.46], [207.37, 408.53], [206.39, 405.18], [204.79, 403.47], [203.33, 399.49], [201.71, 398.56], [200.01, 396.65], [198.49, 393.92], [198.1, 386.53], [197.41, 384.78], [197.14, 384.92], [197.01, 386.38], [194.46, 383.11], [194.07, 384.28], [194.23, 386.31], [193.49, 384.96], [192.91, 385.39], [192.02, 381.9], [191.68, 378.17], [191.07, 377.31], [190.46, 374.37], [187.91, 369.8], [188.13, 368.86], [188.89, 368.97], [188.28, 367.36], [187.5, 366.15], [186.35, 365.67], [183.29, 363.01], [181.7, 359.73], [180.33, 359.85], [179.67, 358.7], [178.14, 358.13], [176.63, 356.36], [176.21, 355.23], [176.39, 352.82], [175.85, 352.45], [174.91, 350.46], [175.37, 345.12], [174.27, 340.38], [174.32, 339.06], [173.55, 338.79], [171.94, 334.82], [172.1, 331.89], [171.18, 327.03], [171.26, 322.56], [168.13, 318.78], [167.27, 316.6], [165.98, 317.19], [164.76, 318.53], [163.76, 317.58], [162.74, 312.48], [162.92, 309.99], [162.799, 309.087], [178.0, 270.0], [212.0, 306.0], [230.912, 337.07], [229.99, 337.41], [230.06, 339.31], [228.01, 340.9], [228.41, 341.61], [228.06, 341.56], [227.58, 342.36], [226.3, 342.74], [226.05, 343.05], [226.53, 343.97], [226.38, 344.73], [226.64, 345.65], [226.57, 346.09], [225.71, 346.43], [226.23, 346.92], [226.91, 347.07], [228.73, 348.01], [229.97, 346.94], [229.87, 347.55], [230.34, 347.53], [230.75, 346.18], [230.8, 346.94], [231.21, 347.62], [229.89, 349.59], [226.37, 351.13], [224.52, 352.65], [224.08, 353.97], [225.0, 355.07], [224.72, 355.5], [225.95, 356.93], [225.75, 357.55], [225.04, 357.47], [224.73, 357.66], [224.82, 358.21], [229.34, 360.04], [229.86, 360.41], [231.58, 362.0], [232.67, 363.65], [234.27, 364.8], [235.39, 366.05], [238.09, 370.51], [240.11, 372.78], [240.52, 374.17], [242.39, 375.32], [242.73, 376.52], [244.21, 377.38], [245.68, 379.32], [246.94, 380.49], [247.12, 380.93], [246.78, 381.81], [246.25, 381.99], [246.59, 382.26], [246.61, 382.83], [248.17, 384.38], [250.01, 385.17], [251.97, 386.72], [256.27, 388.25], [258.18, 389.13], [263.88, 390.66], [265.48, 391.56], [268.09, 392.45], [268.69, 392.84], [268.97, 393.64], [273.42, 395.79], [273.81, 398.44], [274.39, 400.07], [274.18, 402.87], [274.67, 405.21], [273.58, 409.33], [273.05, 409.9], [272.55, 409.97], [272.41, 410.57], [272.44, 410.92], [273.31, 411.52], [272.8, 412.49], [272.5, 414.8], [273.05, 416.65], [271.89, 418.26], [272.23, 418.9], [272.18, 419.93], [271.08, 422.52], [270.95, 423.75], [270.23, 424.43], [269.76, 426.15], [269.2, 427.05], [268.23, 427.83], [268.36, 428.67], [269.08, 429.42], [269.13, 430.05], [268.74, 431.55], [267.53, 432.12], [267.35, 433.03], [268.22, 437.84], [268.63, 438.39], [268.5, 439.22], [267.88, 440.16], [267.2, 440.54], [267.67, 441.83], [267.54, 442.24], [266.8, 442.75], [266.04, 443.79], [265.81, 445.16], [265.05, 446.62], [263.27, 448.1], [263.43, 448.63], [262.56, 449.3], [262.1, 450.57], [261.49, 451.34], [260.99, 451.48], [260.55, 452.94], [259.84, 453.11], [258.83, 452.99], [258.57, 453.45], [258.83, 453.88], [258.57, 454.54], [259.43, 455.59], [259.18, 457.02], [260.49, 459.2], [259.66, 460.93], [258.51, 461.45], [258.02, 462.98], [257.13, 464.51], [257.88, 466.18], [258.71, 466.38], [258.06, 467.02], [256.82, 466.84], [256.7, 467.69], [256.15, 468.39], [255.93, 470.4], [255.08, 471.55], [256.41, 471.96], [257.69, 471.99], [258.22, 471.74], [258.16, 471.31], [259.17, 471.04], [259.67, 470.59], [257.98, 469.44], [259.51, 469.05], [259.22, 468.55], [259.67, 468.43], [259.75, 468.15], [259.14, 466.97], [260.42, 466.99], [261.71, 466.19], [263.66, 466.75], [263.03, 466.88], [262.3, 467.38], [262.68, 467.65], [263.76, 467.6], [264.24, 469.12], [263.17, 468.27], [262.52, 468.45], [263.16, 469.22], [262.52, 469.2], [262.18, 469.7], [262.59, 470.83], [262.04, 470.86], [261.77, 471.35], [261.15, 471.69], [261.04, 472.09], [261.51, 472.63], [261.19, 473.33], [260.49, 473.44], [260.3, 474.27], [263.01, 475.09], [262.94, 475.57], [262.67, 475.99], [261.14, 476.56], [259.87, 476.73], [259.5, 477.52], [260.98, 477.6], [260.75, 477.7], [261.2, 477.91], [261.16, 478.04], [260.3, 477.85], [259.02, 478.27], [258.21, 478.26], [258.09, 478.94], [258.82, 479.17], [258.82, 479.54], [258.56, 480.7], [257.55, 481.7], [257.57, 481.54], [257.22, 481.47], [257.84, 480.99], [258.3, 480.06], [258.18, 479.27], [257.53, 479.38], [257.1, 480.38], [256.16, 480.62], [256.89, 480.01], [256.71, 479.68], [257.17, 479.34], [257.78, 478.16], [257.19, 478.02], [256.44, 478.3], [256.62, 478.86], [256.28, 479.13], [252.2, 479.45], [252.16, 479.85], [252.83, 480.32], [249.54, 481.69], [249.31, 481.98], [249.62, 482.46], [250.54, 482.68], [250.74, 482.46], [250.06, 481.96], [252.56, 481.4], [252.25, 481.75], [252.45, 482.1], [254.67, 482.54], [254.93, 482.18], [255.57, 482.24], [256.29, 482.81], [256.04, 483.15], [256.26, 483.45], [254.79, 484.21], [256.37, 484.69], [255.88, 484.96], [254.56, 484.62], [254.02, 485.03], [255.28, 485.42], [255.47, 485.98], [254.34, 485.93], [254.37, 486.77], [254.83, 487.35], [255.43, 487.44], [256.2, 487.24], [256.93, 487.39], [255.43, 487.75], [255.32, 490.2], [255.97, 490.51], [256.79, 489.17], [256.92, 489.23], [256.55, 490.29], [257.49, 490.74], [255.66, 490.82], [255.51, 491.37], [257.01, 492.01], [255.46, 491.96], [254.12, 492.63], [255.04, 493.1], [256.15, 493.35], [256.07, 493.89], [257.07, 494.55], [258.52, 493.54], [258.43, 493.83], [258.69, 494.02], [258.14, 494.16], [257.76, 494.58], [257.84, 494.89], [256.34, 494.53], [255.31, 493.52], [254.05, 493.14], [253.46, 493.47], [254.19, 494.04], [252.03, 494.11], [253.29, 495.27], [257.24, 495.89], [257.44, 496.09], [257.28, 496.97], [256.65, 496.85], [256.07, 497.16], [257.08, 497.48], [258.08, 497.51], [259.14, 498.26], [259.75, 498.34], [261.8, 497.7], [263.28, 497.52], [263.46, 497.07], [263.76, 497.66], [263.02, 498.28], [262.4, 497.98], [260.3, 498.61], [259.07, 498.6], [258.39, 498.37], [258.3, 498.74], [257.71, 498.85], [255.61, 498.5], [256.27, 499.3], [256.79, 499.36], [256.9, 500.08], [258.84, 500.22], [259.76, 499.94], [260.38, 500.03], [260.65, 499.61], [261.35, 499.62], [260.69, 500.07], [260.99, 500.15], [260.09, 500.49], [260.18, 500.33], [258.57, 500.68], [259.95, 501.35], [260.92, 501.41], [261.37, 501.25], [261.38, 500.85], [262.02, 500.49], [261.85, 501.55], [261.23, 501.93], [263.5, 502.59], [263.76, 502.07], [264.88, 501.51], [268.76, 500.46], [269.48, 500.6], [269.77, 500.83], [269.2, 501.28], [267.16, 501.89], [266.89, 502.79], [266.65, 502.05], [266.25, 501.89], [264.61, 501.95], [264.12, 502.25], [264.28, 502.62], [265.2, 503.11], [269.16, 503.87], [270.52, 503.55], [270.74, 502.91], [270.57, 502.31], [271.44, 500.47], [276.74, 499.54], [277.52, 498.95], [278.45, 498.76], [282.03, 499.22], [282.25, 499.07], [279.69, 497.15], [278.29, 496.97], [278.3, 496.81], [279.27, 496.75], [279.24, 496.01], [278.5, 494.86], [278.84, 494.67], [279.13, 493.82], [279.81, 493.2], [282.14, 492.52], [281.07, 492.07], [281.04, 491.28], [281.84, 491.97], [282.88, 492.36], [284.43, 492.0], [285.02, 491.61], [285.47, 489.75], [286.45, 488.85], [288.41, 487.87], [291.3, 487.0], [293.92, 485.78], [293.36, 485.43], [292.52, 485.31], [293.58, 485.05], [294.07, 484.64], [294.24, 483.96], [293.73, 483.39], [289.57, 482.92], [286.29, 481.2], [285.86, 480.01], [288.83, 477.59], [290.44, 477.37], [292.22, 476.71], [294.69, 476.84], [294.86, 476.44], [294.42, 476.2], [294.65, 475.79], [295.92, 475.24], [296.35, 474.64], [296.16, 474.27], [296.47, 473.94], [296.18, 473.14], [296.42, 472.48], [298.28, 471.32], [300.63, 470.65], [297.46, 470.0], [297.72, 469.71], [299.9, 469.25], [300.63, 469.43], [301.49, 470.32], [301.91, 470.38], [303.46, 470.15], [303.81, 469.81], [303.77, 468.55], [303.02, 468.03], [300.96, 468.44], [301.83, 468.49], [301.64, 468.89], [300.21, 469.0], [299.53, 468.95], [299.68, 468.45], [297.66, 467.99], [297.33, 467.59], [297.52, 466.36], [296.9, 464.95], [297.0, 464.26], [297.29, 464.03], [298.73, 463.7], [298.27, 464.06], [303.82, 465.12], [306.8, 464.97], [309.32, 464.32], [309.99, 463.66], [449.248, 516.02], [446.83, 522.45], [445.97, 524.99], [446.68, 525.09], [446.68, 526.27], [445.62, 526.03], [444.55, 529.32], [445.9, 529.73], [446.68, 529.69], [446.68, 531.76], [445.37, 531.99], [445.25, 532.86], [444.3, 532.81], [443.63, 532.21], [441.22, 540.0]]]}}, {"type": "Feature", "properties": {"id": "MR-R5-AFRE", "name_ru": "Восточная Африка", "type": "LAND", "parent": "MR-R3-AFR", "area_cm2": 140.2, "parts": 2, "U_cm2": 96.3, "U_over_A": 0.687}, "geometry": {"type": "MultiPolygon", "coordinates": [[[[524.694, 377.653], [524.21, 376.56], [525.014, 377.493], [525.15, 377.65], [525.83, 377.53], [525.76, 377.39], [525.376, 377.312], [548.0, 366.0], [578.0, 338.0], [600.0, 310.0], [616.938, 297.296], [617.11, 298.7], [618.34, 300.21], [618.33, 300.49], [617.93, 300.43], [617.9, 300.92], [618.23, 302.33], [618.15, 305.1], [618.24, 306.12], [618.97, 308.79], [620.38, 309.57], [620.13, 308.68], [630.1, 307.44], [633.59, 307.36], [633.57, 308.0], [635.05, 311.28], [636.09, 312.03], [636.69, 313.0], [637.96, 316.92], [639.16, 318.99], [639.21, 319.45], [638.3, 320.73], [638.35, 322.24], [637.94, 321.92], [637.69, 322.25], [638.64, 322.86], [638.98, 323.69], [639.11, 325.51], [638.79, 327.03], [639.23, 327.65], [639.17, 328.22], [638.27, 329.56], [638.66, 331.04], [638.17, 332.03], [637.69, 332.37], [637.86, 332.97], [637.59, 333.45], [635.86, 334.2], [635.41, 334.7], [635.04, 334.63], [635.12, 334.83], [636.26, 334.69], [637.1, 334.81], [638.15, 335.47], [639.79, 337.0], [641.35, 337.83], [643.74, 337.89], [647.04, 336.65], [649.69, 336.87], [653.28, 335.75], [655.3, 335.75], [658.64, 335.08], [661.72, 334.04], [662.79, 333.33], [663.45, 332.61], [663.99, 332.45], [665.31, 332.89], [664.5, 334.48], [664.34, 336.72], [663.92, 337.43], [664.42, 337.32], [664.46, 337.07], [664.99, 337.35], [665.01, 337.66], [664.47, 337.49], [663.57, 337.78], [663.16, 340.71], [661.81, 342.7], [660.74, 344.84], [659.9, 345.64], [659.24, 347.3], [657.81, 349.55], [657.19, 351.57], [653.6, 357.2], [649.96, 361.24], [647.21, 363.94], [643.45, 366.16], [639.45, 369.33], [633.68, 375.36], [632.86, 376.89], [631.71, 378.35], [630.78, 378.74], [630.41, 378.64], [630.27, 378.99], [630.06, 378.88], [630.17, 379.44], [629.81, 380.1], [629.25, 380.59], [628.45, 380.65], [628.03, 380.89], [627.7, 381.53], [627.75, 382.2], [627.49, 382.97], [626.64, 384.05], [626.5, 384.74], [625.41, 387.06], [625.03, 387.54], [624.54, 387.67], [623.17, 391.68], [623.13, 392.32], [623.36, 393.18], [624.19, 393.91], [624.73, 394.78], [625.34, 394.98], [625.59, 395.48], [624.74, 397.14], [624.73, 398.04], [624.88, 397.91], [625.2, 398.13], [625.24, 398.79], [624.79, 400.23], [625.03, 401.15], [625.4, 401.63], [625.28, 401.9], [625.91, 402.73], [625.86, 403.44], [626.38, 405.12], [626.19, 405.41], [626.64, 405.47], [627.04, 405.92], [627.37, 405.91], [628.37, 406.53], [629.1, 407.53], [628.69, 407.89], [629.06, 408.09], [628.42, 409.78], [628.84, 412.02], [628.7, 413.64], [629.01, 414.11], [628.92, 414.74], [628.53, 415.29], [628.97, 415.28], [629.07, 419.1], [629.47, 419.41], [629.24, 420.51], [629.51, 420.11], [629.81, 420.26], [629.88, 421.37], [629.15, 422.46], [629.26, 422.95], [628.96, 423.66], [627.46, 425.34], [627.05, 426.17], [626.41, 426.41], [626.59, 426.88], [624.59, 428.07], [624.06, 428.66], [622.68, 428.92], [620.94, 429.56], [618.84, 430.65], [616.94, 432.06], [616.8, 432.51], [615.61, 433.8], [615.15, 434.64], [614.9, 434.72], [614.69, 434.47], [614.6, 434.94], [614.23, 434.88], [613.32, 435.38], [611.7, 437.05], [610.32, 438.11], [610.0, 438.14], [609.32, 437.74], [609.68, 438.14], [609.51, 440.3], [610.43, 441.41], [610.91, 443.37], [611.37, 444.22], [611.53, 446.7], [611.76, 446.89], [612.0, 445.76], [612.28, 446.38], [612.11, 447.57], [612.39, 448.58], [611.71, 451.37], [612.28, 451.45], [611.94, 452.61], [611.0, 453.85], [610.46, 454.21], [605.0, 456.25], [603.15, 457.52], [602.48, 458.72], [603.33, 459.59], [603.69, 458.98], [603.46, 461.46], [602.29, 466.02], [601.76, 467.03], [600.61, 468.16], [599.78, 468.48], [598.3, 469.94], [595.44, 474.4], [593.77, 476.42], [592.15, 477.6], [590.07, 479.67], [586.77, 482.21], [584.16, 483.76], [582.62, 484.37], [582.01, 484.54], [579.94, 484.47], [579.43, 484.85], [579.38, 485.39], [579.17, 485.47], [577.27, 485.26], [576.69, 485.92], [575.92, 485.94], [572.93, 485.33], [571.51, 485.63], [569.13, 485.39], [568.11, 485.58], [566.59, 486.61], [563.94, 486.59], [562.41, 486.91], [560.73, 488.01], [559.44, 487.9], [558.63, 487.4], [558.32, 487.43], [558.43, 487.01], [557.65, 486.54], [556.77, 486.59], [556.69, 485.73], [556.51, 485.65], [555.68, 485.76], [555.56, 486.56], [555.19, 486.03], [555.2, 485.19], [555.56, 485.01], [555.45, 484.44], [554.88, 483.46], [553.98, 482.55], [553.51, 481.46], [553.89, 481.06], [554.12, 481.29], [554.42, 481.2], [555.08, 480.38], [555.03, 479.11], [554.7, 477.84], [552.93, 475.43], [551.84, 473.54], [550.52, 470.08], [549.82, 468.77], [548.96, 467.54], [546.43, 465.29], [545.17, 463.37], [544.47, 461.36], [544.49, 460.42], [543.92, 459.79], [543.51, 457.82], [543.49, 455.51], [542.37, 452.75], [542.28, 449.68], [542.05, 448.65], [542.17, 448.35], [542.35, 448.49], [542.43, 448.1], [542.24, 446.91], [538.88, 441.82], [537.94, 439.38], [535.59, 435.21], [534.21, 433.7], [533.32, 432.12], [533.13, 430.33], [533.46, 427.12], [533.23, 424.88], [533.72, 424.5], [534.11, 423.82], [535.89, 416.93], [537.04, 415.55], [537.33, 414.71], [538.76, 413.85], [539.66, 412.53], [539.99, 411.5], [540.19, 408.98], [539.78, 407.58], [539.17, 406.87], [538.48, 405.46], [537.38, 402.31], [537.54, 401.89], [537.69, 401.81], [537.56, 402.17], [538.57, 401.1], [538.64, 400.04], [536.93, 396.27], [536.8, 395.35], [535.8, 394.15], [535.0, 392.59], [536.68, 392.18], [537.6, 391.7], [536.92, 391.67], [535.57, 392.17], [534.86, 391.53], [534.57, 390.94], [534.65, 389.91], [533.46, 388.02], [533.32, 387.39], [530.85, 384.96], [530.57, 384.41], [529.55, 383.54], [528.57, 382.24], [526.49, 380.43], [527.42, 380.82], [527.62, 380.69], [526.17, 380.1], [525.87, 379.43], [525.09, 378.56], [525.7, 378.76], [525.7, 378.53], [524.98, 378.3], [524.694, 377.653]]], [[[613.66, 455.18], [614.36, 453.26], [615.35, 452.67], [615.72, 451.63], [616.81, 450.0], [617.36, 448.48], [617.51, 446.84], [616.82, 445.67], [616.8, 444.56], [616.16, 443.07], [615.84, 440.71], [615.96, 440.07], [617.42, 437.76], [617.48, 436.2], [619.03, 435.95], [620.07, 435.18], [620.47, 435.48], [621.32, 435.34], [621.65, 434.72], [623.18, 434.48], [623.98, 435.12], [624.12, 435.02], [623.79, 434.74], [623.75, 434.4], [624.24, 433.74], [625.8, 432.8], [626.08, 433.57], [626.32, 433.52], [626.3, 432.58], [627.16, 431.3], [627.53, 431.12], [627.63, 431.47], [627.41, 432.07], [627.57, 432.11], [628.55, 430.85], [629.18, 430.97], [628.68, 430.55], [628.55, 429.96], [629.29, 428.6], [628.98, 428.26], [628.96, 427.84], [629.44, 427.38], [630.15, 427.8], [630.65, 427.19], [631.95, 426.28], [632.35, 424.82], [631.91, 423.6], [632.39, 423.49], [633.29, 422.25], [633.64, 422.38], [635.72, 425.56], [636.51, 428.83], [636.72, 431.15], [637.4, 432.55], [637.53, 433.33], [636.63, 435.26], [636.25, 435.05], [635.58, 433.59], [635.09, 433.56], [634.82, 433.8], [634.98, 435.65], [635.38, 436.26], [635.4, 437.04], [635.05, 437.76], [635.16, 438.13], [634.59, 438.51], [634.1, 439.52], [634.18, 441.69], [633.8, 443.15], [632.34, 447.15], [630.46, 453.24], [628.97, 456.91], [627.82, 461.61], [626.57, 464.68], [626.1, 465.33], [625.09, 465.91], [623.19, 466.19], [621.05, 467.36], [620.05, 467.38], [618.73, 466.56], [617.19, 466.21], [616.17, 465.46], [615.75, 464.27], [615.0, 463.33], [614.85, 461.24], [615.1, 460.52], [614.59, 459.02], [613.89, 458.06], [613.72, 457.2], [613.55, 456.33], [613.66, 455.18]]]]}}, {"type": "Feature", "properties": {"id": "MR-R5-AFRW", "name_ru": "Западная Африка", "type": "LAND", "parent": "MR-R3-AFR", "area_cm2": 145.1, "parts": 1, "U_cm2": 108.0, "U_over_A": 0.744}, "geometry": {"type": "Polygon", "coordinates": [[[602.574, 272.186], [602.0, 272.23], [601.59, 271.65], [600.99, 273.11], [601.68, 273.16], [601.95, 274.19], [603.29, 274.92], [603.72, 275.14], [604.73, 275.06], [604.9, 276.61], [606.02, 278.04], [606.59, 280.42], [609.21, 283.99], [611.05, 288.43], [612.04, 289.6], [613.08, 289.77], [612.28, 290.49], [612.17, 291.12], [612.24, 292.41], [612.85, 294.29], [613.58, 294.9], [614.64, 294.97], [615.28, 295.82], [616.89, 296.9], [616.938, 297.296], [600.0, 310.0], [578.0, 338.0], [548.0, 366.0], [525.376, 377.312], [525.07, 377.25], [525.24, 376.61], [524.77, 376.81], [524.3, 376.52], [523.1, 374.17], [523.5, 374.56], [523.91, 374.49], [524.54, 374.11], [525.08, 373.38], [525.22, 372.42], [525.1, 371.27], [525.28, 371.09], [525.65, 371.69], [526.74, 372.05], [526.79, 371.78], [527.41, 371.54], [526.67, 371.56], [525.91, 371.23], [525.18, 370.4], [525.2, 370.2], [525.74, 370.01], [526.15, 370.29], [526.09, 368.71], [525.38, 368.45], [525.74, 367.46], [526.19, 367.01], [526.77, 365.79], [526.82, 363.76], [527.24, 361.95], [527.0, 361.18], [526.32, 360.43], [526.63, 360.13], [526.22, 360.18], [525.94, 359.56], [526.18, 359.32], [526.55, 359.37], [526.21, 359.0], [526.38, 358.7], [525.7, 358.67], [525.75, 358.89], [525.5, 359.16], [524.09, 358.6], [523.81, 357.04], [523.29, 356.95], [522.96, 356.64], [523.05, 357.05], [522.67, 357.13], [522.53, 356.86], [522.66, 356.37], [522.2, 356.39], [521.6, 355.8], [521.85, 356.7], [521.74, 357.03], [519.58, 357.14], [519.2, 356.7], [518.97, 357.04], [518.39, 357.07], [517.69, 356.5], [517.99, 356.84], [517.96, 357.18], [517.19, 357.6], [516.67, 356.47], [516.76, 357.34], [516.98, 357.67], [516.23, 357.78], [516.05, 357.32], [515.97, 357.78], [515.0, 357.89], [515.02, 357.47], [514.81, 357.95], [514.38, 357.95], [512.75, 356.74], [512.43, 356.1], [512.07, 355.13], [512.37, 355.04], [512.02, 354.91], [512.02, 354.43], [512.46, 354.29], [512.62, 353.97], [512.08, 354.22], [511.46, 353.78], [512.31, 353.51], [511.96, 353.48], [511.88, 353.2], [511.37, 353.55], [511.17, 353.43], [511.1, 353.0], [510.33, 352.14], [508.9, 351.05], [505.64, 350.79], [506.52, 350.22], [505.57, 350.46], [505.26, 350.89], [501.77, 351.12], [498.53, 351.72], [497.85, 352.04], [497.33, 352.85], [495.03, 353.01], [493.01, 353.86], [491.52, 354.77], [489.18, 355.4], [487.52, 356.33], [486.2, 355.77], [483.38, 355.15], [484.13, 355.09], [483.64, 354.85], [483.69, 354.37], [483.53, 354.35], [483.04, 355.09], [480.48, 354.5], [478.85, 354.74], [480.75, 354.77], [477.88, 355.07], [477.47, 354.85], [476.61, 354.83], [476.33, 355.03], [477.34, 355.1], [474.51, 355.5], [469.1, 357.71], [466.72, 356.91], [463.82, 355.36], [460.02, 351.96], [458.33, 351.18], [458.11, 350.66], [456.65, 349.93], [455.18, 348.61], [452.68, 347.62], [452.86, 347.08], [452.6, 346.68], [452.7, 346.38], [451.98, 346.52], [451.47, 346.18], [451.12, 345.09], [450.48, 344.87], [450.07, 344.15], [450.11, 343.96], [450.69, 344.16], [451.32, 343.47], [450.37, 343.65], [450.28, 342.76], [450.77, 342.63], [450.07, 342.28], [450.07, 341.66], [449.51, 340.82], [449.08, 340.41], [448.67, 340.44], [448.67, 339.13], [448.24, 339.27], [447.79, 339.0], [447.49, 338.43], [447.08, 338.47], [446.23, 338.08], [445.62, 337.07], [445.67, 336.34], [445.39, 336.61], [445.06, 335.79], [444.69, 335.67], [444.28, 336.22], [444.01, 335.53], [444.14, 335.09], [443.58, 335.46], [443.6, 335.05], [443.01, 334.84], [443.16, 334.31], [442.73, 334.2], [442.89, 333.91], [444.07, 333.57], [443.55, 333.28], [442.95, 333.52], [442.66, 332.98], [442.93, 332.66], [443.61, 332.66], [444.05, 332.33], [442.87, 332.42], [441.6, 333.03], [441.19, 332.96], [441.26, 332.45], [440.54, 332.52], [439.91, 332.07], [440.18, 331.45], [439.54, 331.56], [438.63, 331.06], [438.39, 330.67], [438.74, 330.38], [439.52, 330.21], [439.01, 329.86], [438.66, 330.23], [438.44, 330.15], [438.25, 327.78], [438.5, 327.49], [438.77, 327.33], [439.14, 327.9], [439.62, 328.01], [440.38, 327.97], [440.47, 327.63], [442.89, 327.34], [440.54, 327.42], [439.53, 327.73], [439.23, 327.38], [439.04, 326.61], [438.44, 325.9], [438.94, 325.44], [438.36, 325.57], [437.76, 324.25], [437.12, 323.47], [436.53, 323.18], [436.29, 323.21], [436.2, 323.45], [435.91, 323.11], [437.19, 322.53], [439.1, 319.8], [439.45, 316.92], [440.73, 313.79], [440.9, 312.65], [440.72, 310.55], [440.29, 308.94], [439.29, 307.74], [439.76, 307.58], [439.98, 307.24], [439.52, 307.37], [440.05, 306.32], [440.29, 304.85], [439.57, 303.44], [439.23, 303.25], [439.12, 303.6], [438.93, 303.5], [438.08, 302.0], [437.91, 301.9], [437.68, 302.16], [437.52, 302.94], [437.35, 302.77], [437.9, 299.29], [438.36, 298.42], [439.28, 297.84], [439.8, 296.97], [439.98, 296.17], [440.43, 295.52], [440.29, 295.3], [441.7, 292.99], [441.66, 292.83], [441.06, 293.4], [441.33, 292.83], [444.63, 289.9], [445.01, 287.64], [445.91, 285.9], [446.08, 285.11], [447.08, 284.25], [449.05, 283.18], [450.37, 280.11], [451.13, 279.26], [454.33, 278.53], [455.77, 277.94], [457.34, 276.59], [459.31, 275.42], [462.04, 271.96], [462.09, 270.84], [461.36, 269.96], [461.58, 267.61], [462.02, 266.65], [463.1, 265.38], [463.44, 263.76], [465.87, 261.49], [471.24, 259.12], [473.05, 256.41], [474.47, 253.04], [476.22, 252.55], [476.62, 252.64], [476.42, 253.17], [476.7, 253.6], [478.08, 254.69], [478.77, 254.94], [479.76, 255.08], [481.87, 254.68], [482.86, 254.91], [483.49, 254.82], [484.26, 254.26], [484.71, 255.2], [487.8, 255.33], [489.72, 254.45], [491.12, 253.45], [492.75, 252.79], [494.0, 252.88], [495.2, 251.78], [498.32, 250.56], [502.76, 250.29], [504.02, 249.66], [505.84, 249.64], [506.7, 249.3], [509.96, 249.32], [511.75, 250.16], [514.32, 249.46], [515.73, 248.75], [516.02, 249.02], [517.18, 249.27], [518.21, 249.09], [518.1, 248.68], [518.86, 248.78], [520.45, 249.46], [523.47, 248.96], [524.53, 248.3], [526.35, 247.82], [526.85, 247.92], [526.67, 248.24], [526.82, 248.49], [527.04, 248.33], [526.97, 248.1], [528.03, 248.23], [528.0, 248.8], [528.48, 249.35], [528.35, 249.63], [528.74, 249.79], [529.27, 249.29], [530.53, 248.68], [530.87, 248.63], [531.11, 249.28], [530.02, 250.58], [529.0, 251.38], [529.06, 252.13], [529.34, 252.61], [530.71, 253.44], [530.84, 254.43], [531.09, 254.75], [529.68, 256.65], [527.6, 258.23], [527.55, 258.75], [527.91, 259.43], [528.4, 259.83], [528.89, 260.04], [529.75, 259.95], [529.79, 260.54], [530.37, 260.48], [530.57, 260.16], [530.99, 260.37], [531.21, 261.03], [531.56, 261.23], [531.38, 261.43], [533.4, 261.91], [534.96, 262.7], [536.53, 262.89], [538.28, 262.47], [541.17, 263.14], [542.35, 263.77], [544.53, 264.05], [545.14, 264.87], [545.17, 265.54], [545.63, 266.65], [546.33, 267.44], [547.72, 267.96], [549.9, 268.1], [553.36, 268.98], [554.55, 269.46], [556.17, 270.75], [557.06, 271.18], [558.23, 271.17], [559.22, 270.75], [560.63, 269.49], [561.09, 268.59], [561.06, 268.21], [560.46, 267.02], [560.33, 266.14], [560.97, 264.79], [562.62, 263.5], [564.06, 262.75], [565.26, 262.66], [565.95, 262.17], [567.75, 262.1], [570.72, 262.99], [570.79, 263.99], [571.38, 264.37], [573.03, 264.34], [574.11, 264.78], [576.54, 264.68], [577.05, 265.08], [577.8, 266.49], [578.3, 266.51], [579.94, 266.0], [583.64, 266.59], [584.43, 266.75], [585.42, 267.41], [586.39, 267.47], [586.85, 267.8], [588.62, 267.83], [590.46, 268.66], [591.61, 268.26], [593.14, 266.91], [594.04, 266.68], [594.54, 265.72], [596.18, 265.05], [595.09, 265.91], [596.45, 265.53], [596.65, 264.71], [597.93, 264.87], [598.92, 263.84], [599.67, 264.51], [598.95, 264.16], [598.66, 265.39], [599.35, 265.4], [599.65, 265.96], [600.11, 264.98], [600.0, 264.53], [601.06, 265.13], [601.61, 264.69], [602.12, 264.57], [601.2, 268.32], [602.29, 271.27], [603.17, 271.18], [604.75, 271.96], [605.19, 271.95], [605.94, 271.4], [606.4, 271.64], [605.18, 273.22], [604.26, 273.61], [603.74, 273.61], [603.24, 272.37], [602.574, 272.186]]]}}, {"type": "Feature", "properties": {"id": "MR-R5-ARB", "name_ru": "Аравийский полуостров", "type": "LAND", "parent": "MR-R3-ASI", "area_cm2": 159.2, "parts": 1, "U_cm2": 102.4, "U_over_A": 0.643}, "geometry": {"type": "Polygon", "coordinates": [[[676.61, 184.63], [677.04, 186.49], [676.72, 184.71], [678.77, 186.17], [680.14, 187.45], [679.68, 187.79], [681.03, 188.79], [680.58, 188.69], [681.13, 189.7], [679.32, 188.39], [678.45, 188.46], [677.34, 187.26], [678.01, 188.58], [679.09, 190.09], [682.56, 194.09], [684.23, 195.78], [683.27, 194.42], [685.28, 194.84], [686.11, 196.37], [686.97, 197.11], [686.18, 197.19], [685.39, 196.76], [685.42, 197.86], [685.89, 198.86], [686.46, 198.39], [688.25, 199.15], [688.61, 199.8], [689.54, 200.69], [690.53, 203.65], [690.82, 206.46], [691.742, 209.325], [712.0, 214.0], [738.0, 210.0], [750.0, 208.0], [749.0, 228.0], [744.0, 252.0], [743.888, 252.391], [743.57, 250.78], [742.35, 249.17], [741.69, 248.94], [741.02, 249.11], [739.68, 250.59], [739.21, 251.39], [738.9, 252.5], [737.64, 254.22], [736.32, 257.86], [736.08, 259.21], [734.36, 263.3], [731.63, 267.55], [730.72, 268.27], [729.43, 270.03], [727.86, 271.08], [727.29, 271.69], [726.74, 271.9], [724.16, 271.81], [723.13, 271.53], [721.34, 271.93], [719.11, 271.86], [718.02, 271.54], [716.43, 271.82], [715.07, 271.26], [712.56, 271.18], [711.35, 270.73], [708.49, 270.19], [707.49, 267.19], [707.15, 264.96], [706.57, 263.96], [705.75, 263.27], [704.05, 262.89], [702.94, 263.19], [702.13, 263.75], [700.82, 264.09], [699.82, 265.19], [699.24, 265.12], [697.44, 266.31], [696.27, 266.56], [694.45, 265.59], [692.03, 265.46], [690.86, 264.31], [687.34, 262.32], [686.38, 260.79], [684.36, 259.71], [682.3, 259.5], [680.87, 258.11], [680.02, 256.13], [679.88, 255.01], [679.01, 254.26], [679.06, 253.24], [678.15, 252.81], [678.04, 251.38], [675.78, 248.76], [675.33, 247.31], [672.98, 248.21], [670.48, 246.41], [671.34, 246.4], [671.61, 246.2], [671.51, 245.89], [670.49, 245.71], [670.65, 246.01], [669.97, 246.65], [670.1, 247.74], [669.7, 248.19], [667.95, 248.69], [666.53, 248.16], [665.82, 248.32], [666.56, 250.6], [665.78, 250.38], [664.68, 251.55], [666.16, 251.74], [666.75, 253.7], [669.63, 259.37], [669.57, 260.26], [671.59, 261.48], [671.31, 261.77], [672.34, 263.11], [672.93, 263.26], [673.74, 264.28], [674.97, 264.94], [675.73, 265.8], [675.07, 265.72], [675.17, 266.51], [675.9, 267.14], [676.03, 267.65], [675.76, 268.73], [675.19, 268.68], [675.41, 269.46], [676.12, 271.24], [677.12, 272.28], [677.6, 274.05], [678.72, 275.59], [678.91, 275.07], [678.48, 272.41], [679.62, 269.34], [680.8, 268.43], [682.05, 269.72], [682.16, 270.36], [681.73, 271.71], [682.27, 274.17], [681.47, 276.2], [680.77, 276.53], [681.43, 276.93], [680.95, 277.94], [681.96, 278.22], [682.28, 277.95], [682.55, 278.42], [683.02, 278.4], [683.4, 279.69], [684.67, 279.91], [687.07, 278.94], [692.44, 279.37], [694.0, 278.82], [695.13, 278.25], [696.76, 275.45], [698.38, 274.25], [700.26, 271.84], [702.15, 270.26], [703.19, 268.08], [703.85, 267.94], [704.35, 267.33], [704.15, 270.19], [703.79, 271.0], [704.09, 271.43], [704.16, 274.32], [705.38, 277.17], [706.59, 278.84], [707.96, 280.0], [712.83, 281.41], [714.08, 281.38], [714.77, 281.77], [717.6, 285.97], [719.37, 287.06], [719.58, 287.63], [719.51, 288.33], [717.64, 292.13], [715.39, 294.4], [714.12, 297.05], [713.56, 297.44], [712.12, 297.7], [710.9, 299.23], [710.18, 302.18], [710.48, 304.82], [710.0, 305.74], [707.76, 306.26], [706.2, 307.05], [705.42, 307.92], [704.91, 310.11], [704.14, 311.03], [700.01, 311.81], [698.98, 313.11], [699.02, 314.41], [697.9, 315.76], [696.5, 316.17], [695.6, 315.88], [693.39, 316.09], [691.27, 317.36], [689.82, 317.54], [686.53, 318.87], [684.88, 320.34], [684.45, 321.33], [684.29, 322.64], [682.01, 323.66], [680.01, 324.88], [676.55, 325.9], [674.77, 326.77], [673.65, 326.94], [671.17, 327.89], [669.61, 328.64], [667.39, 330.34], [665.86, 330.82], [664.73, 330.67], [661.8, 332.36], [658.78, 333.19], [655.86, 333.14], [652.49, 332.74], [650.62, 333.41], [649.15, 333.35], [647.96, 333.57], [645.94, 333.12], [645.11, 332.69], [640.48, 332.03], [639.22, 331.42], [638.53, 331.46], [638.66, 331.04], [638.27, 329.56], [639.17, 328.22], [639.23, 327.65], [638.79, 327.03], [639.11, 325.51], [638.98, 323.69], [638.64, 322.86], [637.69, 322.25], [637.94, 321.92], [638.35, 322.24], [638.3, 320.73], [639.21, 319.45], [639.16, 318.99], [637.96, 316.92], [636.69, 313.0], [636.09, 312.03], [635.05, 311.28], [633.57, 308.0], [633.579, 307.36], [631.648, 307.405], [627.897, 307.714], [620.13, 308.68], [620.38, 309.57], [618.97, 308.79], [618.24, 306.12], [618.15, 305.1], [618.23, 302.33], [617.9, 300.92], [617.93, 300.43], [618.33, 300.49], [618.34, 300.21], [617.11, 298.7], [616.89, 296.9], [615.28, 295.82], [614.64, 294.97], [613.58, 294.9], [612.85, 294.29], [612.24, 292.41], [612.17, 291.12], [612.28, 290.49], [613.08, 289.77], [612.04, 289.6], [611.05, 288.43], [609.21, 283.99], [606.59, 280.42], [606.02, 278.04], [604.9, 276.61], [604.73, 275.06], [603.72, 275.14], [603.29, 274.92], [601.95, 274.19], [601.68, 273.16], [600.99, 273.11], [601.59, 271.65], [602.0, 272.23], [602.79, 272.17], [603.24, 272.37], [603.74, 273.61], [604.26, 273.61], [605.18, 273.22], [606.398, 271.643], [605.94, 271.4], [605.19, 271.95], [604.75, 271.96], [603.17, 271.18], [602.29, 271.27], [601.2, 268.32], [602.15, 264.47], [602.64, 264.58], [602.93, 265.22], [604.72, 266.29], [605.59, 266.61], [606.55, 266.26], [607.52, 264.29], [607.97, 260.89], [608.07, 250.07], [608.38, 243.82], [609.98, 232.37], [610.05, 230.44], [611.35, 227.49], [610.92, 225.01], [611.11, 223.05], [610.88, 221.75], [610.24, 220.86], [610.51, 219.07], [611.01, 218.15], [610.35, 216.47], [612.03, 214.37], [611.98, 213.51], [611.38, 212.94], [609.65, 214.14], [609.1, 214.92], [608.44, 215.08], [605.25, 213.7], [603.46, 215.05], [601.93, 216.99], [600.75, 217.69], [596.69, 218.5], [594.78, 217.75], [593.07, 215.69], [589.45, 213.99], [586.69, 213.84], [586.02, 217.28], [585.05, 217.04], [582.78, 218.05], [580.76, 217.46], [579.67, 215.13], [579.35, 214.99], [578.7, 215.26], [576.3, 214.42], [575.53, 215.67], [575.1, 215.81], [575.33, 214.94], [572.71, 215.6], [572.32, 215.16], [574.9, 214.44], [575.85, 213.07], [571.23, 213.6], [571.34, 212.67], [572.43, 212.48], [572.31, 211.99], [570.84, 211.22], [570.42, 210.14], [570.04, 209.9], [570.73, 209.52], [570.68, 208.23], [569.04, 207.99], [568.03, 207.45], [567.55, 207.86], [567.1, 207.81], [566.74, 205.7], [567.26, 205.78], [567.43, 206.44], [567.9, 206.74], [568.1, 206.25], [568.79, 206.33], [570.02, 205.78], [568.92, 205.74], [567.99, 204.81], [568.96, 203.83], [567.9, 203.69], [567.87, 203.02], [566.73, 202.52], [567.57, 201.11], [565.43, 201.87], [564.84, 198.57], [565.89, 197.32], [568.14, 196.98], [569.06, 197.63], [569.9, 197.78], [570.21, 197.65], [569.62, 197.18], [570.04, 197.15], [570.47, 197.32], [570.62, 197.77], [574.37, 198.34], [572.95, 197.66], [573.36, 197.32], [575.25, 196.89], [576.97, 196.33], [576.95, 196.19], [574.88, 196.4], [573.49, 195.84], [572.51, 195.82], [572.44, 195.35], [572.93, 195.21], [573.2, 194.36], [572.38, 193.87], [572.4, 193.36], [574.28, 193.29], [574.27, 194.39], [577.93, 193.9], [580.72, 192.95], [583.85, 192.84], [586.85, 192.03], [588.13, 190.62], [592.5, 188.07], [597.54, 186.43], [604.27, 186.54], [605.31, 186.1], [606.1, 186.25], [606.13, 186.84], [607.18, 187.58], [608.56, 188.0], [610.33, 187.55], [611.0, 187.68], [611.71, 188.94], [612.82, 189.71], [614.65, 189.25], [616.06, 190.15], [622.35, 191.39], [627.66, 190.26], [629.52, 190.87], [631.75, 190.91], [637.89, 188.14], [639.71, 186.46], [640.95, 184.76], [641.93, 182.55], [640.83, 182.7], [642.17, 181.92], [642.67, 179.41], [642.56, 178.16], [641.48, 177.85], [640.18, 177.07], [638.71, 175.18], [637.09, 174.65], [630.99, 174.2], [626.0, 174.34], [624.07, 173.22], [621.52, 173.48], [619.02, 172.83], [630.51, 169.74], [636.32, 169.11], [642.37, 168.85], [643.2, 169.02], [646.06, 168.68], [646.717, 168.737], [648.15, 168.622], [650.07, 168.35], [651.006, 168.392], [651.873, 168.322], [653.78, 167.3], [655.07, 165.59], [656.63, 165.06], [658.76, 163.44], [659.87, 163.04], [662.34, 161.67], [664.12, 161.67], [664.95, 161.17], [664.74, 161.45], [664.11, 161.81], [664.55, 162.08], [665.84, 162.29], [666.72, 161.57], [667.96, 161.64], [668.65, 162.33], [668.77, 162.56], [668.65, 163.21], [668.96, 164.11], [668.56, 166.29], [669.55, 167.16], [667.87, 167.05], [665.53, 167.65], [664.56, 169.68], [664.88, 170.01], [666.52, 170.69], [665.63, 170.98], [664.51, 170.81], [663.02, 171.38], [663.81, 172.12], [665.15, 172.34], [667.14, 175.16], [667.48, 176.54], [668.28, 176.54], [669.56, 177.88], [670.85, 177.99], [671.18, 178.24], [676.61, 184.63]], [[653.011, 167.748], [651.876, 168.322], [652.02, 168.31], [653.011, 167.748]]]}}, {"type": "Feature", "properties": {"id": "MR-R5-ASIN", "name_ru": "Северная Азия", "type": "LAND", "parent": "MR-R3-ASI", "area_cm2": 176.6, "parts": 1, "U_cm2": 123.1, "U_over_A": 0.697}, "geometry": {"type": "Polygon", "coordinates": [[[684.44, 126.29], [685.16, 118.09], [684.84, 114.42], [684.99, 112.95], [685.68, 108.61], [686.83, 104.1], [687.01, 102.69], [686.78, 100.29], [687.41, 95.91], [687.05, 93.58], [687.76, 89.14], [687.41, 86.84], [688.4, 82.09], [688.29, 79.7], [688.75, 77.89], [695.69, 68.11], [697.31, 65.23], [699.25, 62.76], [699.36, 65.18], [699.01, 65.92], [699.21, 67.86], [699.19, 71.19], [699.54, 71.81], [700.64, 72.78], [700.71, 73.16], [700.03, 74.37], [699.93, 76.04], [699.23, 76.77], [698.09, 79.07], [697.82, 79.35], [697.37, 79.25], [697.63, 80.38], [697.34, 80.37], [696.41, 81.03], [695.91, 80.66], [696.36, 80.1], [695.77, 80.32], [695.19, 79.65], [693.96, 79.78], [694.19, 80.68], [695.85, 81.71], [697.37, 81.7], [698.42, 82.14], [698.81, 81.83], [698.95, 80.91], [700.59, 79.7], [701.02, 79.16], [701.47, 77.48], [702.51, 76.06], [702.46, 74.82], [701.93, 73.42], [702.21, 72.08], [703.04, 71.64], [705.07, 71.18], [706.25, 73.23], [706.18, 76.02], [707.08, 76.86], [708.74, 76.8], [706.8, 76.13], [706.71, 75.1], [706.9, 74.36], [707.39, 74.08], [706.88, 71.48], [704.37, 70.14], [703.5, 70.13], [702.57, 70.71], [701.89, 70.5], [701.31, 70.62], [701.0, 70.28], [701.17, 69.39], [700.65, 68.21], [700.67, 67.83], [701.06, 66.33], [701.85, 64.71], [700.65, 62.13], [699.9, 61.2], [700.78, 59.59], [702.77, 58.39], [702.92, 57.91], [702.84, 56.75], [702.36, 55.68], [702.92, 55.51], [703.27, 55.75], [703.91, 57.78], [703.4, 59.04], [703.22, 59.14], [703.18, 59.73], [703.57, 60.37], [703.52, 60.86], [703.23, 61.27], [703.31, 61.63], [703.93, 61.94], [705.46, 62.2], [705.75, 62.5], [705.85, 62.29], [706.75, 62.34], [707.88, 63.3], [708.71, 63.24], [708.14, 62.92], [707.69, 61.94], [706.58, 61.76], [704.97, 60.78], [704.36, 59.34], [705.64, 58.85], [706.67, 59.61], [707.64, 59.35], [707.71, 59.17], [707.37, 58.61], [706.45, 58.54], [706.54, 58.2], [707.27, 57.65], [708.07, 57.38], [709.48, 57.44], [710.0, 57.83], [711.09, 57.37], [711.41, 56.75], [711.46, 55.4], [710.87, 53.66], [711.41, 52.72], [713.1, 52.29], [715.77, 52.25], [717.58, 51.91], [718.55, 52.12], [719.54, 52.76], [720.56, 52.63], [721.0, 52.27], [721.24, 51.63], [720.95, 50.5], [721.11, 49.44], [720.91, 48.14], [722.26, 46.23], [723.72, 45.36], [725.8, 44.53], [727.76, 44.24], [730.32, 43.43], [731.24, 42.56], [732.11, 42.25], [733.18, 42.27], [734.24, 43.02], [735.34, 43.17], [736.77, 42.76], [738.32, 42.0], [739.97, 42.05], [740.92, 41.04], [742.07, 40.35], [742.38, 38.84], [743.05, 37.99], [744.64, 36.77], [746.5, 36.03], [747.19, 35.96], [747.88, 36.3], [748.2, 36.77], [748.3, 37.64], [748.56, 38.15], [749.44, 38.7], [750.57, 39.07], [751.2, 40.17], [751.65, 40.55], [752.46, 40.62], [753.81, 39.89], [757.64, 39.94], [758.59, 40.38], [759.16, 41.16], [760.15, 42.01], [760.27, 42.55], [760.1, 43.72], [761.13, 45.19], [761.09, 46.17], [760.42, 46.91], [756.17, 49.46], [755.49, 50.36], [754.5, 51.03], [754.21, 51.54], [754.2, 52.12], [754.46, 52.64], [754.94, 52.98], [756.06, 52.95], [757.66, 51.88], [758.2, 51.72], [760.17, 52.14], [761.06, 52.88], [761.6, 53.07], [764.29, 52.16], [767.72, 52.46], [768.49, 52.86], [769.18, 54.1], [770.58, 54.92], [773.7, 55.07], [775.25, 55.44], [775.93, 55.22], [776.37, 54.72], [776.6, 54.17], [776.65, 52.88], [777.58, 52.04], [778.41, 52.07], [779.91, 53.02], [780.84, 53.28], [781.41, 53.25], [782.24, 52.9], [782.88, 52.97], [783.53, 53.43], [784.33, 54.7], [784.39, 56.16], [783.67, 57.36], [783.74, 58.3], [786.16, 62.52], [787.28, 63.41], [787.87, 63.62], [788.46, 63.54], [788.94, 63.19], [789.75, 61.2], [790.53, 60.65], [791.1, 60.68], [791.99, 61.21], [792.99, 61.38], [793.56, 61.25], [794.65, 60.59], [795.55, 60.54], [798.47, 61.95], [799.05, 61.8], [799.77, 61.27], [800.7, 61.06], [801.32, 60.35], [801.39, 58.89], [801.97, 57.4], [803.97, 56.14], [804.59, 56.01], [807.12, 56.18], [807.74, 56.39], [808.18, 56.87], [808.54, 58.08], [809.22, 58.66], [809.68, 59.37], [810.29, 59.7], [811.27, 59.47], [812.99, 57.76], [814.41, 57.73], [815.15, 57.94], [815.77, 58.57], [815.86, 59.68], [816.18, 60.27], [817.64, 61.51], [819.22, 61.83], [819.96, 63.13], [820.74, 63.62], [822.79, 63.51], [826.08, 62.65], [828.33, 62.73], [830.3, 63.32], [831.31, 63.93], [832.02, 64.89], [832.2, 65.84], [831.97, 67.23], [832.16, 67.78], [834.24, 69.22], [834.92, 69.15], [835.88, 68.54], [837.87, 68.16], [839.25, 68.65], [842.17, 69.02], [843.88, 68.63], [844.5, 68.95], [845.09, 69.99], [846.24, 70.71], [846.89, 71.61], [847.79, 71.87], [848.49, 71.59], [848.94, 70.9], [848.94, 70.3], [848.17, 68.05], [848.37, 67.4], [848.86, 66.97], [849.6, 66.88], [851.28, 67.18], [852.31, 67.58], [853.35, 67.41], [854.72, 67.63], [856.46, 67.55], [858.06, 68.49], [860.79, 69.51], [862.81, 71.19], [864.39, 72.09], [866.45, 74.11], [869.52, 76.21], [869.85, 76.66], [870.58, 78.9], [871.03, 79.42], [871.81, 79.61], [873.0, 79.2], [874.93, 79.39], [877.56, 82.38], [877.57, 83.17], [877.06, 83.86], [875.78, 84.22], [874.5, 84.97], [874.08, 86.14], [873.94, 87.34], [873.04, 88.62], [872.42, 88.97], [871.71, 88.9], [870.91, 88.3], [869.5, 87.66], [869.17, 87.15], [868.86, 85.73], [868.35, 85.2], [867.5, 84.92], [866.2, 85.22], [864.94, 84.72], [864.14, 84.87], [863.73, 85.27], [863.16, 86.55], [862.04, 87.83], [860.26, 88.89], [859.83, 89.55], [859.86, 90.23], [860.66, 91.72], [860.69, 93.05], [861.56, 94.49], [861.98, 96.07], [861.96, 96.7], [861.62, 97.24], [860.76, 97.55], [858.97, 96.87], [858.06, 97.05], [857.12, 98.0], [854.34, 99.99], [853.15, 100.58], [852.08, 101.48], [850.92, 103.38], [848.27, 105.81], [847.35, 105.85], [846.18, 105.08], [844.85, 105.11], [843.13, 105.84], [841.57, 105.76], [839.95, 107.07], [838.28, 107.4], [837.79, 107.74], [837.42, 108.42], [837.23, 110.37], [835.63, 113.56], [835.32, 115.07], [835.47, 115.8], [836.45, 116.79], [836.68, 117.49], [836.5, 118.48], [836.64, 121.03], [835.45, 123.4], [834.96, 125.53], [835.34, 128.36], [834.82, 129.04], [833.44, 129.55], [832.42, 130.94], [832.1, 132.32], [832.13, 134.14], [831.83, 134.59], [830.25, 135.87], [829.97, 138.33], [829.38, 140.45], [828.85, 141.06], [827.88, 141.15], [827.19, 140.54], [826.91, 137.72], [826.58, 136.27], [825.88, 126.88], [826.01, 123.33], [826.32, 120.91], [827.37, 118.91], [827.92, 116.75], [828.81, 115.75], [829.74, 115.2], [831.14, 113.4], [832.15, 110.87], [834.96, 106.85], [835.54, 105.49], [837.75, 103.66], [838.33, 101.74], [838.08, 100.88], [837.54, 100.42], [836.83, 100.35], [836.05, 100.72], [834.33, 102.91], [833.52, 103.24], [832.9, 103.08], [832.45, 102.62], [832.3, 102.05], [832.45, 100.89], [831.84, 100.08], [830.8, 99.81], [829.55, 100.27], [828.69, 100.26], [828.15, 100.46], [827.37, 101.36], [827.11, 102.35], [826.31, 103.46], [825.81, 104.64], [824.6, 106.05], [823.73, 108.11], [823.27, 110.04], [822.84, 110.44], [821.81, 110.86], [820.85, 110.75], [819.95, 110.16], [819.08, 109.27], [818.04, 109.11], [816.66, 108.53], [815.97, 108.74], [814.92, 109.68], [813.45, 110.12], [812.1, 109.8], [811.09, 109.97], [810.31, 109.81], [808.21, 109.81], [806.83, 110.05], [806.16, 110.39], [805.25, 111.43], [804.6, 112.98], [803.44, 114.36], [802.79, 116.14], [802.07, 116.8], [799.99, 119.75], [799.68, 120.443], [788.0, 122.0], [767.0, 137.0], [747.0, 165.0], [750.0, 208.0], [738.0, 210.0], [712.0, 214.0], [691.742, 209.325], [690.82, 206.46], [690.53, 203.65], [689.54, 200.69], [688.61, 199.8], [688.25, 199.15], [686.46, 198.39], [685.89, 198.86], [685.42, 197.86], [685.39, 196.76], [686.18, 197.19], [686.97, 197.11], [686.11, 196.37], [685.28, 194.84], [683.27, 194.42], [684.23, 195.78], [682.56, 194.09], [679.09, 190.09], [678.01, 188.58], [677.34, 187.26], [678.45, 188.46], [679.32, 188.39], [681.13, 189.7], [680.58, 188.69], [681.03, 188.79], [679.68, 187.79], [680.14, 187.45], [678.77, 186.17], [676.72, 184.71], [677.04, 186.49], [676.61, 184.63], [671.18, 178.24], [670.85, 177.99], [669.56, 177.88], [668.28, 176.54], [667.48, 176.54], [667.14, 175.16], [665.15, 172.34], [663.81, 172.12], [663.02, 171.38], [664.51, 170.81], [665.63, 170.98], [666.52, 170.69], [664.88, 170.01], [664.56, 169.68], [665.53, 167.65], [667.87, 167.05], [669.55, 167.16], [668.56, 166.29], [668.96, 164.11], [668.65, 163.21], [668.77, 162.56], [668.65, 162.33], [667.96, 161.64], [666.72, 161.57], [665.84, 162.29], [664.55, 162.08], [664.11, 161.81], [664.74, 161.45], [664.95, 161.17], [664.706, 161.317], [667.524, 158.041], [669.95, 155.07], [671.92, 152.93], [674.17, 149.64], [676.56, 147.34], [679.54, 143.53], [680.7, 139.77], [681.75, 134.98], [683.38, 131.18], [683.65, 128.85], [684.44, 126.29]]]}}, {"type": "Feature", "properties": {"id": "MR-R5-ASIS", "name_ru": "Южная Азия", "type": "LAND", "parent": "MR-R3-ASI", "area_cm2": 142.9, "parts": 1, "U_cm2": 96.5, "U_over_A": 0.676}, "geometry": {"type": "Polygon", "coordinates": [[[744.03, 253.11], [743.888, 252.391], [744.0, 252.0], [749.0, 228.0], [750.0, 208.0], [747.0, 165.0], [767.0, 137.0], [788.0, 122.0], [799.68, 120.443], [798.5, 123.08], [795.2, 127.82], [795.2, 128.4], [795.48, 128.91], [796.83, 129.45], [797.28, 129.89], [797.5, 132.05], [798.09, 132.78], [798.66, 132.92], [799.24, 132.76], [800.16, 131.6], [800.68, 131.3], [801.39, 131.32], [802.0, 131.79], [803.38, 134.4], [803.32, 135.41], [803.73, 136.45], [803.96, 138.94], [803.75, 141.03], [804.07, 141.76], [804.91, 142.14], [807.61, 142.01], [808.12, 142.41], [808.49, 143.48], [809.01, 143.97], [813.09, 145.22], [814.73, 146.12], [817.62, 147.05], [818.09, 147.77], [817.92, 149.69], [818.32, 150.49], [822.52, 151.78], [823.25, 152.33], [823.43, 153.29], [822.74, 154.71], [822.87, 155.27], [823.26, 155.71], [825.03, 156.62], [832.06, 158.32], [835.61, 159.71], [836.69, 160.77], [839.63, 161.72], [841.07, 162.42], [841.78, 163.34], [842.99, 164.33], [845.57, 166.0], [851.37, 167.84], [863.38, 170.61], [866.83, 171.52], [869.07, 172.36], [870.12, 173.07], [870.63, 173.76], [870.8, 176.55], [872.04, 178.92], [871.96, 179.52], [871.6, 180.01], [868.03, 182.33], [866.84, 182.21], [865.26, 181.34], [864.68, 181.37], [864.19, 181.67], [863.74, 182.39], [863.06, 183.0], [862.71, 184.02], [861.08, 186.5], [860.98, 187.05], [861.2, 189.03], [861.02, 189.66], [860.04, 191.03], [859.18, 191.63], [858.5, 192.43], [857.45, 192.95], [856.84, 193.71], [856.72, 195.58], [858.08, 197.64], [858.61, 199.52], [860.15, 203.12], [860.68, 208.58], [860.3, 210.41], [859.75, 211.06], [858.0, 211.61], [856.78, 212.52], [856.04, 212.47], [855.36, 211.87], [855.07, 210.77], [855.66, 208.32], [855.07, 205.4], [855.57, 204.09], [855.51, 202.85], [854.92, 201.07], [853.04, 200.17], [852.25, 199.33], [852.23, 198.63], [852.79, 197.49], [852.9, 195.46], [852.77, 194.77], [851.7, 193.75], [850.37, 193.21], [849.5, 193.44], [847.18, 195.09], [846.55, 195.15], [846.02, 194.92], [845.64, 194.41], [845.57, 193.7], [846.86, 190.9], [846.68, 190.21], [846.18, 189.7], [845.37, 189.5], [844.63, 189.81], [843.56, 191.85], [841.67, 193.49], [841.04, 195.48], [840.51, 195.82], [839.19, 196.03], [838.61, 196.61], [838.35, 197.74], [838.59, 198.72], [839.4, 199.59], [841.12, 200.33], [841.5, 201.07], [841.62, 201.98], [842.03, 202.53], [842.56, 202.75], [843.13, 202.7], [843.62, 202.39], [844.2, 201.63], [844.97, 201.4], [845.52, 201.56], [847.24, 202.8], [847.44, 203.78], [846.49, 205.33], [846.44, 206.13], [848.34, 209.21], [849.89, 212.44], [851.9, 213.41], [855.1, 214.56], [859.17, 217.08], [860.23, 217.91], [861.38, 219.26], [862.35, 221.47], [862.09, 222.85], [862.28, 223.5], [862.75, 223.98], [865.45, 225.67], [865.91, 226.33], [865.79, 227.26], [864.75, 228.12], [864.49, 228.89], [864.7, 229.55], [865.74, 230.45], [866.3, 231.32], [865.68, 233.97], [865.87, 235.49], [865.36, 236.66], [864.38, 237.23], [863.14, 238.52], [862.15, 240.96], [860.97, 242.41], [859.67, 243.22], [859.47, 244.76], [858.4, 246.01], [858.21, 247.43], [856.96, 248.99], [856.51, 249.86], [855.29, 251.05], [853.7, 251.52], [853.37, 252.01], [853.15, 252.94], [852.54, 253.66], [850.92, 254.69], [849.95, 255.05], [849.01, 255.9], [848.12, 257.09], [846.54, 257.87], [844.11, 258.0], [843.11, 258.37], [842.15, 258.36], [840.39, 259.04], [838.77, 258.89], [837.67, 260.03], [836.67, 260.38], [835.43, 261.26], [834.1, 261.28], [832.73, 261.62], [831.24, 262.65], [829.55, 262.85], [828.1, 263.47], [826.47, 263.43], [825.53, 262.67], [824.66, 262.27], [823.41, 262.36], [821.72, 261.82], [821.15, 261.84], [819.73, 262.62], [818.9, 263.76], [818.09, 264.45], [817.49, 266.78], [816.44, 268.41], [815.88, 271.95], [816.33, 273.47], [817.39, 275.46], [817.52, 276.85], [818.86, 279.61], [820.92, 282.78], [821.45, 284.36], [821.97, 285.27], [822.43, 287.71], [822.76, 290.85], [822.72, 293.04], [823.0, 294.46], [822.67, 295.56], [822.7, 298.73], [822.2, 300.1], [819.75, 303.07], [818.08, 303.62], [817.14, 304.94], [816.67, 305.28], [815.38, 305.37], [814.86, 305.22], [813.87, 304.33], [813.34, 303.5], [812.47, 302.82], [812.07, 301.38], [811.23, 300.43], [810.84, 298.79], [810.11, 297.19], [808.79, 295.6], [807.59, 295.16], [807.12, 294.66], [807.01, 292.79], [806.1, 291.52], [806.01, 289.56], [805.73, 288.92], [804.93, 288.49], [802.36, 288.47], [801.61, 287.94], [801.14, 286.86], [800.95, 283.45], [800.74, 282.66], [800.82, 281.16], [800.53, 280.52], [799.82, 280.13], [799.02, 280.27], [798.51, 280.71], [797.99, 281.7], [797.22, 282.46], [796.61, 282.69], [795.68, 282.38], [794.75, 281.02], [794.6, 280.34], [795.1, 276.9], [794.42, 272.55], [793.81, 271.24], [793.94, 269.87], [793.24, 268.09], [791.53, 266.46], [790.44, 263.47], [789.92, 259.25], [789.67, 258.76], [789.2, 258.42], [788.63, 258.34], [788.09, 258.53], [787.24, 259.73], [785.95, 260.42], [783.1, 260.84], [781.24, 262.32], [780.84, 263.44], [781.16, 265.32], [780.68, 266.77], [779.68, 268.16], [778.51, 268.53], [777.99, 268.97], [777.69, 270.1], [776.94, 271.22], [775.73, 274.19], [774.91, 275.13], [774.01, 276.8], [772.45, 278.68], [772.32, 279.25], [772.42, 280.16], [772.19, 280.8], [771.52, 281.4], [770.58, 281.8], [769.93, 282.83], [768.98, 283.39], [768.46, 284.02], [768.06, 286.29], [768.33, 288.42], [768.33, 291.72], [768.75, 293.03], [768.5, 295.14], [767.73, 297.77], [767.48, 299.34], [767.59, 303.29], [767.37, 303.78], [766.6, 304.59], [765.71, 308.02], [764.85, 308.82], [764.46, 309.47], [764.06, 311.41], [763.55, 311.89], [762.86, 312.02], [762.06, 311.56], [760.92, 309.52], [760.49, 307.64], [760.45, 304.64], [760.06, 302.11], [759.24, 299.21], [758.48, 297.8], [757.96, 296.03], [757.67, 291.65], [757.15, 288.72], [756.24, 286.42], [755.98, 284.52], [755.29, 282.84], [754.36, 273.12], [754.58, 271.33], [754.28, 270.5], [754.02, 268.68], [754.42, 265.38], [754.31, 264.41], [753.9, 263.86], [753.14, 263.63], [752.49, 263.85], [750.9, 265.08], [750.22, 265.08], [749.61, 264.66], [747.3, 260.63], [747.4, 259.85], [748.16, 258.83], [748.13, 258.01], [746.47, 256.31], [745.81, 254.14], [745.36, 253.79], [744.43, 253.48], [744.03, 253.11]]]}}, {"type": "Feature", "properties": {"id": "MR-R5-EUR", "name_ru": "Европа", "type": "LAND", "parent": "MR-R3-EUR", "area_cm2": 142.8, "parts": 3, "U_cm2": 78.8, "U_over_A": 0.552}, "geometry": {"type": "MultiPolygon", "coordinates": [[[[444.65, 105.49], [444.34, 106.91], [444.41, 107.51], [445.19, 108.39], [445.76, 108.53], [450.14, 108.56], [451.13, 109.13], [451.43, 109.8], [451.34, 110.6], [450.2, 113.02], [449.16, 114.29], [448.13, 115.19], [447.93, 115.9], [448.1, 116.61], [448.71, 117.24], [450.73, 118.01], [452.44, 119.53], [454.3, 124.04], [454.73, 124.43], [456.52, 125.31], [458.04, 126.69], [458.33, 127.49], [458.1, 128.76], [458.2, 129.48], [459.94, 131.25], [460.31, 132.42], [460.65, 132.91], [461.43, 133.3], [463.22, 133.36], [464.42, 133.67], [465.33, 134.25], [465.73, 134.89], [465.9, 136.08], [465.31, 137.74], [463.43, 139.14], [462.42, 139.64], [461.94, 140.32], [461.84, 141.2], [462.47, 142.81], [462.33, 143.44], [461.93, 143.95], [459.84, 144.78], [458.27, 144.58], [456.11, 144.79], [453.96, 144.34], [452.76, 144.91], [451.39, 145.08], [450.09, 145.67], [446.84, 145.08], [445.84, 145.63], [444.93, 146.93], [444.18, 147.24], [442.12, 146.68], [441.47, 146.23], [441.13, 145.36], [441.39, 144.2], [443.43, 142.42], [443.78, 141.64], [443.5, 140.54], [441.84, 139.53], [441.39, 138.54], [441.67, 137.57], [442.78, 136.69], [443.33, 135.78], [443.39, 135.2], [443.03, 133.25], [443.11, 132.6], [443.42, 132.1], [443.94, 131.73], [446.29, 131.31], [446.93, 130.94], [447.59, 129.43], [447.63, 128.13], [447.24, 127.33], [446.29, 126.71], [445.54, 125.87], [445.06, 124.49], [444.57, 123.95], [442.74, 123.59], [441.13, 123.79], [440.11, 123.16], [439.83, 122.16], [440.62, 120.24], [440.45, 118.21], [439.98, 117.46], [438.62, 116.82], [438.1, 116.32], [437.87, 115.49], [438.13, 114.55], [438.11, 113.7], [437.26, 112.21], [437.32, 111.1], [437.11, 110.07], [437.34, 108.76], [437.64, 108.17], [438.6, 107.3], [438.95, 106.25], [439.83, 104.9], [440.42, 104.43], [441.09, 104.24], [443.16, 104.17], [444.1, 104.5], [444.65, 105.49]]], [[[434.72, 128.4], [435.47, 133.23], [434.77, 135.46], [433.2, 137.11], [431.88, 137.26], [430.14, 137.78], [428.01, 139.07], [426.39, 139.33], [425.31, 140.16], [423.71, 140.68], [423.1, 140.7], [422.25, 140.24], [420.84, 138.35], [420.73, 137.64], [421.11, 136.07], [421.7, 135.51], [423.07, 134.99], [423.61, 134.0], [423.52, 133.04], [423.28, 132.51], [422.86, 132.11], [421.69, 131.6], [421.12, 130.78], [421.13, 129.79], [421.56, 128.87], [421.81, 127.61], [422.63, 126.89], [424.05, 126.5], [425.16, 126.47], [425.68, 126.23], [426.97, 125.09], [427.47, 123.56], [428.15, 122.93], [431.36, 122.29], [432.53, 121.71], [434.48, 121.59], [435.11, 121.74], [436.3, 123.11], [436.37, 124.62], [436.69, 125.74], [436.39, 126.62], [435.12, 127.65], [434.72, 128.4]]], [[[674.17, 149.64], [671.92, 152.93], [664.54, 161.51], [664.236, 161.6], [664.12, 161.67], [664.001, 161.67], [663.9, 161.7], [662.34, 161.67], [659.87, 163.04], [658.813, 163.421], [658.812, 163.421], [656.69, 165.02], [655.07, 165.59], [653.78, 167.3], [653.747, 167.318], [653.73, 167.34], [652.02, 168.31], [643.2, 169.02], [642.37, 168.85], [636.115, 169.132], [636.111, 169.132], [630.51, 169.74], [625.946, 170.967], [625.15, 171.21], [623.88, 171.54], [623.542, 171.614], [619.02, 172.83], [621.52, 173.48], [624.07, 173.22], [626.0, 174.34], [630.99, 174.2], [637.09, 174.65], [638.71, 175.18], [640.18, 177.07], [641.48, 177.85], [642.56, 178.16], [642.67, 179.41], [642.17, 181.92], [640.83, 182.7], [641.93, 182.55], [640.95, 184.76], [639.71, 186.46], [637.89, 188.14], [631.75, 190.91], [629.52, 190.87], [627.66, 190.26], [622.35, 191.39], [616.06, 190.15], [614.65, 189.25], [612.82, 189.71], [611.71, 188.94], [611.0, 187.68], [610.33, 187.55], [608.56, 188.0], [607.18, 187.58], [606.13, 186.84], [606.1, 186.25], [605.31, 186.1], [604.27, 186.54], [597.54, 186.43], [592.5, 188.07], [588.13, 190.62], [586.85, 192.03], [583.85, 192.84], [580.72, 192.95], [577.93, 193.9], [576.05, 194.21], [574.27, 194.39], [574.28, 193.29], [572.4, 193.36], [572.384, 193.768], [573.2, 194.36], [572.92, 195.2], [571.77, 195.45], [570.18, 194.73], [569.42, 195.04], [567.93, 194.95], [567.54, 195.94], [567.31, 196.03], [565.03, 196.77], [565.72, 196.23], [562.34, 196.99], [561.78, 196.35], [561.03, 196.1], [557.76, 195.64], [556.48, 196.42], [555.17, 196.01], [553.6, 197.2], [552.33, 197.1], [552.25, 197.47], [552.79, 198.15], [552.61, 198.48], [552.75, 198.81], [554.13, 199.25], [554.66, 200.18], [552.93, 199.12], [552.19, 199.28], [553.15, 200.39], [553.29, 200.86], [553.08, 201.17], [551.94, 199.84], [550.98, 199.65], [550.82, 199.87], [551.01, 200.43], [551.99, 201.23], [551.8, 201.41], [550.86, 201.09], [550.52, 199.91], [549.92, 199.57], [549.03, 199.6], [548.23, 200.25], [548.07, 201.4], [549.09, 203.2], [549.2, 203.97], [548.81, 205.01], [548.69, 206.03], [547.99, 207.09], [547.82, 208.32], [547.22, 209.27], [547.07, 210.0], [547.37, 210.83], [548.39, 211.6], [548.77, 212.21], [548.82, 212.92], [548.42, 214.3], [549.05, 216.48], [548.71, 217.42], [547.84, 217.94], [546.67, 217.82], [545.74, 216.89], [544.71, 216.43], [544.25, 215.97], [543.84, 214.35], [542.77, 213.28], [542.43, 212.5], [542.47, 211.7], [543.12, 210.46], [542.95, 209.44], [541.87, 208.37], [541.33, 206.66], [540.17, 205.93], [538.77, 204.64], [538.25, 203.5], [537.48, 202.51], [536.92, 201.04], [535.51, 199.66], [534.97, 197.66], [535.35, 196.08], [535.3, 193.76], [535.64, 192.59], [535.32, 191.61], [534.29, 190.85], [533.24, 189.45], [532.2, 188.54], [528.6, 186.27], [525.42, 183.45], [523.52, 182.65], [522.08, 182.43], [519.95, 180.74], [519.51, 180.06], [519.25, 178.43], [517.56, 176.64], [517.32, 174.95], [516.99, 174.25], [515.86, 173.35], [513.87, 173.11], [513.38, 172.68], [512.67, 171.47], [512.17, 171.2], [511.38, 171.1], [510.79, 171.18], [509.87, 171.73], [508.08, 172.31], [507.4, 173.03], [507.28, 173.74], [507.54, 175.04], [507.13, 176.43], [507.62, 178.73], [508.84, 180.2], [512.21, 182.5], [514.02, 187.02], [516.04, 189.31], [518.47, 190.9], [520.21, 191.08], [520.77, 191.3], [521.24, 191.79], [521.56, 192.88], [522.02, 193.46], [526.08, 195.53], [526.96, 196.33], [527.17, 197.03], [527.0, 197.8], [526.58, 198.3], [525.19, 199.12], [524.46, 200.32], [524.07, 201.65], [524.25, 202.66], [525.9, 204.1], [526.28, 205.14], [526.23, 205.78], [525.95, 206.3], [524.61, 207.15], [523.45, 207.26], [522.45, 206.43], [522.14, 205.76], [521.83, 203.53], [520.67, 201.44], [520.12, 200.94], [518.94, 200.64], [518.1, 200.07], [517.75, 199.51], [517.55, 198.51], [517.1, 197.91], [514.17, 196.58], [513.1, 195.04], [512.62, 194.66], [510.26, 194.3], [508.6, 193.35], [506.43, 190.96], [505.39, 190.16], [504.74, 189.23], [503.13, 188.2], [500.51, 185.15], [499.55, 182.68], [499.14, 180.98], [498.78, 180.38], [495.56, 178.55], [493.54, 178.07], [492.53, 178.5], [490.48, 180.76], [487.59, 181.79], [485.52, 183.41], [484.73, 184.37], [483.33, 184.94], [481.71, 184.81], [480.63, 184.34], [479.84, 183.65], [479.09, 183.3], [477.36, 183.38], [474.95, 182.66], [474.23, 182.84], [472.04, 184.34], [471.11, 186.41], [471.23, 187.41], [471.66, 188.64], [471.52, 189.59], [471.65, 190.65], [471.41, 191.32], [470.83, 191.89], [468.26, 193.39], [467.24, 194.33], [463.42, 195.48], [462.2, 196.54], [461.73, 197.55], [458.01, 203.48], [457.96, 204.05], [458.29, 205.68], [459.16, 207.13], [459.0, 208.2], [457.1, 209.97], [455.69, 213.2], [455.1, 213.62], [453.9, 213.91], [452.86, 214.66], [451.36, 217.11], [450.86, 217.56], [449.33, 217.78], [448.12, 218.2], [446.83, 218.06], [445.61, 218.26], [444.1, 218.06], [442.29, 218.25], [440.79, 219.32], [439.07, 219.87], [438.29, 220.88], [437.68, 221.33], [436.79, 221.54], [435.91, 221.22], [435.4, 220.79], [434.8, 219.72], [434.25, 217.52], [432.39, 215.93], [431.7, 215.74], [430.05, 215.88], [428.71, 216.56], [428.07, 216.65], [425.61, 216.14], [424.85, 215.48], [424.65, 214.78], [424.74, 213.03], [424.46, 211.72], [424.78, 209.32], [424.03, 208.07], [423.75, 206.76], [422.84, 205.81], [422.57, 204.98], [422.71, 204.34], [423.37, 203.41], [424.44, 200.76], [424.5, 199.5], [425.17, 196.99], [425.25, 195.49], [424.75, 193.12], [424.67, 190.33], [424.99, 188.79], [424.57, 187.27], [423.63, 185.59], [423.63, 184.93], [423.96, 184.27], [424.57, 183.85], [426.41, 183.32], [427.46, 182.14], [428.9, 181.56], [429.51, 181.64], [431.59, 182.47], [436.3, 182.06], [441.29, 183.2], [444.99, 182.74], [446.91, 183.33], [448.24, 183.19], [450.14, 183.68], [451.41, 183.58], [452.53, 183.19], [453.06, 182.78], [453.37, 182.21], [454.2, 177.69], [454.6, 176.67], [454.47, 175.44], [454.61, 174.42], [455.51, 172.76], [454.72, 168.63], [454.16, 167.92], [452.49, 167.17], [451.98, 166.75], [451.16, 165.36], [451.05, 163.43], [449.64, 162.16], [448.21, 161.35], [443.32, 160.07], [442.62, 159.65], [442.23, 158.55], [442.75, 156.29], [443.43, 155.77], [446.46, 154.96], [447.28, 155.14], [448.57, 156.04], [450.02, 155.89], [451.82, 156.01], [452.36, 155.77], [452.84, 155.21], [453.03, 153.08], [453.35, 152.5], [453.82, 152.15], [454.54, 152.0], [458.43, 152.46], [459.92, 151.97], [460.45, 151.42], [460.79, 150.37], [461.2, 149.87], [464.45, 148.43], [464.89, 148.07], [465.24, 147.27], [465.38, 145.01], [466.09, 144.03], [468.71, 143.24], [472.36, 141.63], [473.87, 141.52], [474.64, 141.12], [475.06, 140.35], [475.11, 138.62], [476.66, 136.74], [477.62, 134.16], [478.08, 133.72], [479.99, 132.7], [480.87, 131.77], [482.98, 131.01], [486.59, 130.93], [487.1, 130.64], [487.78, 129.85], [488.47, 129.57], [489.78, 129.55], [491.16, 130.18], [492.26, 129.86], [493.94, 128.01], [494.07, 125.36], [493.91, 124.77], [493.06, 123.46], [492.87, 120.85], [492.42, 120.3], [491.57, 119.76], [491.2, 119.16], [491.03, 115.89], [491.66, 115.0], [492.96, 114.59], [493.77, 113.91], [494.87, 113.37], [495.64, 111.7], [497.56, 109.81], [498.15, 109.52], [498.82, 109.52], [499.42, 109.8], [499.87, 110.39], [499.98, 111.19], [499.47, 112.39], [499.41, 113.64], [499.91, 115.46], [499.12, 117.56], [498.14, 118.4], [497.01, 120.0], [496.72, 122.5], [498.24, 125.22], [498.93, 125.62], [499.94, 125.75], [500.79, 126.12], [501.2, 126.52], [501.7, 127.5], [502.32, 127.94], [503.88, 128.05], [505.3, 127.21], [506.66, 126.89], [508.17, 125.71], [508.95, 125.57], [509.98, 125.81], [511.52, 127.0], [512.54, 127.43], [513.76, 128.92], [515.3, 129.29], [515.98, 128.98], [517.11, 127.87], [522.41, 126.38], [524.25, 124.92], [526.73, 124.09], [529.95, 123.55], [530.6, 123.61], [531.11, 123.89], [532.13, 125.44], [532.6, 125.8], [533.17, 125.96], [534.79, 125.9], [535.35, 125.7], [536.57, 124.81], [537.29, 123.58], [537.8, 123.16], [539.52, 122.81], [540.92, 122.99], [541.46, 122.79], [541.96, 122.29], [542.26, 120.47], [541.6, 118.31], [541.56, 113.68], [541.592, 113.598], [580.0, 122.0], [615.0, 134.0], [648.0, 142.0], [672.0, 142.0], [680.381, 140.803], [679.54, 143.53], [676.56, 147.34], [674.17, 149.64]], [[625.449, 171.101], [624.855, 171.261], [624.91, 171.26], [625.449, 171.101]]]]}}, {"type": "Feature", "properties": {"id": "MR-R5-SCA", "name_ru": "Скандинавия", "type": "LAND", "parent": "MR-R3-EUR", "area_cm2": 137.6, "parts": 2, "U_cm2": 76.4, "U_over_A": 0.555}, "geometry": {"type": "MultiPolygon", "coordinates": [[[[445.34, 62.34], [445.0, 63.27], [443.73, 64.42], [443.06, 65.53], [442.08, 66.08], [439.99, 66.66], [437.96, 67.95], [435.42, 68.55], [434.38, 69.28], [432.88, 69.93], [429.34, 69.37], [428.11, 68.46], [427.19, 68.15], [425.58, 67.05], [425.1, 65.61], [424.24, 64.38], [424.24, 63.39], [425.26, 62.02], [426.46, 61.56], [427.17, 60.83], [428.23, 60.29], [429.03, 59.5], [430.51, 59.2], [431.69, 58.34], [432.65, 58.28], [433.8, 59.01], [434.66, 59.14], [435.59, 58.77], [436.56, 58.1], [437.72, 57.99], [439.15, 57.18], [440.01, 57.14], [442.06, 58.2], [442.99, 59.78], [443.57, 60.28], [444.7, 60.74], [445.19, 61.35], [445.34, 62.34]]], [[[698.28, 63.81], [695.69, 68.11], [688.816, 77.797], [688.526, 78.772], [688.333, 79.532], [688.4, 82.09], [687.41, 86.84], [687.76, 89.14], [687.05, 93.58], [687.41, 95.91], [686.78, 100.29], [687.01, 102.69], [686.83, 104.1], [685.68, 108.61], [684.893, 113.902], [684.856, 114.264], [685.16, 118.09], [684.44, 126.29], [683.65, 128.85], [683.38, 131.18], [681.75, 134.98], [680.7, 139.77], [680.381, 140.803], [672.0, 142.0], [648.0, 142.0], [615.0, 134.0], [580.0, 122.0], [541.592, 113.598], [541.81, 113.05], [542.75, 111.99], [543.25, 110.46], [544.17, 109.37], [546.39, 108.7], [547.25, 108.76], [549.56, 110.43], [550.43, 111.74], [551.72, 112.31], [552.87, 112.12], [554.27, 111.01], [554.5, 110.33], [554.3, 108.24], [554.54, 106.61], [553.99, 105.74], [552.38, 105.15], [551.7, 104.32], [551.47, 101.74], [552.01, 100.72], [553.21, 100.24], [554.81, 99.14], [555.46, 99.25], [558.49, 99.06], [559.83, 98.54], [563.26, 98.87], [564.82, 99.41], [568.05, 99.53], [568.69, 99.19], [569.41, 98.41], [570.67, 97.58], [571.53, 97.24], [572.05, 96.72], [572.26, 95.87], [572.04, 95.17], [571.03, 93.73], [570.14, 93.28], [566.82, 94.03], [565.7, 93.79], [564.37, 93.97], [563.03, 93.77], [562.04, 94.16], [560.91, 94.22], [559.88, 94.75], [555.74, 95.87], [554.42, 96.6], [550.69, 96.64], [549.48, 96.18], [547.28, 94.52], [545.18, 93.98], [543.2, 92.88], [542.93, 92.36], [542.83, 91.53], [543.32, 89.99], [543.61, 88.22], [542.62, 86.07], [542.51, 84.65], [541.93, 83.53], [541.85, 82.83], [542.08, 82.16], [544.4, 80.0], [546.2, 79.23], [547.63, 77.55], [551.36, 75.48], [551.93, 74.78], [554.12, 72.98], [555.29, 71.54], [557.57, 70.7], [558.08, 69.79], [558.12, 68.65], [557.76, 67.87], [555.32, 66.38], [551.95, 66.09], [549.69, 66.49], [547.89, 65.99], [546.67, 66.29], [545.91, 67.04], [543.47, 68.7], [543.07, 70.07], [542.41, 71.29], [542.78, 72.9], [542.68, 73.6], [542.32, 74.12], [541.4, 74.79], [540.4, 76.24], [537.25, 77.61], [536.46, 78.15], [535.1, 78.35], [533.83, 79.35], [532.23, 79.88], [529.51, 81.84], [528.85, 82.96], [527.77, 83.91], [527.53, 85.67], [527.11, 86.85], [526.51, 87.64], [526.23, 88.46], [526.46, 91.34], [526.72, 92.26], [527.34, 93.03], [528.28, 93.55], [529.58, 93.82], [531.21, 94.97], [532.73, 96.45], [532.95, 97.52], [532.38, 98.46], [530.09, 99.74], [529.78, 100.26], [529.59, 101.28], [529.17, 101.86], [525.31, 103.66], [524.75, 104.16], [524.51, 104.87], [524.48, 106.7], [524.03, 107.83], [524.23, 109.49], [523.74, 110.78], [523.71, 112.05], [521.98, 115.77], [521.42, 116.33], [520.86, 116.52], [516.85, 116.8], [515.06, 118.14], [514.58, 119.62], [513.97, 120.25], [511.49, 120.81], [510.44, 120.52], [509.98, 119.94], [509.78, 118.65], [509.01, 117.22], [509.36, 115.18], [509.26, 114.45], [507.69, 112.59], [504.88, 107.36], [504.1, 106.43], [503.82, 105.39], [503.16, 104.31], [503.02, 102.55], [502.72, 101.52], [502.32, 101.08], [501.19, 100.48], [500.03, 100.56], [498.61, 101.76], [497.22, 101.81], [496.04, 102.33], [495.01, 103.45], [491.26, 106.13], [488.58, 106.84], [486.83, 106.79], [485.29, 105.79], [483.93, 105.49], [482.59, 104.73], [482.29, 104.14], [482.26, 103.55], [483.27, 101.87], [483.16, 100.39], [483.5, 98.87], [483.29, 97.54], [482.83, 96.23], [482.37, 95.68], [481.28, 95.26], [480.78, 94.84], [479.96, 92.38], [480.06, 91.01], [479.72, 89.96], [479.84, 88.85], [479.6, 87.6], [480.01, 85.61], [480.59, 84.74], [481.9, 84.02], [483.79, 84.06], [484.9, 83.12], [485.45, 82.88], [487.89, 83.05], [488.46, 82.92], [489.11, 82.34], [489.78, 81.01], [490.35, 80.69], [491.71, 80.37], [493.49, 78.51], [495.09, 78.24], [497.39, 77.44], [497.91, 76.75], [498.25, 75.37], [499.6, 74.19], [500.89, 73.67], [501.74, 72.86], [503.74, 71.82], [504.88, 70.26], [506.09, 69.76], [507.08, 69.61], [507.58, 69.29], [508.02, 68.51], [507.9, 67.16], [508.18, 66.4], [508.82, 65.78], [510.06, 65.3], [510.86, 64.57], [512.07, 64.29], [512.68, 63.91], [513.08, 63.15], [513.16, 61.78], [514.25, 59.66], [515.03, 59.29], [518.78, 58.96], [519.47, 58.73], [520.12, 57.78], [520.13, 57.2], [519.69, 55.78], [520.23, 54.66], [521.06, 54.25], [522.6, 54.32], [523.12, 54.05], [524.2, 52.96], [526.41, 52.62], [526.98, 51.96], [527.3, 50.5], [528.19, 49.34], [528.69, 48.99], [529.85, 48.62], [530.71, 47.85], [531.4, 47.66], [532.98, 47.79], [534.16, 46.96], [534.8, 46.77], [537.08, 47.56], [537.97, 47.55], [539.83, 46.53], [541.04, 45.03], [542.77, 44.41], [544.41, 44.35], [545.6, 43.17], [547.1, 42.51], [548.22, 42.44], [549.61, 43.23], [550.61, 43.1], [551.74, 42.23], [553.47, 41.58], [554.53, 40.74], [555.21, 39.63], [555.93, 39.25], [556.6, 39.27], [557.48, 39.65], [557.89, 40.06], [558.46, 41.15], [559.49, 41.62], [561.73, 40.76], [562.37, 40.92], [563.38, 41.62], [564.24, 41.66], [564.87, 41.33], [565.74, 40.33], [566.54, 40.08], [567.56, 40.15], [569.08, 41.1], [569.96, 41.21], [570.64, 40.91], [571.75, 39.92], [572.82, 39.79], [575.12, 40.76], [575.73, 41.38], [575.85, 42.44], [575.12, 43.61], [575.0, 44.34], [575.33, 45.16], [576.07, 45.65], [578.2, 45.6], [579.21, 45.35], [582.24, 45.81], [583.89, 45.62], [585.95, 46.9], [587.46, 47.09], [589.04, 48.0], [589.82, 48.0], [589.49, 48.97], [590.0, 48.83], [590.85, 48.0], [591.47, 47.95], [596.13, 48.36], [597.2, 48.08], [599.38, 48.53], [606.79, 51.14], [609.52, 52.89], [611.1, 53.05], [614.0, 54.37], [614.99, 54.44], [614.69, 53.9], [614.93, 53.96], [617.18, 55.62], [619.48, 56.24], [620.13, 57.95], [620.13, 58.58], [621.0, 58.88], [620.68, 60.42], [620.35, 60.87], [617.74, 62.86], [616.09, 63.62], [610.42, 64.83], [607.48, 64.69], [603.89, 63.76], [598.13, 63.12], [595.45, 61.99], [594.11, 62.31], [593.77, 61.98], [593.99, 61.78], [588.9, 60.77], [587.7, 59.85], [588.03, 59.51], [585.0, 59.21], [585.0, 59.47], [586.34, 59.94], [586.2, 60.4], [587.77, 61.41], [589.02, 61.63], [589.16, 62.4], [590.87, 62.87], [589.72, 63.46], [592.65, 64.01], [594.93, 65.44], [595.3, 65.89], [595.26, 66.4], [594.63, 67.75], [593.81, 68.34], [595.37, 70.48], [595.48, 71.45], [595.95, 71.69], [595.58, 71.94], [595.63, 72.71], [596.27, 73.34], [597.82, 73.83], [598.66, 73.66], [600.62, 74.65], [601.48, 75.62], [605.69, 76.61], [607.75, 75.91], [608.15, 75.51], [608.12, 75.17], [607.69, 73.97], [606.86, 73.57], [604.67, 73.51], [602.31, 71.5], [602.14, 70.73], [603.12, 70.48], [603.49, 69.51], [604.5, 69.4], [606.03, 69.85], [607.91, 71.05], [609.48, 71.16], [614.01, 72.66], [614.75, 72.63], [615.1, 72.03], [615.92, 71.61], [617.44, 71.57], [616.8, 70.42], [614.9, 68.59], [614.71, 68.07], [614.97, 67.29], [616.98, 66.49], [618.41, 65.38], [621.46, 64.55], [624.36, 62.47], [625.88, 62.98], [628.34, 63.02], [630.0, 63.88], [629.56, 64.55], [630.75, 64.45], [631.76, 65.15], [631.92, 64.6], [631.73, 63.96], [633.25, 61.69], [633.02, 60.3], [632.48, 59.45], [630.79, 58.99], [630.51, 58.64], [632.23, 54.77], [632.15, 53.43], [632.01, 53.05], [628.73, 51.26], [631.55, 51.9], [635.72, 51.77], [638.43, 52.22], [638.98, 52.47], [640.23, 53.69], [640.38, 54.39], [640.22, 55.03], [639.42, 55.75], [637.59, 56.0], [636.91, 56.34], [636.39, 57.04], [636.34, 57.91], [636.69, 58.55], [637.57, 59.16], [638.7, 60.42], [641.26, 60.98], [645.29, 60.06], [645.78, 59.51], [646.77, 57.39], [647.43, 56.86], [649.87, 56.45], [651.12, 55.55], [657.5, 53.15], [661.91, 52.15], [662.58, 52.21], [663.5, 52.74], [664.06, 52.85], [665.74, 52.21], [666.41, 52.19], [667.02, 52.46], [667.78, 53.23], [668.47, 53.47], [670.4, 53.59], [672.06, 53.33], [673.18, 53.49], [676.34, 51.81], [678.68, 51.44], [682.81, 51.9], [686.37, 50.53], [689.2, 49.91], [689.9, 50.12], [690.38, 50.58], [690.68, 52.18], [691.07, 52.81], [691.74, 53.18], [692.47, 53.2], [693.12, 52.86], [694.05, 51.74], [695.49, 51.39], [696.16, 50.85], [696.39, 49.73], [695.54, 47.78], [695.52, 46.89], [696.18, 46.03], [697.08, 45.64], [697.66, 45.59], [700.2, 46.16], [701.07, 46.57], [703.03, 48.8], [703.32, 49.79], [702.98, 51.1], [699.56, 57.29], [699.12, 58.68], [699.0, 60.71], [698.27, 62.19], [698.28, 63.81]]]]}}, {"type": "Feature", "properties": {"id": "MR-SH-ANT", "name_ru": "Антарктида", "type": "LAND", "parent": null, "area_cm2": 180.0, "parts": 2, "U_cm2": 100.6, "U_over_A": 0.559}, "geometry": {"type": "MultiPolygon", "coordinates": [[[[466.1, 494.6], [468.74, 494.92], [470.14, 494.2], [472.31, 494.02], [473.67, 494.84], [473.8, 494.15], [473.66, 493.7], [470.88, 493.3], [470.2, 492.97], [470.15, 492.72], [470.5, 492.17], [472.45, 491.37], [474.34, 491.54], [472.45, 490.46], [470.34, 490.62], [468.72, 489.98], [468.32, 489.32], [468.75, 487.58], [468.68, 487.12], [467.78, 486.41], [467.63, 486.0], [467.84, 485.2], [468.34, 484.93], [472.21, 484.24], [473.04, 485.02], [473.11, 486.61], [473.56, 486.41], [474.1, 486.65], [474.88, 487.84], [475.75, 490.14], [477.43, 492.83], [477.45, 493.44], [477.76, 493.61], [478.01, 497.99], [477.21, 499.51], [475.59, 500.73], [475.43, 501.22], [471.88, 501.81], [470.86, 501.58], [467.02, 501.84], [466.58, 501.47], [465.63, 501.28], [465.1, 500.65], [466.03, 500.07], [471.0, 500.46], [472.18, 500.26], [472.78, 499.83], [471.9, 499.54], [469.56, 500.09], [468.9, 499.93], [468.27, 499.35], [470.57, 498.96], [471.14, 498.38], [468.48, 497.99], [467.1, 497.13], [465.52, 498.44], [463.26, 498.12], [463.12, 498.21], [463.9, 498.9], [462.68, 499.57], [461.52, 499.05], [460.57, 499.09], [459.8, 498.57], [461.24, 498.07], [462.0, 498.0], [462.04, 496.03], [464.05, 496.89], [464.32, 496.66], [463.75, 496.3], [463.72, 495.86], [466.34, 496.03], [467.43, 495.79], [465.58, 495.28], [465.17, 494.84], [466.1, 494.6]]], [[[861.92, 488.49], [862.1, 487.81], [862.69, 487.41], [863.35, 487.42], [865.23, 486.33], [867.66, 492.17], [869.45, 497.24], [872.14, 505.84], [874.83, 515.45], [881.03, 540.0], [441.22, 540.0], [443.63, 532.21], [444.3, 532.81], [445.25, 532.86], [445.37, 531.99], [446.68, 531.76], [446.68, 529.69], [445.9, 529.73], [444.55, 529.32], [445.62, 526.03], [446.68, 526.27], [446.68, 525.09], [445.97, 524.99], [446.83, 522.45], [450.62, 512.37], [453.87, 505.55], [455.07, 505.42], [455.3, 505.9], [454.31, 507.04], [454.54, 507.16], [456.56, 506.98], [459.22, 506.23], [461.08, 506.58], [462.68, 506.51], [465.52, 505.36], [475.24, 504.1], [479.54, 502.58], [480.5, 501.57], [481.78, 499.21], [481.45, 498.33], [480.09, 496.65], [479.91, 495.56], [479.97, 494.53], [479.47, 492.84], [478.95, 491.64], [477.58, 489.82], [477.4, 488.12], [476.77, 487.16], [478.28, 486.78], [480.33, 487.07], [480.51, 486.64], [481.39, 485.93], [481.26, 485.33], [480.28, 484.57], [480.52, 484.16], [480.96, 484.16], [481.17, 483.71], [481.01, 483.27], [481.21, 482.72], [481.87, 481.76], [480.92, 480.78], [481.54, 479.27], [482.18, 478.67], [480.99, 478.33], [479.87, 478.56], [479.76, 478.11], [480.0, 476.64], [481.23, 475.88], [481.44, 476.06], [481.58, 477.29], [482.36, 477.08], [482.65, 477.44], [482.64, 474.73], [483.17, 474.28], [484.61, 474.43], [484.84, 473.43], [484.58, 472.91], [485.0, 472.21], [486.19, 472.13], [485.94, 471.57], [486.37, 471.41], [487.68, 471.69], [487.94, 471.42], [487.57, 471.0], [487.59, 470.46], [488.05, 470.61], [488.27, 470.28], [488.14, 469.97], [489.8, 469.48], [489.85, 469.24], [489.18, 468.96], [489.21, 467.88], [489.95, 467.22], [491.82, 467.7], [491.66, 466.81], [493.24, 466.31], [493.11, 465.96], [493.3, 465.51], [493.57, 465.45], [493.99, 465.92], [495.62, 465.27], [496.25, 464.47], [497.09, 463.96], [497.67, 462.87], [501.28, 461.72], [502.54, 461.04], [502.98, 460.5], [504.73, 460.05], [506.93, 459.03], [507.76, 459.19], [508.16, 460.29], [508.55, 460.59], [508.41, 460.86], [507.65, 460.89], [507.56, 460.17], [506.42, 460.48], [504.6, 461.46], [503.07, 463.38], [502.51, 463.6], [503.17, 463.86], [502.89, 464.13], [503.21, 464.91], [501.41, 464.1], [501.01, 464.53], [501.11, 464.94], [500.92, 465.18], [500.68, 465.07], [500.6, 464.58], [500.07, 464.49], [499.07, 465.03], [497.15, 466.98], [496.42, 467.17], [495.43, 467.01], [495.35, 467.22], [495.77, 467.91], [495.54, 468.15], [494.78, 467.94], [494.26, 468.57], [494.5, 469.14], [495.29, 469.65], [494.67, 469.74], [493.83, 470.88], [494.19, 471.74], [494.63, 472.11], [496.35, 471.87], [496.6, 471.51], [497.2, 471.56], [497.54, 471.24], [498.47, 471.51], [497.99, 472.08], [497.69, 471.9], [497.28, 472.1], [497.57, 472.47], [497.23, 473.13], [496.95, 472.92], [496.91, 472.56], [496.16, 472.26], [495.51, 472.73], [495.29, 473.55], [495.06, 473.43], [494.98, 472.94], [494.33, 472.55], [492.83, 472.68], [492.63, 473.01], [492.91, 473.25], [492.9, 474.12], [493.2, 474.42], [493.21, 474.81], [492.97, 474.8], [491.29, 472.8], [489.97, 472.86], [490.23, 473.34], [489.11, 474.57], [489.82, 475.05], [489.97, 475.56], [489.2, 475.8], [487.48, 475.26], [486.97, 476.24], [487.22, 476.69], [486.58, 477.1], [487.03, 477.23], [487.13, 477.53], [485.72, 477.54], [485.31, 477.84], [485.31, 478.53], [485.53, 479.12], [485.05, 480.1], [485.4, 480.71], [484.94, 481.26], [487.04, 481.04], [487.1, 481.24], [485.44, 482.19], [486.66, 482.52], [486.0, 483.31], [486.92, 483.72], [489.1, 484.16], [488.86, 483.31], [489.51, 482.92], [492.16, 482.67], [489.92, 483.53], [489.99, 483.86], [491.06, 484.34], [490.7, 484.98], [490.76, 485.39], [491.99, 486.69], [493.08, 487.36], [493.44, 487.85], [493.56, 488.95], [494.1, 489.86], [494.75, 490.28], [494.82, 490.64], [494.61, 491.0], [494.06, 490.79], [493.64, 491.39], [494.64, 491.99], [495.96, 491.96], [496.0, 492.32], [495.45, 492.8], [494.66, 493.04], [494.54, 493.37], [494.75, 493.82], [496.47, 493.67], [496.64, 494.28], [497.41, 495.38], [497.3, 495.71], [494.75, 497.25], [495.81, 497.33], [496.74, 496.82], [497.32, 497.26], [497.44, 497.65], [497.21, 497.98], [494.81, 498.36], [493.96, 498.88], [496.48, 499.31], [498.06, 499.13], [498.2, 500.44], [498.03, 500.73], [496.56, 500.92], [496.55, 501.52], [497.47, 501.97], [498.55, 501.85], [498.55, 502.57], [498.95, 503.37], [499.95, 503.05], [500.09, 503.47], [499.65, 504.58], [498.48, 504.29], [497.59, 504.79], [497.09, 504.82], [496.17, 504.2], [494.62, 504.0], [495.21, 504.49], [495.61, 505.6], [496.23, 505.45], [497.1, 505.78], [497.63, 506.11], [497.87, 506.56], [497.57, 507.28], [496.77, 507.67], [496.23, 507.4], [495.46, 507.52], [495.07, 508.01], [496.46, 508.03], [497.2, 508.42], [496.7, 508.81], [495.79, 508.75], [495.06, 509.18], [496.42, 509.36], [497.88, 508.96], [498.1, 509.26], [497.28, 510.03], [510.63, 518.29], [526.62, 524.19], [533.73, 525.22], [534.54, 525.05], [538.53, 525.46], [541.48, 526.35], [545.28, 526.91], [563.93, 525.55], [568.73, 523.75], [569.06, 523.4], [577.25, 520.56], [587.91, 516.03], [601.24, 513.31], [601.41, 515.45], [602.75, 515.5], [604.48, 515.09], [605.27, 514.63], [607.92, 514.85], [611.09, 514.36], [610.52, 514.17], [609.9, 513.5], [610.52, 512.64], [611.31, 512.28], [613.4, 509.59], [616.08, 509.34], [618.1, 509.71], [621.03, 507.58], [620.93, 507.19], [617.9, 507.62], [616.64, 507.48], [616.48, 507.26], [617.4, 506.77], [615.84, 506.25], [616.07, 505.26], [618.3, 503.77], [619.87, 503.55], [621.7, 503.89], [622.56, 503.34], [621.76, 502.12], [624.67, 502.36], [625.9, 501.65], [629.23, 500.67], [630.66, 498.36], [630.53, 497.7], [629.66, 497.83], [627.49, 497.05], [626.95, 496.03], [628.08, 495.58], [630.63, 496.81], [631.02, 496.78], [631.83, 495.61], [633.13, 494.86], [632.33, 494.38], [632.26, 494.19], [632.5, 493.98], [632.95, 493.93], [635.27, 495.06], [636.82, 497.32], [638.77, 497.15], [639.31, 496.74], [639.64, 495.28], [639.56, 494.82], [638.88, 494.0], [639.2, 493.55], [640.18, 493.3], [641.64, 493.56], [644.05, 492.96], [644.69, 493.11], [644.97, 493.62], [643.66, 494.97], [643.56, 495.74], [649.97, 495.96], [652.91, 495.72], [654.5, 496.23], [656.26, 496.02], [656.62, 495.55], [657.02, 495.47], [657.48, 495.85], [657.84, 497.12], [658.42, 497.5], [661.3, 495.51], [664.95, 494.28], [673.49, 492.71], [679.59, 491.97], [680.32, 491.35], [682.58, 491.88], [683.36, 491.51], [684.23, 490.57], [685.48, 490.95], [687.09, 492.04], [689.1, 492.85], [691.05, 493.21], [693.07, 491.41], [694.32, 490.7], [693.43, 490.27], [693.51, 490.03], [694.68, 489.98], [695.3, 490.77], [696.7, 491.29], [701.99, 491.2], [702.57, 490.61], [703.52, 490.39], [704.06, 490.66], [704.39, 491.53], [708.16, 492.18], [708.45, 492.08], [708.99, 491.05], [710.52, 490.69], [711.02, 491.06], [710.57, 492.79], [711.2, 493.82], [711.59, 493.89], [716.02, 493.56], [716.73, 491.98], [717.71, 490.91], [718.39, 491.1], [719.47, 491.89], [719.55, 492.28], [719.11, 492.65], [719.23, 492.89], [721.1, 493.41], [722.24, 493.01], [722.93, 492.34], [723.3, 491.57], [723.89, 491.61], [724.85, 492.17], [724.85, 492.93], [725.84, 493.78], [729.08, 494.44], [730.48, 494.36], [736.91, 492.38], [739.82, 491.09], [743.49, 490.76], [746.8, 489.74], [747.3, 489.32], [747.78, 488.03], [747.55, 486.92], [746.65, 485.54], [746.85, 484.61], [748.13, 483.79], [749.05, 483.71], [750.98, 483.85], [751.05, 484.25], [749.86, 485.29], [749.97, 485.65], [752.06, 485.63], [753.49, 487.41], [753.73, 488.09], [754.09, 488.29], [757.36, 488.09], [758.77, 488.87], [760.56, 488.49], [761.51, 488.94], [762.46, 489.99], [763.49, 490.51], [763.42, 489.76], [765.67, 487.13], [766.1, 485.05], [767.03, 484.32], [768.64, 483.95], [770.07, 483.0], [772.88, 482.26], [774.35, 481.1], [778.11, 480.49], [780.31, 479.45], [781.3, 479.47], [783.51, 478.93], [783.61, 478.55], [783.3, 478.29], [783.29, 477.96], [783.94, 477.35], [786.05, 477.77], [786.19, 477.99], [785.43, 478.73], [786.42, 479.43], [787.67, 479.13], [788.34, 479.3], [788.64, 479.69], [788.78, 480.61], [789.25, 480.33], [789.51, 479.73], [789.46, 478.49], [791.03, 477.16], [789.68, 477.12], [789.02, 476.33], [789.99, 475.85], [791.1, 475.87], [793.12, 476.93], [794.58, 477.01], [794.72, 476.81], [794.5, 475.32], [793.92, 475.02], [793.76, 474.34], [793.99, 473.62], [798.13, 471.69], [802.89, 470.96], [807.21, 471.39], [810.06, 473.29], [811.39, 473.52], [812.26, 474.38], [811.29, 474.83], [809.88, 474.34], [809.49, 474.44], [810.31, 475.14], [810.38, 475.49], [810.14, 476.01], [808.57, 477.04], [809.51, 477.33], [811.12, 476.47], [813.43, 476.2], [816.39, 477.17], [817.76, 478.33], [821.04, 477.88], [823.25, 478.58], [826.92, 479.07], [828.38, 478.52], [829.61, 478.44], [834.97, 479.38], [838.88, 479.61], [841.95, 480.17], [845.23, 479.59], [845.49, 480.05], [845.35, 480.85], [846.36, 482.77], [845.16, 484.01], [845.2, 484.55], [845.46, 484.89], [845.15, 485.31], [845.42, 486.25], [844.73, 486.7], [843.49, 486.89], [843.42, 487.33], [844.24, 488.17], [843.96, 489.13], [843.06, 489.38], [841.55, 489.0], [839.12, 490.97], [840.92, 491.65], [842.57, 491.6], [843.8, 491.21], [844.17, 491.25], [844.41, 491.69], [844.24, 492.93], [843.4, 494.43], [841.18, 496.04], [839.56, 498.81], [838.12, 503.1], [837.07, 503.9], [837.26, 504.28], [839.27, 504.69], [841.0, 503.72], [841.0, 502.2], [842.19, 501.13], [845.22, 500.5], [846.3, 499.4], [847.93, 498.49], [848.05, 498.08], [849.28, 497.61], [849.81, 497.1], [850.31, 494.97], [851.13, 493.37], [851.48, 492.94], [852.85, 492.45], [853.76, 491.53], [853.72, 490.82], [853.93, 490.17], [855.27, 489.05], [856.91, 488.57], [858.59, 489.19], [861.42, 489.05], [861.92, 488.49]]]]}}]}