{"type": "FeatureCollection", "metadata": {"name": "oil-wars-classic-base", "generated": "2026-09-30", "generator": "board/tools/classic.py", "source": "board/geo/world-game.geojson", "purpose": "векторная основа классического поля: материки и океаны, без областей", "coordinateSystem": {"units": "mm", "origin": "левый верхний угол полотна", "axis": "x вправо, y вниз", "canvas": [900.0, 550.0], "map_rect": [10.0, 10.0, 890.0, 540.0], "technical_margin_mm": 10.0}, "wrap": "левый и правый края карты склеены, как в оригинале: Север Тихого и Индийский океаны — по два куска", "method": "MLS affine (Schaefer 2006) по опорной сетке материковых рамок, alpha 2, sigma 1.2°", "frames": {"na": {"src_lon_lat": [-168, 72, -52.6, 25], "tgt_mm": [18, 42, 344, 238]}, "naarc": {"src_lon_lat": [-125, 83, -60, 70.6], "tgt_mm": [126, 22, 290, 52]}, "greenland": {"src_lon_lat": [-73, 83.6, -12, 60], "tgt_mm": [302, 24, 388, 90]}, "iceland": {"src_lon_lat": [-24.5, 66.6, -13.5, 63.4], "tgt_mm": [408, 46, 436, 60]}, "sa": {"src_lon_lat": [-81.3, 12.4, -34.8, -55.9], "tgt_mm": [214, 292, 424, 500]}, "europe": {"src_lon_lat": [-10, 71.2, 60, 36], "tgt_mm": [410, 28, 684, 212]}, "africa": {"src_lon_lat": [-17.5, 37.3, 51.4, -34.8], "tgt_mm": [426, 238, 655, 478]}, "nasia": {"src_lon_lat": [60, 77.7, 190, 43.5], "tgt_mm": [670, 26, 868, 164]}, "sasia": {"src_lon_lat": [63, 53, 146, 1.3], "tgt_mm": [726, 134, 868, 356]}, "mideast": {"src_lon_lat": [34, 40, 62, 12.5], "tgt_mm": [592, 186, 720, 330]}, "australia": {"src_lon_lat": [113.2, -10.7, 153.6, -39.1], "tgt_mm": [4, 283, 214, 500]}, "antarctica": {"src_lon_lat": [-75, -63, 110, -78], "tgt_mm": [450, 456, 943, 516]}}, "corrections": [{"subject": "Красное море", "op": "засыпано южнее 18,8° с. ш., север — озеро", "reason": "ME-011: Восточная Африка — Аравия граничат по суше"}, {"subject": "Ближний Восток", "op": "своя рамка крупнее соседних: Африка ужата и сдвинута к западу, Индия ужата по долготе", "reason": "Аравия должна резаться в круглую область, как в оригинале; без этого её U < 55 см²"}, {"subject": "Босфор", "op": "закрыт, Чёрное море — озеро", "reason": "через волосяной пролив Северная Атлантика доставала бы до берегов будущей Северной Азии"}, {"subject": "Ледник Ронне—Фильхнера", "op": "дорисован по кромке", "reason": "без него море Уэдделла режет Антарктиду надвое"}, {"subject": "Панамский перешеек", "op": "перерисован одной гладкой шейкой, ≈15 мм контакта", "reason": "стык двух рамок давал рваный берег; узел целиком — этап областей"}, {"subject": "Новая Зеландия", "op": "отдельной сушей не рисуется; Австралия увеличена, область «Новая Зеландия» нарезается из её восточной половины", "reason": "как в черновике «карта 5» и в оригинале; ME-002 — граница по суше"}, {"subject": "Гренландия", "op": "часть Северной Америки, подвинута к Канадскому архипелагу", "reason": "как в черновике и оригинале: арктические острова — в Северной Америке"}, {"subject": "Антарктида", "op": "концы уходят под нижний край кривой, а не срезаны по вертикали", "reason": "как в оригинале: материк — выступ из нижнего края"}, {"subject": "Арктические острова", "op": "Шпицберген, ЗФИ, Новая Земля, Северная Земля, Новосибирские убраны; Канадский архипелаг поджат", "reason": "полоса Северного Ледовитого не рвётся"}, {"subject": "Мелкие острова", "op": "мельче 40 мм² на полотне убраны; Гавайи, Галапагосы, Фолкленды, Азоры, Канары, Новая Гвинея, Океания, Тасмания и Сахалин — тоже", "reason": "нет в черновике и оригинале, мусор на поле"}], "checks": [{"ok": true, "text": "Северная Америка: геометрия валидна"}, {"ok": true, "text": "Южная Америка: геометрия валидна"}, {"ok": true, "text": "Европа: геометрия валидна"}, {"ok": true, "text": "Азия: геометрия валидна"}, {"ok": true, "text": "Африка: геометрия валидна"}, {"ok": true, "text": "Австралия: геометрия валидна"}, {"ok": true, "text": "Антарктида: геометрия валидна"}, {"ok": true, "text": "полоса Северного Ледовитого: суша не ближе 15 мм к верхнему краю — 21.6 мм"}, {"ok": true, "text": "Северная Америка — Европа: зазор 28.1 мм (≥ 12)"}, {"ok": true, "text": "Северная Америка — Азия: зазор 29.7 мм (≥ 12)"}, {"ok": true, "text": "Северная Америка — Африка: зазор 130.6 мм (≥ 12)"}, {"ok": true, "text": "Северная Америка — Австралия: зазор 44.3 мм (≥ 12)"}, {"ok": true, "text": "Северная Америка — Антарктида: зазор 266.6 мм (≥ 12)"}, {"ok": true, "text": "Южная Америка — Европа: зазор 127.8 мм (≥ 12)"}, {"ok": true, "text": "Южная Америка — Азия: зазор 190.5 мм (≥ 12)"}, {"ok": true, "text": "Южная Америка — Африка: зазор 21.9 мм (≥ 12)"}, {"ok": true, "text": "Южная Америка — Австралия: зазор 27.1 мм (≥ 12)"}, {"ok": true, "text": "Южная Америка — Антарктида: зазор 103.7 мм (≥ 12)"}, {"ok": true, "text": "Европа — Африка: зазор 30.3 мм (≥ 12)"}, {"ok": true, "text": "Европа — Австралия: зазор 266.4 мм (≥ 12)"}, {"ok": true, "text": "Европа — Антарктида: зазор 248.7 мм (≥ 12)"}, {"ok": true, "text": "Азия — Австралия: зазор 57.0 мм (≥ 12)"}, {"ok": true, "text": "Азия — Антарктида: зазор 70.6 мм (≥ 12)"}, {"ok": true, "text": "Африка — Австралия: зазор 230.5 мм (≥ 12)"}, {"ok": true, "text": "Африка — Антарктида: зазор 32.9 мм (≥ 12)"}, {"ok": true, "text": "Австралия — Антарктида: зазор 40.4 мм (≥ 12)"}, {"ok": true, "text": "Северная Америка — Южная Америка: граница по суше 17.1 мм (≥ 8)"}, {"ok": true, "text": "Европа — Азия: граница по суше 152.0 мм (≥ 8)"}, {"ok": true, "text": "Африка — Азия: граница по суше 32.7 мм (≥ 8)"}, {"ok": true, "text": "Антарктида одним куском: 1"}, {"ok": true, "text": "Гренландия читается островом: до Канады 7.6 мм (≥ 3)"}, {"ok": true, "text": "Мировой океан связен: 1 кусок"}, {"ok": true, "text": "Аравия режется в область: A 126 см², U 82 см² (минимум 55, норма 85), вписанный круг ⌀61 мм"}]}, "features": [{"type": "Feature", "properties": {"id": "north_america", "type": "LAND", "name_ru": "Северная Америка", "area_cm2": 361.5, "parts": 14}, "geometry": {"type": "MultiPolygon", "coordinates": [[[[207.01, 38.77], [207.89, 39.53], [209.47, 39.98], [210.96, 40.06], [210.96, 40.25], [209.98, 40.34], [209.79, 40.6], [211.4, 40.92], [214.27, 40.63], [213.93, 40.87], [214.37, 40.93], [217.19, 40.56], [218.68, 40.75], [218.68, 40.9], [217.88, 40.96], [217.53, 41.19], [213.77, 41.7], [215.4, 42.07], [215.39, 42.23], [215.14, 42.25], [216.1, 42.6], [218.05, 42.69], [218.06, 42.9], [217.17, 42.97], [218.45, 43.34], [220.83, 43.64], [223.57, 43.65], [222.87, 43.4], [222.91, 43.24], [225.69, 43.68], [224.23, 42.79], [224.31, 42.63], [226.68, 43.59], [227.37, 43.64], [227.9, 43.14], [227.53, 42.67], [229.04, 42.93], [229.45, 42.79], [229.39, 42.59], [228.75, 42.45], [228.95, 42.27], [228.95, 41.8], [229.25, 41.65], [229.42, 41.62], [229.57, 42.25], [230.35, 42.44], [232.0, 41.71], [236.84, 40.97], [235.31, 40.18], [234.41, 40.5], [233.58, 40.12], [231.4, 40.24], [231.93, 39.48], [231.35, 39.11], [229.59, 38.98], [230.26, 38.75], [230.1, 38.29], [228.96, 38.15], [227.65, 38.25], [227.83, 38.86], [226.27, 38.56], [226.39, 38.32], [226.24, 38.2], [226.4, 38.07], [225.91, 37.89], [224.57, 37.97], [222.59, 37.74], [222.49, 37.51], [218.62, 36.15], [215.75, 35.83], [213.49, 36.02], [213.81, 36.19], [215.45, 36.23], [215.45, 36.47], [210.88, 36.72], [210.23, 37.1], [212.1, 37.33], [212.93, 37.79], [208.54, 37.36], [208.52, 37.72], [209.74, 38.23], [207.94, 38.32], [208.93, 38.59], [209.93, 38.59], [210.79, 39.0], [207.01, 38.77]]], [[[185.95, 43.28], [187.65, 43.65], [188.76, 43.72], [192.15, 43.34], [192.07, 43.53], [192.55, 43.69], [194.02, 43.53], [196.78, 43.71], [198.2, 44.55], [200.03, 44.83], [202.33, 44.65], [202.9, 44.21], [200.5, 43.32], [200.27, 42.99], [200.68, 42.69], [202.45, 43.6], [205.23, 43.86], [205.23, 44.03], [203.17, 44.19], [204.18, 44.64], [205.96, 44.96], [205.77, 45.16], [206.09, 45.38], [213.87, 44.74], [215.03, 44.31], [213.32, 43.69], [215.22, 43.13], [212.91, 42.54], [209.45, 42.38], [208.24, 41.8], [204.07, 41.16], [200.28, 40.92], [199.79, 41.19], [201.19, 42.11], [200.42, 42.4], [198.35, 41.79], [196.38, 41.87], [196.54, 41.42], [194.2, 41.05], [192.85, 41.38], [192.78, 41.61], [192.37, 41.79], [192.3, 41.6], [191.92, 41.53], [192.12, 41.17], [191.39, 40.8], [189.1, 40.48], [184.19, 40.55], [183.59, 41.1], [183.73, 41.34], [186.1, 41.4], [185.48, 41.9], [185.71, 42.04], [187.84, 41.52], [188.66, 41.77], [187.79, 42.13], [189.57, 42.23], [189.58, 42.36], [187.74, 42.79], [186.31, 42.74], [185.54, 42.92], [185.95, 43.28]]], [[[211.16, 48.28], [215.24, 48.27], [216.7, 48.08], [219.0, 49.3], [219.34, 49.76], [218.55, 50.38], [218.65, 50.73], [219.5, 51.07], [219.26, 51.25], [219.84, 51.86], [221.04, 52.2], [221.96, 52.2], [221.96, 51.95], [222.58, 51.8], [222.37, 52.05], [223.45, 52.29], [225.92, 52.42], [226.81, 52.22], [226.81, 51.97], [227.45, 51.86], [227.69, 52.09], [228.48, 51.76], [228.96, 51.87], [228.45, 52.38], [228.8, 52.56], [233.19, 52.57], [233.02, 52.4], [235.38, 52.54], [236.29, 52.3], [237.05, 52.5], [237.22, 52.28], [238.86, 52.52], [241.08, 52.33], [241.55, 51.91], [241.1, 51.59], [242.17, 51.79], [242.13, 52.08], [242.63, 52.38], [245.11, 52.6], [249.3, 52.33], [249.73, 51.67], [251.53, 51.54], [250.86, 51.29], [249.16, 51.41], [249.13, 51.25], [251.21, 50.72], [250.77, 50.27], [249.22, 50.2], [249.55, 49.99], [246.87, 49.73], [246.91, 49.57], [246.61, 49.52], [244.33, 49.33], [241.61, 49.53], [239.86, 49.36], [238.18, 49.77], [234.53, 50.14], [234.93, 50.28], [234.9, 50.41], [232.66, 50.17], [231.51, 49.86], [230.83, 50.19], [230.31, 49.96], [229.15, 50.12], [228.01, 49.76], [227.49, 49.84], [227.65, 50.14], [227.37, 50.26], [226.41, 49.99], [225.52, 49.99], [226.55, 49.57], [223.29, 48.59], [226.0, 48.47], [226.43, 48.35], [226.31, 48.2], [223.72, 48.03], [223.74, 47.88], [221.21, 47.3], [216.46, 47.58], [216.38, 47.11], [214.83, 46.73], [210.17, 46.35], [207.35, 46.57], [207.22, 46.71], [208.06, 47.01], [207.03, 47.06], [209.75, 47.63], [209.23, 47.75], [211.16, 48.28]]], [[[159.53, 51.38], [160.31, 51.02], [161.31, 51.35], [162.72, 51.07], [162.94, 50.86], [162.53, 50.62], [163.39, 50.69], [163.69, 50.19], [164.05, 50.34], [164.84, 50.25], [164.16, 50.63], [164.21, 50.99], [164.55, 51.1], [166.45, 50.99], [167.3, 50.72], [168.3, 50.93], [171.15, 50.6], [171.18, 50.76], [169.73, 51.22], [166.76, 51.31], [162.94, 52.06], [165.11, 52.63], [167.65, 52.66], [171.65, 52.14], [173.09, 51.74], [175.56, 51.63], [176.96, 51.34], [178.36, 51.54], [180.01, 51.4], [181.78, 51.59], [184.37, 51.19], [184.88, 50.94], [185.45, 49.58], [184.87, 48.92], [182.81, 48.58], [181.72, 48.87], [181.94, 49.29], [181.71, 49.34], [181.74, 49.62], [181.17, 49.12], [179.98, 49.02], [178.9, 49.3], [179.49, 48.78], [179.17, 48.62], [177.92, 48.66], [178.5, 48.21], [178.33, 47.98], [177.57, 47.76], [177.28, 47.41], [177.65, 47.02], [176.72, 46.83], [175.41, 46.96], [172.96, 47.83], [173.25, 48.1], [175.73, 48.67], [174.16, 49.0], [176.62, 49.61], [176.77, 49.91], [176.37, 50.11], [171.15, 49.9], [170.54, 49.72], [169.7, 49.15], [168.35, 49.08], [168.78, 48.8], [166.46, 48.01], [165.29, 47.89], [163.84, 48.13], [163.31, 47.94], [163.01, 47.6], [161.13, 47.6], [159.67, 47.74], [159.05, 48.1], [159.38, 48.13], [159.37, 48.36], [158.1, 48.35], [157.14, 48.59], [157.25, 48.78], [156.97, 48.93], [158.19, 49.29], [156.66, 49.4], [155.79, 49.72], [158.02, 49.9], [158.02, 50.12], [155.6, 50.19], [154.78, 50.66], [155.03, 50.83], [158.27, 51.06], [159.53, 51.38]]], [[[199.39, 55.89], [200.04, 56.42], [199.09, 56.17], [199.08, 56.66], [197.1, 56.75], [195.17, 55.87], [194.4, 55.78], [193.57, 55.9], [193.18, 56.44], [196.99, 57.65], [200.08, 58.1], [203.4, 59.21], [205.69, 59.63], [207.8, 59.6], [208.17, 59.36], [207.19, 58.96], [209.43, 58.97], [211.14, 58.6], [210.08, 58.2], [210.13, 57.88], [209.24, 57.64], [209.92, 57.38], [209.23, 56.78], [207.81, 56.95], [207.72, 56.64], [206.15, 56.03], [203.78, 56.22], [205.59, 55.44], [206.87, 55.2], [206.29, 54.84], [207.41, 54.54], [206.88, 54.18], [205.82, 54.02], [201.89, 54.41], [199.59, 53.89], [198.93, 54.18], [197.24, 54.32], [197.65, 54.69], [196.0, 54.94], [197.71, 55.46], [199.39, 55.22], [199.43, 55.38], [198.64, 55.65], [199.39, 55.89]]], [[[162.16, 59.18], [161.92, 59.52], [156.75, 60.41], [155.63, 61.0], [158.26, 61.37], [160.19, 61.41], [164.78, 60.67], [172.78, 60.36], [175.79, 60.65], [179.06, 60.72], [180.47, 60.95], [178.82, 61.27], [171.92, 61.07], [168.31, 61.41], [165.96, 62.16], [170.79, 63.75], [173.65, 64.2], [177.31, 64.24], [179.35, 64.45], [180.51, 65.96], [181.61, 66.86], [182.21, 67.09], [192.04, 66.31], [194.68, 65.38], [197.28, 65.09], [197.92, 64.49], [198.31, 63.6], [199.39, 63.77], [199.85, 64.31], [200.59, 64.52], [203.87, 64.81], [203.67, 65.27], [203.93, 65.39], [205.64, 65.53], [206.12, 65.34], [208.82, 65.78], [210.49, 65.71], [213.13, 64.99], [213.03, 64.42], [212.08, 64.16], [211.84, 63.88], [211.94, 63.56], [211.23, 63.36], [210.31, 63.42], [209.09, 64.34], [208.62, 63.41], [207.17, 62.95], [207.21, 62.77], [209.6, 63.16], [209.65, 62.92], [209.18, 62.59], [209.97, 62.16], [212.43, 62.56], [212.52, 62.1], [211.89, 61.4], [211.95, 61.18], [210.67, 60.67], [205.81, 60.66], [201.4, 60.23], [201.38, 60.38], [200.67, 60.36], [197.1, 60.09], [194.14, 59.71], [187.67, 57.11], [186.42, 56.28], [182.33, 55.12], [181.55, 55.32], [179.33, 54.96], [179.21, 55.13], [179.55, 55.28], [178.9, 55.38], [178.83, 55.57], [180.75, 57.33], [183.3, 58.51], [182.82, 58.85], [181.59, 58.67], [176.91, 56.59], [174.59, 56.04], [172.94, 56.01], [172.91, 56.15], [173.28, 56.35], [174.8, 56.7], [173.15, 57.11], [172.49, 57.5], [172.09, 57.28], [171.26, 57.65], [170.58, 57.53], [171.18, 57.35], [171.82, 56.8], [166.84, 56.06], [165.94, 56.37], [165.84, 56.86], [163.47, 57.06], [164.36, 56.37], [164.37, 55.89], [163.88, 55.37], [162.73, 55.2], [156.19, 56.32], [154.51, 56.85], [153.32, 57.54], [154.14, 57.93], [152.5, 58.6], [152.52, 59.02], [152.95, 59.29], [156.15, 59.24], [156.17, 59.37], [154.9, 59.77], [155.82, 59.89], [162.16, 59.18]]], [[[32.3, 82.32], [33.25, 82.93], [36.54, 83.47], [38.44, 82.93], [40.11, 82.91], [41.72, 83.59], [42.11, 82.99], [42.47, 83.21], [42.67, 83.8], [42.94, 83.79], [44.01, 82.81], [45.63, 81.96], [46.46, 82.05], [47.41, 81.5], [48.09, 82.04], [48.24, 82.52], [47.97, 82.95], [46.6, 83.17], [46.39, 83.55], [47.15, 83.71], [47.81, 84.31], [48.4, 86.12], [47.98, 86.78], [47.02, 87.46], [46.35, 87.58], [45.02, 87.64], [44.63, 87.3], [44.15, 87.32], [43.19, 88.42], [42.27, 89.05], [41.31, 89.34], [40.7, 89.09], [40.04, 89.46], [40.39, 89.01], [39.46, 88.5], [38.15, 88.64], [37.82, 89.0], [38.22, 89.4], [37.39, 89.45], [37.04, 89.87], [36.91, 90.36], [37.09, 91.23], [36.92, 91.28], [37.16, 91.63], [36.48, 91.48], [35.93, 91.73], [34.48, 93.28], [34.43, 93.87], [34.75, 94.25], [33.43, 94.52], [34.19, 94.97], [33.18, 95.16], [33.39, 95.76], [34.09, 95.63], [34.23, 95.82], [33.92, 96.19], [34.04, 96.47], [34.53, 96.62], [34.88, 97.44], [35.4, 97.43], [35.37, 96.98], [35.9, 97.23], [36.12, 97.07], [36.26, 97.48], [36.85, 97.4], [35.98, 98.01], [36.16, 98.15], [39.32, 98.43], [40.01, 98.0], [40.47, 98.28], [39.57, 98.48], [40.94, 98.88], [40.07, 99.58], [39.3, 98.85], [38.25, 99.57], [38.55, 99.02], [38.4, 98.82], [37.1, 98.26], [35.48, 99.78], [36.41, 99.95], [36.31, 100.32], [37.43, 100.77], [38.93, 102.06], [38.9, 102.47], [39.57, 102.84], [41.51, 102.68], [43.34, 102.08], [43.46, 101.21], [43.02, 100.92], [44.55, 99.19], [44.68, 99.28], [43.76, 100.86], [44.27, 101.3], [45.44, 103.76], [45.31, 104.42], [44.89, 105.03], [45.01, 105.6], [45.26, 105.89], [45.96, 105.75], [45.55, 106.14], [45.73, 107.07], [44.55, 107.69], [45.65, 107.83], [46.76, 107.59], [47.08, 107.05], [48.29, 106.75], [49.58, 106.0], [50.83, 106.96], [51.53, 106.58], [53.56, 108.7], [54.02, 108.54], [53.82, 107.39], [54.06, 106.62], [53.96, 106.32], [54.33, 106.51], [55.24, 105.67], [55.16, 105.89], [55.93, 106.3], [55.05, 106.21], [54.83, 106.84], [55.39, 107.71], [55.71, 107.82], [58.67, 106.72], [59.53, 105.85], [58.96, 107.16], [59.15, 107.31], [58.43, 107.71], [57.6, 108.63], [57.7, 109.32], [58.53, 109.57], [57.51, 109.8], [57.35, 110.17], [57.1, 111.72], [57.77, 112.44], [56.68, 112.35], [55.34, 113.31], [54.38, 114.39], [54.34, 115.41], [53.72, 115.32], [53.66, 115.04], [52.63, 115.85], [51.21, 116.38], [49.75, 117.41], [49.08, 118.7], [49.78, 119.53], [48.61, 119.26], [48.34, 119.75], [47.76, 119.19], [48.07, 118.75], [47.24, 118.91], [47.17, 118.63], [45.81, 119.11], [44.51, 119.89], [42.39, 122.07], [41.35, 122.38], [41.19, 123.56], [41.76, 123.23], [41.79, 122.62], [42.51, 123.08], [43.05, 122.9], [43.2, 122.73], [43.17, 121.86], [43.55, 122.02], [43.79, 122.44], [43.66, 122.56], [43.86, 122.67], [44.74, 122.31], [45.68, 121.26], [45.93, 120.54], [46.32, 120.31], [46.66, 120.43], [46.47, 121.3], [47.27, 121.27], [48.07, 120.75], [49.19, 120.65], [49.55, 120.24], [51.25, 119.38], [51.51, 119.45], [51.56, 120.28], [51.95, 119.51], [54.02, 118.78], [54.58, 117.95], [54.9, 118.41], [55.47, 117.9], [55.16, 117.46], [54.69, 117.42], [55.08, 116.9], [56.45, 116.55], [56.03, 116.42], [56.62, 116.03], [57.44, 116.07], [57.83, 115.42], [58.68, 115.27], [59.69, 114.53], [60.12, 114.51], [60.77, 113.7], [60.55, 113.18], [60.67, 113.05], [61.21, 112.68], [61.74, 112.68], [61.9, 112.28], [62.53, 112.18], [63.06, 111.49], [64.31, 110.87], [64.7, 110.31], [66.85, 109.72], [67.0, 108.99], [67.31, 108.86], [67.49, 108.33], [69.14, 107.23], [69.45, 106.69], [69.19, 106.38], [67.04, 105.56], [67.3, 104.7], [68.25, 104.09], [68.65, 103.65], [68.53, 103.51], [69.2, 103.13], [69.34, 103.46], [70.11, 103.25], [70.3, 102.9], [69.78, 102.7], [71.05, 102.37], [71.33, 102.05], [71.32, 101.52], [70.3, 100.81], [71.67, 100.94], [72.46, 100.33], [72.43, 99.84], [73.9, 98.89], [73.82, 98.46], [74.35, 97.96], [77.12, 96.62], [79.19, 96.72], [78.7, 97.16], [80.9, 98.14], [80.86, 98.26], [79.89, 98.07], [78.53, 98.15], [77.6, 97.77], [75.11, 98.94], [75.14, 100.1], [74.9, 100.9], [73.95, 102.09], [73.61, 102.95], [73.86, 103.29], [74.75, 103.5], [75.89, 102.99], [74.89, 104.06], [73.62, 104.51], [73.34, 105.1], [73.93, 105.42], [75.54, 105.22], [75.5, 104.95], [76.21, 105.17], [76.93, 104.43], [77.13, 103.86], [78.29, 103.84], [78.94, 103.33], [78.83, 102.94], [79.46, 103.08], [79.43, 102.64], [79.66, 102.37], [79.98, 102.99], [80.56, 101.6], [80.92, 102.05], [81.33, 101.9], [82.38, 102.26], [83.28, 102.08], [83.56, 101.53], [83.94, 101.34], [83.98, 100.4], [84.6, 100.02], [84.16, 99.64], [83.57, 99.78], [83.77, 99.22], [82.93, 98.59], [83.53, 98.48], [84.0, 97.57], [84.36, 97.53], [85.2, 96.96], [84.52, 98.08], [85.04, 98.35], [85.47, 98.25], [85.72, 97.89], [86.3, 98.22], [86.77, 97.88], [87.68, 97.85], [88.51, 97.33], [88.35, 98.29], [89.05, 98.65], [88.54, 98.99], [89.44, 98.91], [89.73, 99.28], [91.07, 99.32], [90.44, 100.04], [92.28, 100.45], [93.56, 99.47], [93.26, 100.64], [93.99, 101.1], [95.28, 101.41], [95.55, 101.68], [95.39, 101.97], [98.78, 101.63], [102.39, 102.16], [103.02, 101.95], [103.12, 101.54], [103.46, 102.02], [103.13, 102.44], [104.73, 103.08], [105.92, 103.24], [107.34, 102.84], [108.71, 101.98], [109.25, 102.48], [109.97, 102.72], [109.31, 102.78], [109.11, 103.47], [109.0, 102.55], [108.49, 102.23], [108.29, 102.66], [108.49, 103.29], [107.68, 103.92], [111.32, 105.5], [111.19, 105.65], [112.7, 106.44], [114.05, 107.95], [116.81, 109.41], [116.45, 109.75], [116.26, 110.38], [117.96, 111.91], [118.54, 113.07], [119.29, 113.21], [119.73, 111.95], [121.92, 112.9], [122.04, 112.05], [121.76, 111.66], [120.58, 111.44], [121.79, 111.18], [121.84, 110.17], [120.48, 109.61], [119.47, 110.36], [119.65, 109.5], [118.76, 108.71], [119.61, 108.66], [120.38, 109.31], [120.98, 109.35], [121.06, 108.96], [120.14, 105.84], [119.81, 105.37], [120.1, 105.34], [119.86, 104.92], [120.06, 104.88], [120.2, 104.46], [120.86, 106.86], [121.27, 107.19], [121.39, 107.68], [122.18, 108.78], [123.46, 109.41], [123.91, 108.84], [123.97, 110.08], [124.84, 111.03], [125.57, 110.5], [125.37, 111.07], [126.46, 112.1], [125.32, 111.65], [125.05, 111.87], [125.65, 113.14], [125.57, 113.83], [127.37, 114.32], [127.44, 114.99], [128.33, 115.52], [128.36, 116.01], [128.69, 116.11], [129.19, 116.96], [129.64, 117.13], [130.02, 117.71], [130.94, 117.85], [130.15, 118.05], [128.97, 120.0], [128.16, 118.77], [126.38, 117.74], [126.44, 117.19], [126.0, 116.52], [124.71, 116.42], [124.61, 117.06], [124.84, 117.44], [124.04, 118.2], [124.3, 118.5], [125.7, 118.11], [125.87, 118.63], [125.58, 119.03], [124.32, 119.33], [124.77, 119.83], [125.42, 119.85], [125.67, 120.29], [126.61, 120.38], [126.44, 120.83], [126.88, 121.41], [126.31, 121.77], [127.51, 123.24], [127.79, 123.34], [127.8, 122.81], [128.08, 122.78], [128.34, 123.75], [128.98, 123.91], [129.63, 124.9], [130.08, 125.02], [130.38, 124.53], [130.39, 122.4], [129.57, 122.32], [129.73, 121.79], [128.81, 120.95], [128.04, 121.0], [128.47, 120.36], [129.6, 120.97], [129.29, 120.5], [129.86, 120.58], [130.31, 119.23], [132.43, 118.35], [132.17, 118.89], [132.76, 119.82], [132.93, 121.41], [133.24, 121.56], [132.57, 121.87], [132.39, 122.23], [132.96, 123.69], [133.85, 123.93], [134.78, 123.11], [134.74, 122.64], [134.96, 122.21], [135.33, 122.85], [134.74, 124.01], [134.37, 124.32], [134.14, 125.3], [134.54, 125.93], [135.27, 126.28], [135.12, 127.16], [134.42, 128.2], [135.62, 128.92], [135.87, 129.49], [136.61, 130.17], [137.46, 129.48], [137.6, 128.55], [138.3, 127.72], [139.01, 127.4], [139.5, 127.65], [138.85, 128.11], [139.1, 128.91], [139.72, 129.35], [139.59, 129.54], [138.45, 128.89], [138.6, 128.29], [138.13, 128.34], [137.71, 129.0], [137.96, 129.69], [139.17, 130.21], [139.53, 130.64], [139.73, 131.74], [139.98, 131.95], [140.86, 131.6], [140.24, 133.88], [140.85, 133.39], [140.9, 134.07], [140.0, 134.73], [140.46, 135.4], [140.72, 136.28], [141.44, 134.45], [141.61, 134.5], [141.41, 135.44], [141.78, 135.43], [141.4, 136.14], [141.43, 136.76], [141.95, 137.58], [142.35, 137.16], [142.48, 137.28], [141.89, 138.13], [141.84, 138.94], [142.83, 139.79], [143.67, 140.12], [144.87, 139.92], [145.19, 139.33], [145.18, 140.13], [145.6, 140.25], [145.2, 140.91], [146.48, 140.94], [145.39, 141.29], [145.65, 141.8], [144.68, 141.59], [141.25, 140.15], [140.33, 140.28], [140.04, 140.63], [140.27, 141.19], [140.86, 141.65], [141.41, 141.56], [141.13, 142.28], [141.48, 142.5], [141.42, 143.19], [142.53, 143.05], [142.86, 143.51], [143.14, 143.16], [143.52, 144.23], [144.11, 143.97], [144.73, 144.25], [145.18, 144.9], [146.28, 145.1], [145.13, 145.44], [145.2, 146.25], [145.41, 146.02], [145.81, 146.31], [145.98, 146.06], [146.61, 146.37], [146.85, 146.23], [146.8, 146.87], [147.13, 146.75], [147.67, 147.13], [147.15, 147.52], [148.11, 148.18], [148.47, 147.91], [149.87, 147.84], [149.11, 148.64], [149.15, 148.9], [152.54, 150.47], [153.51, 150.74], [153.87, 150.3], [154.25, 150.37], [154.03, 149.29], [153.88, 149.2], [153.72, 149.65], [152.81, 147.56], [152.32, 146.98], [149.96, 145.7], [149.66, 144.86], [147.97, 142.31], [145.67, 141.8], [145.71, 141.59], [147.67, 141.79], [147.96, 141.03], [148.13, 141.67], [149.31, 141.6], [149.87, 140.21], [149.87, 141.08], [149.32, 141.99], [150.32, 143.92], [151.14, 144.67], [151.9, 144.61], [152.59, 144.01], [152.65, 144.84], [153.1, 145.3], [152.82, 145.47], [152.32, 144.84], [152.15, 145.15], [152.45, 145.68], [153.63, 146.26], [154.18, 146.0], [154.21, 145.5], [154.6, 145.08], [154.34, 146.48], [155.32, 146.68], [154.48, 146.83], [154.57, 147.3], [154.9, 147.37], [154.91, 147.99], [155.23, 147.6], [155.62, 147.79], [156.01, 148.77], [156.41, 148.9], [156.55, 149.98], [156.08, 150.22], [156.79, 150.86], [156.48, 151.13], [156.55, 151.54], [156.83, 151.73], [156.77, 151.32], [157.26, 152.04], [156.81, 152.98], [156.95, 154.7], [156.42, 155.1], [156.18, 155.65], [155.05, 155.67], [155.61, 154.85], [155.78, 155.34], [155.95, 154.93], [156.32, 155.03], [156.38, 154.32], [156.04, 153.7], [156.22, 153.69], [156.17, 153.36], [156.47, 153.05], [156.44, 152.42], [156.3, 152.39], [156.21, 152.93], [155.75, 151.51], [155.2, 151.78], [154.67, 151.44], [152.37, 151.38], [150.32, 150.49], [150.45, 152.18], [151.26, 153.5], [151.92, 156.44], [152.0, 156.1], [152.75, 156.41], [151.99, 156.82], [152.11, 157.32], [152.62, 157.67], [152.46, 158.62], [152.18, 157.9], [152.1, 159.26], [152.32, 159.26], [152.51, 162.19], [151.89, 170.05], [150.8, 173.71], [151.17, 174.67], [151.31, 176.6], [151.71, 177.17], [151.62, 177.99], [152.11, 179.36], [151.94, 181.4], [151.69, 182.54], [151.51, 182.49], [151.27, 183.4], [151.4, 184.4], [152.78, 186.38], [152.94, 187.47], [152.82, 188.08], [153.15, 190.0], [154.79, 191.91], [155.21, 192.64], [155.14, 193.83], [155.33, 193.55], [156.66, 194.65], [156.5, 194.74], [156.55, 195.69], [156.84, 197.09], [157.5, 197.99], [158.3, 198.21], [158.51, 198.57], [158.56, 199.07], [158.2, 199.73], [158.32, 200.74], [159.98, 203.47], [161.07, 204.52], [161.18, 205.42], [161.74, 205.78], [161.78, 208.04], [162.25, 208.49], [164.72, 208.72], [165.67, 209.39], [166.02, 209.99], [166.91, 210.36], [167.83, 210.39], [168.15, 211.05], [168.1, 211.53], [169.03, 211.62], [170.76, 213.4], [171.18, 214.22], [171.39, 216.03], [171.69, 216.1], [171.9, 217.37], [172.33, 217.98], [172.51, 218.82], [173.15, 219.43], [173.14, 219.82], [172.87, 219.91], [173.04, 220.62], [173.96, 222.13], [174.07, 223.09], [174.73, 223.79], [174.93, 225.42], [175.44, 225.88], [175.46, 227.32], [175.84, 228.17], [177.26, 229.54], [177.91, 229.85], [180.14, 232.97], [180.42, 233.71], [180.29, 234.57], [179.8, 235.76], [180.11, 235.82], [180.06, 236.19], [180.36, 236.84], [179.7, 236.42], [179.7, 236.02], [178.94, 236.39], [177.63, 236.15], [177.75, 236.59], [179.03, 237.86], [179.3, 238.75], [180.24, 239.21], [180.56, 239.71], [181.0, 239.8], [181.69, 240.81], [182.61, 240.52], [182.93, 239.88], [183.04, 240.83], [183.32, 241.39], [184.34, 242.5], [185.14, 242.93], [185.71, 244.19], [186.01, 245.61], [185.84, 247.81], [186.0, 248.65], [186.64, 249.36], [186.77, 249.89], [187.11, 249.84], [188.94, 251.73], [190.07, 253.26], [190.82, 253.8], [191.33, 254.89], [191.82, 256.73], [192.34, 256.62], [193.27, 255.64], [193.48, 254.32], [193.23, 253.83], [192.76, 253.57], [192.38, 252.41], [191.11, 250.73], [190.93, 250.89], [191.01, 251.35], [190.81, 251.74], [189.99, 250.74], [189.78, 249.7], [189.91, 248.55], [189.33, 247.39], [188.93, 245.8], [188.6, 245.61], [188.2, 244.7], [188.09, 243.3], [187.41, 240.87], [186.78, 240.16], [186.72, 240.61], [186.17, 239.79], [186.19, 239.33], [185.66, 238.88], [185.27, 237.47], [184.13, 236.21], [183.74, 233.72], [183.11, 233.35], [182.79, 232.16], [182.47, 232.1], [182.3, 231.54], [181.96, 231.62], [181.83, 230.89], [181.24, 229.79], [179.0, 227.06], [178.72, 226.16], [178.76, 225.03], [178.56, 223.96], [178.06, 222.32], [178.32, 220.28], [177.91, 219.22], [180.13, 220.86], [180.54, 220.79], [180.7, 220.35], [181.23, 220.65], [181.59, 221.03], [181.61, 221.54], [183.24, 222.23], [183.25, 222.61], [183.04, 222.78], [183.21, 224.43], [183.87, 225.9], [184.11, 227.21], [185.03, 229.08], [185.13, 229.87], [185.57, 230.19], [185.74, 231.24], [187.1, 233.53], [187.69, 233.89], [188.68, 235.62], [189.25, 235.95], [190.35, 236.05], [190.11, 236.93], [190.5, 238.31], [191.06, 238.98], [192.0, 239.33], [192.16, 240.14], [192.54, 240.9], [193.31, 240.87], [193.89, 241.6], [194.2, 242.39], [193.47, 243.69], [193.59, 244.97], [194.12, 245.53], [194.99, 244.94], [194.75, 245.54], [194.48, 245.7], [194.59, 245.99], [195.27, 245.75], [195.53, 246.4], [197.35, 247.72], [197.1, 247.92], [196.7, 247.65], [197.45, 248.9], [197.64, 249.6], [198.88, 250.12], [198.83, 250.66], [198.16, 250.2], [200.5, 252.66], [202.02, 255.52], [203.74, 257.89], [204.15, 259.14], [204.14, 260.56], [204.76, 262.1], [205.39, 262.63], [205.31, 264.18], [204.54, 265.47], [205.06, 265.71], [205.25, 266.43], [204.45, 266.77], [204.09, 267.23], [204.63, 268.95], [206.17, 271.74], [209.05, 273.73], [210.39, 275.84], [212.47, 276.92], [213.83, 277.36], [214.68, 277.35], [215.57, 278.63], [217.7, 280.51], [220.02, 281.68], [220.96, 282.51], [223.58, 283.28], [224.25, 284.23], [225.31, 284.63], [226.39, 285.62], [228.0, 285.85], [229.86, 286.89], [230.71, 286.73], [232.85, 285.58], [233.79, 284.75], [234.74, 284.62], [234.12, 284.34], [234.47, 283.76], [234.77, 283.98], [234.77, 284.3], [235.27, 284.06], [235.14, 284.65], [237.54, 285.63], [238.0, 286.2], [238.0, 288.7], [239.17, 290.14], [240.68, 292.48], [242.22, 294.16], [243.99, 295.43], [244.81, 295.72], [246.36, 295.86], [248.27, 297.14], [249.76, 297.54], [251.82, 298.65], [253.3, 299.03], [255.89, 302.06], [256.41, 303.31], [256.07, 303.99], [254.57, 304.6], [253.62, 305.64], [252.48, 308.55], [252.32, 310.03], [252.44, 311.27], [252.68, 312.07], [253.7, 313.79], [254.81, 314.56], [255.92, 314.92], [267.51, 302.56], [267.51, 301.55], [267.81, 300.38], [267.93, 295.14], [268.59, 292.44], [268.5, 290.9], [268.68, 289.64], [268.48, 288.72], [267.78, 287.46], [266.74, 286.6], [265.69, 285.29], [264.86, 284.74], [262.63, 284.08], [261.13, 284.22], [259.85, 284.02], [258.9, 284.23], [257.82, 284.84], [257.02, 284.84], [254.83, 284.03], [254.35, 282.0], [253.09, 282.0], [253.13, 280.04], [253.36, 279.19], [253.18, 278.8], [253.69, 276.23], [253.56, 275.71], [252.96, 275.68], [253.37, 274.16], [253.82, 273.66], [253.76, 274.98], [254.32, 276.04], [255.26, 271.76], [254.94, 271.43], [255.32, 271.11], [255.48, 270.53], [254.89, 270.67], [254.78, 270.33], [255.45, 269.38], [255.54, 267.85], [256.98, 265.55], [257.44, 264.05], [257.3, 262.93], [256.7, 262.22], [255.75, 262.29], [256.27, 262.41], [256.09, 262.82], [253.97, 262.17], [252.7, 262.33], [251.55, 262.99], [248.9, 263.58], [247.38, 264.68], [246.99, 266.55], [246.96, 269.08], [246.39, 269.99], [246.25, 271.56], [245.64, 272.39], [244.29, 273.49], [244.2, 273.72], [244.55, 273.44], [244.48, 273.83], [244.73, 274.19], [244.74, 274.59], [244.01, 275.29], [242.94, 274.99], [243.03, 274.54], [242.77, 274.21], [241.45, 274.38], [240.7, 274.65], [240.21, 275.25], [238.32, 275.42], [236.52, 276.39], [235.75, 276.5], [235.5, 276.47], [234.77, 275.05], [234.16, 274.81], [233.68, 274.26], [232.09, 273.97], [230.56, 271.58], [230.08, 269.38], [228.02, 265.85], [227.37, 263.63], [227.66, 262.31], [226.9, 261.3], [226.39, 260.06], [226.13, 257.89], [226.44, 256.57], [226.66, 250.53], [227.12, 247.92], [228.08, 244.83], [228.15, 243.69], [227.94, 243.53], [227.32, 241.79], [226.99, 239.79], [227.19, 238.66], [226.6, 238.45], [226.39, 237.74], [227.08, 238.34], [227.32, 238.28], [227.74, 236.85], [227.34, 236.16], [228.07, 235.98], [228.35, 235.53], [228.46, 235.08], [228.16, 235.22], [228.12, 234.88], [228.74, 234.54], [228.86, 234.82], [229.01, 234.66], [229.19, 233.72], [229.47, 234.05], [230.19, 233.57], [229.9, 233.44], [229.57, 232.52], [230.11, 233.0], [230.32, 232.74], [231.35, 232.84], [230.72, 233.43], [231.79, 232.8], [233.42, 231.44], [233.8, 230.59], [234.55, 229.89], [234.14, 228.37], [234.51, 228.48], [234.97, 227.6], [234.82, 229.01], [235.54, 229.01], [234.87, 229.69], [236.74, 228.5], [239.35, 228.05], [240.77, 228.8], [241.93, 228.96], [242.43, 228.81], [242.29, 228.37], [242.97, 227.81], [243.17, 228.16], [243.6, 228.18], [244.04, 228.97], [244.56, 229.15], [244.79, 228.94], [245.06, 229.95], [244.66, 230.07], [246.18, 230.73], [246.89, 230.03], [247.46, 230.22], [247.71, 230.85], [247.93, 230.72], [248.17, 229.49], [247.87, 229.05], [248.67, 229.39], [248.91, 229.9], [249.89, 230.48], [250.13, 230.99], [250.07, 231.36], [250.46, 230.95], [250.69, 231.21], [251.08, 230.43], [250.62, 229.89], [249.69, 229.54], [249.11, 228.72], [249.65, 228.08], [250.15, 227.88], [250.02, 226.94], [249.76, 226.89], [249.37, 227.53], [248.85, 227.1], [249.28, 226.65], [249.07, 226.42], [247.83, 227.01], [247.16, 226.55], [247.69, 225.55], [249.49, 226.44], [250.25, 225.69], [251.42, 225.4], [252.02, 225.65], [253.59, 225.6], [253.94, 224.24], [254.19, 225.26], [254.57, 225.91], [253.96, 226.17], [255.04, 226.02], [255.53, 225.49], [255.45, 225.9], [255.98, 225.77], [256.32, 224.88], [256.6, 225.04], [256.81, 224.75], [256.84, 225.33], [256.23, 225.71], [258.89, 225.07], [259.27, 225.44], [258.34, 225.47], [260.41, 226.48], [261.27, 227.45], [261.27, 228.09], [261.53, 228.45], [264.18, 227.51], [264.39, 226.86], [265.15, 226.7], [266.13, 227.44], [267.26, 229.4], [268.73, 231.08], [269.07, 231.77], [269.05, 233.44], [268.52, 236.11], [268.81, 236.68], [269.04, 236.64], [269.3, 235.72], [269.78, 236.16], [269.12, 237.46], [268.89, 237.56], [270.1, 240.19], [270.41, 240.31], [270.41, 239.91], [270.88, 239.81], [270.73, 240.1], [270.79, 241.5], [271.38, 240.97], [271.01, 241.76], [271.27, 241.99], [271.69, 243.87], [272.69, 244.52], [273.42, 246.46], [273.27, 247.04], [273.44, 247.42], [275.18, 247.02], [275.51, 246.59], [276.07, 244.3], [276.16, 244.48], [276.38, 240.41], [275.28, 236.49], [274.91, 234.33], [275.08, 233.44], [274.02, 231.09], [273.04, 227.99], [272.29, 223.79], [272.5, 222.13], [272.72, 222.24], [272.93, 221.86], [272.67, 221.49], [272.92, 221.42], [273.25, 220.75], [273.02, 220.72], [273.27, 220.42], [273.19, 220.03], [273.56, 219.68], [273.43, 219.3], [273.96, 219.02], [274.17, 218.31], [274.61, 217.89], [274.49, 217.5], [274.74, 217.14], [274.93, 217.59], [275.23, 217.02], [274.78, 216.66], [275.54, 216.7], [276.73, 216.0], [276.87, 215.74], [276.76, 215.41], [277.12, 215.5], [277.66, 214.99], [277.74, 214.61], [278.61, 214.05], [278.7, 213.33], [278.85, 213.6], [279.0, 212.92], [279.84, 211.59], [281.06, 210.77], [282.36, 210.8], [282.92, 209.25], [283.97, 208.25], [283.89, 207.4], [284.21, 207.93], [284.67, 207.49], [285.8, 207.49], [286.63, 206.93], [286.85, 206.54], [286.58, 206.32], [285.26, 206.64], [286.1, 205.97], [286.42, 205.14], [285.65, 204.59], [286.25, 204.06], [286.49, 204.62], [287.38, 204.79], [288.51, 203.57], [288.56, 202.75], [288.29, 202.27], [287.67, 202.75], [287.68, 202.23], [285.83, 202.29], [285.82, 201.69], [286.3, 202.05], [286.8, 201.56], [287.24, 201.63], [287.12, 201.32], [287.46, 201.5], [287.46, 200.94], [288.75, 201.9], [289.19, 202.84], [288.56, 201.14], [287.88, 198.29], [287.19, 198.13], [286.17, 198.43], [286.44, 198.22], [285.89, 197.02], [286.04, 196.93], [286.75, 197.97], [287.08, 197.72], [286.48, 196.88], [286.77, 196.69], [286.75, 196.33], [287.14, 196.45], [287.13, 195.88], [286.85, 195.73], [287.02, 195.56], [286.21, 195.08], [286.91, 195.13], [287.14, 194.22], [286.33, 193.38], [285.31, 192.95], [285.43, 192.15], [285.71, 192.68], [286.92, 193.41], [286.73, 192.65], [286.08, 191.88], [286.77, 192.23], [286.47, 191.55], [286.49, 189.84], [286.31, 189.34], [286.55, 189.48], [286.68, 189.08], [286.28, 188.49], [286.7, 188.67], [286.95, 187.92], [287.11, 188.26], [287.61, 187.8], [287.81, 186.73], [288.04, 186.76], [287.97, 187.5], [288.25, 187.47], [287.22, 188.81], [287.31, 189.63], [287.01, 189.57], [286.95, 189.99], [287.21, 189.84], [287.41, 190.22], [287.04, 190.36], [286.92, 190.82], [287.29, 190.61], [287.84, 191.16], [287.14, 191.27], [287.14, 191.95], [287.74, 192.6], [288.28, 192.25], [288.09, 193.06], [288.46, 193.4], [288.3, 193.88], [288.84, 193.95], [287.95, 196.28], [287.89, 196.84], [288.07, 197.3], [288.41, 196.16], [289.04, 195.59], [289.7, 193.47], [290.25, 192.68], [290.37, 192.06], [290.49, 192.22], [290.59, 191.97], [290.5, 191.34], [290.18, 191.29], [290.46, 190.52], [289.83, 189.74], [289.55, 188.43], [289.05, 187.54], [289.05, 186.93], [289.47, 186.23], [289.23, 187.56], [290.33, 188.73], [291.0, 188.99], [290.93, 189.84], [291.29, 189.59], [291.9, 188.27], [292.32, 187.97], [292.38, 187.3], [292.6, 187.35], [292.81, 187.02], [293.24, 185.75], [293.31, 186.28], [293.61, 183.74], [293.54, 183.52], [292.86, 183.52], [292.79, 183.22], [293.58, 181.87], [293.57, 182.28], [294.71, 181.14], [296.57, 180.03], [300.53, 179.64], [301.05, 178.12], [301.24, 178.39], [301.39, 178.28], [301.53, 179.18], [302.85, 178.25], [302.97, 178.99], [303.69, 178.61], [304.98, 178.4], [304.9, 177.23], [304.53, 176.75], [304.16, 176.7], [304.53, 176.95], [304.84, 177.79], [304.0, 178.2], [303.63, 178.08], [303.38, 177.89], [303.29, 177.33], [302.98, 177.13], [303.09, 176.91], [302.75, 176.13], [301.88, 175.7], [302.49, 174.78], [303.11, 174.48], [303.08, 174.28], [302.76, 174.29], [302.5, 173.64], [302.77, 172.62], [304.27, 170.31], [304.08, 170.12], [304.34, 169.72], [304.94, 169.35], [304.92, 169.63], [305.21, 169.5], [305.39, 169.69], [305.42, 169.11], [305.61, 169.36], [305.83, 168.76], [305.91, 169.23], [306.1, 168.81], [306.2, 169.16], [306.7, 168.72], [307.03, 168.78], [307.48, 168.31], [307.78, 166.92], [308.34, 166.36], [308.25, 166.83], [308.49, 166.88], [308.2, 167.31], [308.99, 167.64], [309.22, 166.61], [309.44, 166.87], [310.06, 166.63], [310.33, 167.11], [310.75, 166.83], [310.95, 166.32], [311.47, 166.38], [312.29, 165.83], [312.78, 165.92], [313.35, 165.29], [313.02, 165.05], [312.96, 163.87], [313.55, 163.97], [313.68, 164.3], [314.7, 163.98], [314.9, 164.18], [315.97, 163.35], [316.47, 163.65], [319.59, 161.92], [320.26, 160.98], [320.43, 161.22], [320.9, 161.1], [319.21, 163.02], [319.68, 163.23], [319.97, 162.98], [319.9, 162.86], [323.46, 163.09], [321.53, 163.67], [321.28, 163.97], [321.41, 164.48], [320.79, 164.0], [320.86, 163.29], [320.53, 163.17], [320.52, 163.51], [319.24, 164.07], [315.88, 166.63], [315.72, 166.91], [316.34, 166.58], [315.86, 167.2], [315.59, 168.13], [315.78, 169.5], [316.02, 169.8], [316.19, 169.5], [316.45, 169.59], [316.87, 170.56], [317.6, 170.74], [317.99, 170.6], [318.03, 170.11], [318.3, 169.86], [318.72, 169.85], [319.35, 169.26], [321.01, 167.32], [320.83, 166.86], [320.98, 166.43], [321.32, 166.28], [321.5, 166.69], [321.79, 166.04], [322.3, 166.59], [322.89, 166.71], [323.08, 166.45], [322.91, 165.88], [323.75, 166.04], [330.18, 163.35], [329.97, 163.12], [328.97, 163.05], [329.47, 162.73], [329.28, 162.19], [331.2, 162.1], [332.01, 161.82], [333.58, 160.53], [333.28, 160.31], [333.48, 159.73], [332.46, 159.59], [332.25, 159.11], [331.65, 159.57], [331.11, 160.68], [331.8, 160.53], [331.01, 161.43], [329.77, 161.71], [330.35, 161.08], [330.17, 160.9], [330.65, 160.47], [330.12, 160.55], [331.63, 159.59], [332.15, 157.35], [331.94, 156.24], [331.48, 156.26], [330.64, 157.11], [329.59, 159.16], [329.11, 159.71], [328.87, 160.65], [329.01, 161.69], [328.08, 161.84], [327.57, 160.96], [326.08, 161.99], [325.32, 161.88], [325.46, 161.49], [323.79, 161.44], [323.18, 160.93], [322.63, 161.0], [321.64, 160.32], [322.27, 159.97], [322.03, 159.72], [320.26, 159.41], [319.96, 158.93], [319.71, 157.43], [320.53, 157.63], [320.63, 158.6], [321.97, 158.76], [321.81, 158.93], [322.07, 159.37], [322.69, 159.81], [324.04, 160.09], [324.27, 159.93], [323.82, 159.86], [324.93, 159.22], [324.63, 159.73], [325.25, 160.29], [324.76, 160.61], [325.22, 160.6], [325.59, 161.13], [326.84, 160.98], [326.59, 160.82], [326.65, 159.85], [328.56, 158.63], [328.03, 158.26], [324.36, 158.62], [322.26, 157.84], [321.87, 158.44], [321.41, 158.14], [321.51, 157.57], [320.71, 156.64], [321.12, 155.87], [321.07, 155.03], [319.41, 157.25], [319.24, 156.72], [319.45, 155.99], [318.43, 156.04], [318.07, 155.83], [319.22, 154.71], [319.39, 153.87], [319.81, 153.23], [318.84, 152.94], [318.97, 152.72], [317.25, 153.46], [316.57, 152.45], [314.63, 151.61], [315.91, 151.65], [316.35, 151.3], [317.62, 151.95], [318.24, 151.99], [319.47, 151.26], [320.01, 150.58], [320.81, 150.31], [321.08, 149.78], [321.1, 149.19], [320.34, 148.57], [321.21, 148.71], [321.19, 148.43], [320.19, 147.47], [319.43, 147.11], [317.49, 146.8], [314.45, 147.38], [309.82, 149.47], [308.19, 150.56], [306.34, 152.22], [304.65, 154.67], [303.37, 156.12], [301.25, 157.29], [301.17, 157.18], [302.85, 155.67], [303.58, 154.48], [304.86, 153.17], [305.48, 151.67], [304.53, 150.91], [305.76, 151.25], [306.61, 150.47], [307.87, 148.62], [308.96, 147.68], [309.87, 147.29], [309.7, 147.09], [312.27, 146.46], [313.48, 143.77], [314.74, 142.86], [315.79, 142.9], [316.27, 142.52], [316.81, 142.66], [318.21, 142.41], [321.31, 142.62], [322.21, 142.43], [323.95, 142.73], [325.42, 142.48], [327.67, 142.76], [328.22, 143.3], [330.82, 142.69], [332.87, 142.66], [333.42, 142.41], [333.62, 141.98], [335.45, 140.48], [337.3, 138.34], [338.49, 138.28], [340.27, 137.62], [341.64, 137.67], [344.35, 135.7], [345.33, 134.62], [344.37, 133.77], [345.03, 133.9], [345.23, 133.64], [345.12, 133.45], [343.48, 133.15], [344.96, 132.75], [344.76, 132.36], [344.89, 131.77], [344.71, 131.26], [344.98, 130.39], [344.51, 129.3], [344.1, 128.81], [343.41, 128.65], [342.92, 128.06], [342.02, 128.17], [340.64, 129.29], [340.48, 128.91], [340.09, 128.7], [341.19, 127.95], [340.4, 126.41], [337.89, 126.24], [337.72, 126.44], [337.84, 126.6], [338.67, 126.72], [336.9, 127.17], [335.01, 128.55], [333.58, 129.13], [332.67, 129.96], [332.16, 130.13], [332.38, 129.8], [332.27, 129.6], [332.81, 129.21], [332.04, 128.54], [332.68, 128.75], [332.93, 128.18], [333.59, 127.76], [334.52, 127.76], [336.14, 126.94], [336.95, 126.87], [337.28, 126.28], [338.32, 125.62], [339.6, 125.47], [340.43, 124.63], [339.24, 124.09], [338.95, 123.86], [338.85, 123.43], [338.19, 123.47], [337.62, 123.85], [336.54, 123.58], [335.92, 122.29], [335.18, 122.08], [334.44, 122.81], [334.3, 122.69], [334.68, 122.18], [333.97, 122.09], [333.77, 121.62], [332.49, 121.92], [331.35, 122.65], [332.54, 120.91], [331.93, 120.21], [332.12, 119.65], [331.74, 119.56], [331.5, 119.88], [330.99, 118.99], [330.01, 119.3], [329.73, 118.92], [328.99, 118.75], [329.41, 118.54], [329.23, 117.83], [327.72, 117.74], [329.06, 117.23], [327.25, 116.9], [328.18, 116.54], [326.8, 115.8], [329.21, 115.9], [329.31, 114.54], [328.48, 113.82], [327.5, 113.54], [327.86, 113.04], [327.66, 112.82], [326.4, 112.59], [327.53, 112.02], [327.63, 111.79], [327.46, 111.37], [327.73, 110.99], [327.56, 110.77], [326.58, 110.51], [326.07, 109.75], [324.16, 110.26], [325.14, 109.56], [325.75, 108.43], [324.23, 108.69], [323.86, 108.29], [324.95, 107.61], [324.46, 106.75], [323.81, 106.79], [323.99, 106.54], [323.73, 106.13], [323.9, 105.95], [322.68, 105.98], [323.44, 105.42], [323.1, 104.84], [322.43, 105.07], [322.42, 104.76], [321.95, 104.63], [322.51, 104.08], [321.63, 102.79], [321.14, 103.13], [321.26, 102.17], [320.97, 101.79], [319.6, 102.01], [320.59, 101.35], [320.36, 100.94], [319.47, 100.68], [318.47, 102.44], [318.52, 102.91], [318.14, 102.81], [317.73, 102.98], [317.58, 103.52], [317.8, 103.97], [318.55, 104.42], [317.61, 104.26], [317.79, 104.91], [317.5, 104.76], [317.23, 105.34], [316.96, 105.34], [317.23, 105.76], [317.86, 105.97], [316.9, 106.13], [316.95, 106.35], [316.56, 106.33], [316.33, 106.59], [316.52, 106.87], [315.98, 106.98], [316.33, 108.02], [316.11, 108.6], [315.85, 107.66], [315.07, 107.11], [314.07, 108.36], [311.67, 109.51], [311.37, 110.44], [311.14, 108.72], [310.84, 109.31], [310.39, 108.39], [309.65, 108.97], [309.8, 108.39], [309.36, 107.32], [308.46, 106.65], [306.86, 106.72], [305.41, 107.52], [304.38, 107.23], [305.19, 106.83], [305.43, 106.41], [305.8, 106.98], [306.13, 106.78], [306.46, 105.87], [306.36, 105.48], [306.66, 104.97], [305.72, 104.8], [305.7, 104.18], [306.01, 103.4], [305.58, 102.39], [304.16, 102.15], [304.18, 101.97], [304.93, 101.98], [305.75, 101.73], [305.88, 101.22], [305.56, 100.66], [305.54, 100.01], [305.86, 99.16], [306.53, 98.5], [306.34, 97.82], [305.91, 97.66], [305.67, 98.22], [304.86, 98.47], [304.57, 98.37], [304.39, 97.79], [304.04, 97.59], [302.77, 97.65], [300.8, 97.22], [299.87, 96.48], [300.15, 96.17], [299.55, 96.06], [300.22, 95.5], [300.16, 95.32], [299.51, 95.02], [299.13, 95.19], [298.49, 94.43], [297.7, 94.05], [296.95, 94.39], [297.35, 93.61], [297.19, 93.2], [296.64, 93.2], [294.3, 91.75], [291.65, 92.85], [291.52, 92.96], [291.68, 93.25], [289.67, 92.43], [288.92, 92.76], [285.3, 91.55], [283.91, 91.35], [282.4, 91.97], [281.71, 92.59], [281.69, 93.32], [282.02, 94.47], [283.51, 95.6], [282.87, 96.1], [282.81, 97.25], [281.59, 98.69], [283.28, 98.63], [282.73, 99.42], [283.56, 99.82], [283.04, 100.31], [283.7, 101.47], [283.32, 101.72], [284.18, 101.98], [283.94, 102.39], [284.07, 102.92], [283.64, 103.38], [284.02, 103.81], [282.94, 103.43], [282.92, 103.82], [282.56, 104.26], [282.85, 104.66], [280.91, 106.68], [280.71, 107.72], [283.48, 109.4], [284.6, 110.31], [285.35, 111.4], [286.23, 113.82], [286.35, 116.66], [286.13, 117.92], [285.68, 118.77], [284.54, 120.16], [282.83, 121.71], [280.86, 122.88], [277.33, 124.31], [277.66, 124.6], [278.36, 126.0], [278.98, 126.44], [278.69, 126.68], [279.39, 127.08], [279.17, 127.37], [279.54, 127.79], [279.27, 127.84], [279.11, 128.51], [279.68, 131.07], [280.18, 131.85], [280.12, 132.69], [280.65, 133.37], [280.74, 134.12], [280.96, 134.32], [279.46, 136.35], [280.16, 137.51], [279.81, 137.98], [279.68, 138.75], [279.29, 137.65], [278.66, 137.28], [278.57, 136.99], [278.0, 137.21], [277.46, 138.14], [277.37, 139.27], [276.28, 138.41], [274.99, 138.28], [275.32, 137.97], [274.72, 136.42], [272.43, 134.57], [271.41, 134.48], [272.02, 134.07], [272.05, 133.62], [270.09, 131.12], [270.47, 130.15], [270.51, 127.84], [270.23, 126.9], [269.7, 126.07], [270.28, 123.7], [269.77, 122.65], [268.08, 121.97], [265.46, 121.63], [263.75, 121.86], [262.22, 121.75], [261.38, 122.6], [261.77, 121.49], [260.43, 120.46], [255.35, 118.69], [253.7, 116.82], [251.55, 115.39], [248.82, 114.7], [246.51, 113.7], [245.07, 113.62], [241.63, 114.71], [241.77, 114.4], [240.78, 114.71], [241.39, 113.26], [239.24, 107.42], [236.63, 107.34], [236.21, 108.68], [236.09, 108.66], [236.17, 107.43], [235.08, 106.78], [234.79, 106.15], [234.48, 106.03], [234.76, 105.12], [234.76, 102.27], [235.15, 100.34], [234.82, 99.99], [235.54, 99.55], [236.79, 97.31], [236.74, 96.63], [237.29, 96.46], [237.22, 95.89], [238.93, 94.68], [238.16, 93.96], [238.88, 93.99], [239.05, 93.87], [238.84, 93.58], [239.64, 93.44], [239.81, 93.3], [239.67, 93.07], [240.4, 92.63], [241.23, 92.97], [240.53, 92.1], [241.14, 91.41], [241.94, 91.24], [242.69, 91.42], [242.89, 91.21], [242.82, 90.99], [241.82, 90.73], [241.65, 90.29], [242.57, 90.1], [244.25, 90.34], [246.13, 89.64], [246.35, 89.25], [246.31, 88.26], [245.56, 87.69], [243.07, 86.64], [241.72, 87.1], [242.18, 86.67], [241.13, 86.35], [242.67, 86.12], [242.83, 86.39], [246.02, 87.1], [246.65, 86.76], [247.31, 86.9], [247.94, 86.61], [248.35, 86.13], [247.88, 85.43], [248.79, 85.5], [248.08, 84.79], [248.87, 84.59], [249.47, 85.19], [250.88, 85.43], [250.64, 84.85], [251.76, 85.33], [253.74, 84.56], [256.6, 80.97], [256.59, 80.41], [251.09, 79.78], [248.33, 78.02], [247.01, 77.78], [247.04, 77.57], [248.4, 77.66], [248.52, 77.64], [248.23, 77.39], [248.78, 77.38], [251.68, 78.43], [253.94, 79.77], [255.38, 79.82], [256.42, 79.4], [259.36, 76.65], [258.9, 76.22], [257.27, 75.66], [257.08, 75.43], [257.17, 74.99], [260.26, 74.81], [260.74, 74.93], [261.76, 75.8], [263.52, 76.41], [264.02, 75.94], [265.24, 76.26], [265.44, 76.16], [264.16, 74.32], [262.68, 73.28], [261.92, 73.53], [261.64, 73.39], [262.24, 72.97], [262.1, 72.82], [263.21, 73.13], [263.99, 73.67], [263.74, 73.74], [263.86, 73.91], [264.81, 74.12], [266.01, 75.53], [266.53, 75.6], [269.87, 74.0], [270.8, 73.02], [272.0, 72.65], [272.27, 71.51], [272.17, 70.96], [269.72, 69.24], [269.56, 68.88], [269.72, 68.16], [269.14, 68.36], [267.9, 67.18], [268.9, 66.92], [269.78, 67.1], [271.12, 66.37], [271.04, 66.05], [270.44, 65.66], [268.92, 65.51], [269.81, 64.71], [269.46, 64.48], [267.72, 64.14], [267.04, 64.24], [266.22, 63.69], [264.57, 63.45], [265.17, 63.29], [265.14, 62.9], [261.38, 62.7], [258.56, 62.32], [255.32, 62.29], [255.84, 62.5], [256.13, 62.94], [256.81, 63.28], [257.97, 64.39], [260.1, 64.89], [260.27, 65.28], [259.93, 65.48], [260.11, 65.98], [258.79, 66.05], [258.17, 66.51], [258.34, 67.39], [257.98, 68.9], [257.02, 69.98], [257.05, 71.16], [255.09, 72.33], [254.58, 71.63], [252.44, 69.96], [252.0, 69.22], [251.73, 67.84], [252.0, 67.64], [252.68, 68.05], [253.0, 67.84], [252.88, 67.25], [251.91, 65.82], [251.0, 65.4], [248.01, 64.2], [247.56, 64.2], [247.28, 65.02], [247.42, 66.99], [246.54, 67.9], [245.53, 67.06], [245.29, 65.51], [244.24, 64.67], [243.46, 64.34], [243.75, 63.5], [244.3, 63.42], [243.61, 63.18], [241.33, 63.16], [242.11, 62.71], [241.93, 62.68], [239.61, 63.22], [237.94, 62.74], [236.12, 62.8], [237.41, 61.58], [236.69, 61.44], [238.63, 61.04], [236.57, 60.78], [235.36, 60.93], [231.58, 60.42], [227.28, 60.13], [219.22, 58.94], [218.9, 58.75], [217.49, 58.7], [216.12, 58.31], [217.25, 58.22], [217.02, 57.77], [217.48, 57.37], [215.73, 56.62], [220.47, 56.71], [222.37, 55.98], [222.8, 55.68], [222.42, 55.57], [223.17, 55.45], [223.57, 55.17], [224.51, 54.12], [222.46, 53.77], [219.47, 53.84], [216.28, 53.32], [212.36, 53.65], [212.0, 53.79], [212.04, 54.04], [212.87, 54.5], [211.03, 54.41], [210.89, 54.62], [211.2, 55.77], [211.4, 56.35], [212.05, 56.8], [214.24, 58.23], [214.85, 58.25], [214.19, 58.86], [214.15, 59.04], [214.62, 59.15], [214.13, 59.58], [214.65, 59.83], [217.27, 60.31], [220.16, 60.51], [220.63, 60.37], [221.43, 60.6], [220.92, 60.68], [221.34, 60.88], [223.44, 61.55], [226.34, 62.36], [230.66, 63.2], [230.97, 62.95], [232.8, 63.56], [234.28, 63.36], [234.7, 63.48], [235.09, 63.61], [234.87, 63.67], [235.02, 63.83], [235.34, 63.86], [234.95, 64.36], [234.69, 64.26], [234.7, 63.71], [233.29, 64.05], [233.76, 64.61], [234.35, 64.7], [233.39, 65.48], [233.49, 65.87], [233.99, 66.08], [235.18, 65.9], [235.29, 65.13], [235.99, 65.55], [236.52, 66.49], [237.06, 66.56], [235.97, 67.09], [233.82, 68.74], [231.88, 68.92], [231.5, 70.07], [232.11, 70.57], [232.89, 71.96], [232.67, 73.1], [232.51, 72.38], [232.1, 72.14], [231.48, 72.27], [231.58, 71.74], [230.37, 71.93], [230.19, 71.52], [229.58, 70.99], [229.93, 70.16], [230.29, 68.01], [228.28, 68.86], [228.9, 67.78], [228.41, 68.01], [227.49, 67.97], [226.22, 67.03], [228.52, 67.36], [232.05, 65.86], [231.81, 65.67], [231.17, 65.8], [230.55, 65.55], [227.46, 63.93], [223.66, 62.69], [223.22, 62.87], [222.87, 62.75], [223.04, 62.61], [222.8, 62.49], [220.84, 62.15], [220.06, 62.46], [221.28, 63.28], [219.92, 63.12], [220.58, 63.45], [220.28, 63.52], [221.14, 63.98], [220.02, 64.65], [218.33, 64.85], [218.4, 65.17], [219.77, 65.8], [220.77, 65.5], [221.49, 65.91], [222.86, 65.79], [223.29, 66.2], [225.1, 66.81], [224.47, 67.0], [225.0, 67.48], [223.91, 67.74], [222.72, 67.54], [223.59, 68.48], [223.27, 68.54], [224.19, 69.34], [226.0, 69.18], [227.27, 69.83], [227.18, 70.23], [226.48, 70.55], [225.05, 70.19], [222.93, 68.72], [222.69, 68.85], [222.78, 69.15], [223.68, 69.79], [221.97, 70.15], [218.64, 69.66], [215.0, 70.22], [212.79, 70.05], [211.29, 69.57], [209.38, 68.51], [208.17, 68.82], [206.56, 68.71], [206.03, 68.36], [206.02, 68.03], [204.66, 67.78], [203.78, 67.33], [203.02, 66.15], [202.48, 65.73], [201.05, 65.37], [197.8, 66.24], [195.31, 66.58], [194.47, 67.79], [195.62, 68.38], [197.34, 68.27], [197.49, 68.15], [197.27, 67.82], [197.6, 67.63], [198.49, 67.78], [199.63, 67.44], [200.36, 67.55], [200.7, 66.91], [202.11, 66.43], [202.63, 66.61], [202.28, 67.18], [201.0, 67.69], [201.0, 68.17], [200.27, 68.12], [199.6, 68.53], [197.21, 68.83], [197.44, 69.14], [196.84, 69.72], [196.92, 70.19], [197.9, 70.94], [198.25, 71.89], [199.09, 72.58], [198.93, 72.78], [199.49, 73.49], [198.17, 72.98], [197.83, 73.15], [198.02, 74.48], [195.65, 72.64], [196.44, 72.81], [197.09, 72.62], [197.31, 72.34], [197.04, 71.96], [195.94, 71.38], [195.1, 70.6], [194.83, 70.66], [194.54, 71.3], [193.88, 70.22], [192.16, 70.07], [190.78, 69.03], [188.31, 69.84], [187.71, 69.72], [184.1, 70.28], [180.18, 70.18], [176.64, 69.73], [175.74, 69.4], [176.46, 68.92], [176.38, 68.66], [176.53, 68.46], [177.47, 67.91], [179.33, 67.94], [179.65, 67.4], [177.46, 66.08], [174.89, 65.37], [172.53, 65.27], [173.24, 65.77], [169.64, 65.59], [162.81, 64.67], [160.05, 64.21], [157.8, 62.99], [155.42, 62.49], [152.16, 62.31], [152.25, 63.2], [151.75, 63.69], [149.91, 63.62], [149.48, 63.39], [149.88, 62.51], [149.13, 62.19], [148.24, 61.08], [147.91, 60.94], [147.51, 61.15], [147.94, 61.36], [147.69, 61.83], [147.46, 61.74], [147.53, 62.09], [147.34, 62.31], [147.89, 63.25], [147.48, 63.5], [145.77, 62.93], [144.76, 62.2], [144.28, 61.82], [142.53, 59.49], [141.84, 59.15], [141.9, 58.99], [145.48, 59.75], [146.74, 59.61], [147.31, 59.3], [149.44, 59.39], [149.58, 59.19], [149.36, 57.98], [150.78, 57.83], [151.87, 56.91], [160.48, 55.11], [160.78, 54.91], [160.11, 54.53], [155.09, 53.17], [152.48, 53.13], [151.09, 53.71], [150.8, 53.25], [149.8, 53.23], [144.93, 52.36], [136.48, 52.58], [138.15, 53.82], [139.26, 54.19], [137.01, 55.65], [137.02, 55.81], [138.0, 56.02], [136.79, 56.32], [136.9, 56.78], [137.11, 56.92], [136.6, 57.47], [138.27, 58.03], [140.03, 58.37], [139.99, 58.93], [140.48, 59.17], [140.36, 59.29], [141.36, 59.59], [139.86, 60.1], [139.62, 60.68], [137.84, 61.7], [137.54, 61.29], [138.15, 60.98], [138.25, 60.61], [137.67, 60.95], [134.9, 61.58], [133.8, 62.2], [132.52, 63.69], [132.26, 62.69], [131.53, 63.05], [131.48, 62.75], [130.24, 62.75], [130.24, 63.0], [129.87, 63.34], [127.62, 64.21], [127.57, 64.86], [128.15, 65.06], [127.66, 65.31], [125.64, 65.2], [127.34, 63.68], [128.71, 63.26], [129.82, 62.32], [132.9, 61.86], [136.16, 60.47], [136.45, 60.04], [136.06, 59.67], [135.35, 60.06], [133.35, 59.89], [132.62, 60.2], [132.04, 60.79], [131.2, 60.74], [129.18, 61.61], [128.26, 61.47], [127.79, 61.82], [127.28, 61.83], [126.38, 62.73], [123.53, 63.48], [124.36, 62.42], [122.87, 61.69], [122.63, 62.14], [122.73, 62.54], [120.81, 62.58], [120.38, 63.25], [119.24, 63.24], [118.62, 64.07], [119.57, 64.42], [118.59, 64.56], [118.67, 64.84], [119.97, 65.19], [120.48, 65.84], [118.03, 65.02], [116.35, 65.0], [113.09, 64.15], [109.39, 62.38], [107.15, 61.93], [103.11, 61.79], [102.29, 61.31], [100.6, 60.89], [99.44, 60.21], [98.0, 59.87], [94.04, 60.42], [92.41, 60.31], [90.64, 59.68], [85.33, 59.44], [84.09, 58.87], [83.14, 59.02], [82.55, 58.61], [80.91, 58.26], [79.21, 58.22], [78.07, 58.54], [76.97, 58.22], [75.39, 58.6], [73.35, 58.46], [73.85, 58.01], [72.71, 58.03], [71.87, 57.62], [71.96, 57.29], [72.54, 56.97], [72.34, 56.82], [69.71, 56.47], [66.99, 57.01], [65.32, 56.62], [65.64, 56.23], [64.25, 55.76], [63.08, 56.61], [61.97, 56.83], [61.48, 56.47], [62.45, 56.19], [63.08, 55.67], [62.9, 55.41], [60.3, 54.75], [60.78, 54.52], [60.57, 54.47], [59.69, 54.84], [58.16, 56.01], [56.51, 56.76], [52.72, 57.23], [52.47, 57.09], [52.89, 56.76], [52.54, 56.69], [51.5, 57.07], [50.37, 57.7], [50.51, 57.76], [47.79, 59.07], [45.83, 59.46], [45.29, 58.96], [42.26, 61.35], [41.86, 61.97], [41.67, 62.89], [40.62, 63.8], [38.45, 64.78], [33.07, 64.99], [33.14, 65.36], [32.59, 66.9], [31.45, 67.18], [32.99, 67.52], [33.77, 68.03], [35.39, 68.49], [38.95, 70.32], [40.09, 72.04], [40.62, 72.42], [43.3, 72.77], [43.79, 72.42], [43.84, 72.77], [45.74, 72.77], [46.02, 72.94], [45.29, 73.67], [45.36, 74.1], [46.65, 74.72], [48.16, 74.22], [48.78, 74.5], [49.58, 74.47], [49.86, 74.63], [49.95, 75.27], [48.76, 75.47], [47.33, 74.96], [46.11, 75.11], [45.21, 74.69], [44.81, 74.24], [44.9, 73.75], [43.93, 73.07], [43.23, 73.29], [43.63, 73.95], [44.41, 74.13], [45.27, 74.97], [45.19, 75.3], [45.44, 75.48], [46.24, 75.32], [47.43, 75.63], [47.68, 76.23], [46.49, 75.85], [45.47, 76.8], [45.14, 76.84], [40.16, 76.67], [39.21, 76.12], [39.6, 75.83], [39.58, 75.44], [40.04, 74.62], [40.32, 74.62], [40.07, 74.45], [38.0, 74.57], [36.3, 75.2], [35.21, 75.31], [34.19, 75.82], [34.11, 76.0], [35.22, 76.49], [32.53, 76.42], [31.54, 76.81], [30.62, 77.54], [29.69, 77.61], [28.25, 78.35], [28.21, 78.07], [27.77, 78.44], [28.05, 78.82], [29.69, 79.43], [33.1, 79.98], [33.09, 80.12], [32.38, 80.16], [32.16, 80.54], [31.04, 80.53], [32.48, 81.5], [32.3, 82.32]]], [[[239.39, 41.27], [238.03, 41.48], [238.43, 41.66], [242.46, 41.92], [241.32, 42.21], [236.93, 41.86], [232.39, 42.2], [230.71, 43.08], [230.58, 43.67], [232.19, 43.79], [234.71, 43.26], [233.95, 43.9], [235.55, 43.83], [236.95, 43.34], [237.54, 42.81], [237.25, 43.52], [238.01, 43.5], [238.03, 43.62], [235.64, 44.27], [236.28, 44.66], [236.28, 45.15], [236.94, 45.36], [238.31, 45.14], [240.1, 45.21], [241.26, 44.93], [241.32, 45.12], [240.53, 45.43], [238.32, 45.61], [235.54, 45.39], [234.05, 44.7], [232.59, 44.42], [231.38, 44.35], [229.4, 44.61], [229.2, 44.76], [230.24, 45.44], [232.32, 46.07], [228.09, 46.34], [225.75, 46.95], [225.6, 47.75], [228.19, 47.92], [228.01, 47.37], [228.29, 47.07], [228.57, 47.96], [230.83, 48.0], [230.85, 47.53], [231.2, 47.86], [232.89, 48.03], [233.46, 47.53], [234.32, 47.89], [236.27, 48.18], [238.97, 48.07], [239.09, 47.31], [239.95, 47.84], [244.13, 47.82], [243.98, 47.31], [245.43, 47.75], [247.32, 47.81], [247.67, 48.05], [247.26, 48.41], [248.02, 48.5], [254.32, 47.61], [255.11, 47.18], [255.03, 46.94], [254.19, 46.61], [252.87, 46.83], [251.74, 46.69], [251.48, 46.58], [251.55, 46.32], [251.39, 46.14], [250.99, 46.05], [249.14, 46.16], [246.26, 45.78], [246.44, 45.62], [246.2, 45.53], [246.24, 45.38], [248.21, 45.75], [253.55, 45.64], [254.63, 45.29], [254.6, 44.5], [254.79, 44.26], [260.45, 44.32], [262.3, 43.49], [259.97, 43.11], [259.98, 42.93], [262.93, 42.92], [263.72, 42.72], [263.96, 42.45], [262.22, 42.1], [260.36, 42.0], [258.6, 41.45], [263.61, 41.62], [263.73, 41.2], [260.83, 41.15], [259.05, 40.78], [259.08, 40.58], [261.09, 40.73], [266.55, 40.66], [267.24, 40.43], [266.26, 39.89], [269.25, 40.23], [271.87, 40.07], [272.51, 39.84], [271.81, 39.66], [273.76, 39.25], [272.72, 38.91], [274.49, 38.69], [273.69, 38.28], [273.73, 38.16], [276.13, 38.42], [278.42, 37.69], [285.28, 36.72], [288.26, 35.83], [285.82, 35.8], [282.2, 36.09], [283.47, 35.44], [285.81, 35.38], [286.95, 35.11], [288.97, 35.13], [294.5, 34.32], [296.95, 33.67], [295.68, 33.25], [293.75, 33.16], [291.8, 33.32], [292.2, 33.03], [290.78, 32.66], [291.12, 32.45], [288.57, 32.48], [287.52, 32.16], [286.57, 32.43], [285.47, 32.31], [282.74, 32.52], [282.72, 32.38], [283.67, 32.08], [275.88, 31.83], [274.63, 31.57], [272.35, 31.61], [270.77, 31.86], [269.31, 31.58], [267.48, 31.67], [265.91, 32.01], [266.72, 32.53], [263.46, 31.85], [256.62, 31.86], [260.63, 32.88], [259.52, 33.05], [255.76, 32.18], [249.67, 32.03], [249.01, 32.11], [250.23, 32.58], [246.84, 32.43], [246.43, 32.51], [247.29, 32.9], [244.03, 32.78], [244.96, 33.1], [243.14, 33.31], [245.01, 33.73], [244.97, 33.97], [242.91, 33.66], [241.87, 33.86], [240.15, 33.4], [237.01, 33.2], [232.38, 33.56], [235.83, 34.2], [235.79, 34.46], [232.44, 34.03], [231.47, 34.26], [230.44, 33.99], [228.74, 33.86], [225.52, 34.37], [221.63, 34.61], [219.82, 35.12], [220.84, 35.3], [222.5, 35.08], [224.28, 35.11], [222.62, 35.68], [225.92, 35.53], [225.95, 35.72], [225.0, 35.94], [225.81, 36.18], [224.24, 36.44], [225.16, 36.67], [226.87, 36.64], [226.88, 36.88], [226.07, 36.96], [226.93, 37.22], [229.99, 37.59], [230.96, 37.56], [234.88, 36.69], [236.08, 36.64], [236.11, 36.83], [233.69, 37.28], [232.77, 37.66], [236.5, 37.94], [238.84, 37.9], [240.91, 37.48], [243.32, 37.37], [243.34, 37.5], [242.22, 37.81], [246.98, 37.64], [250.14, 37.19], [251.57, 36.53], [253.76, 36.22], [253.83, 36.43], [252.79, 36.94], [255.05, 37.04], [255.05, 37.27], [247.05, 38.15], [241.97, 38.43], [246.95, 39.97], [246.93, 40.11], [245.33, 40.01], [240.12, 38.66], [233.57, 38.43], [233.09, 38.58], [232.82, 38.92], [233.35, 39.61], [234.35, 39.91], [236.27, 40.05], [239.39, 41.27]]], [[[318.17, 50.78], [319.49, 51.0], [320.71, 50.54], [321.49, 51.02], [321.23, 51.36], [321.32, 51.68], [320.55, 51.44], [318.86, 51.4], [318.21, 51.5], [317.67, 51.92], [315.37, 51.93], [314.59, 52.29], [315.35, 53.0], [315.6, 53.05], [316.65, 52.51], [316.38, 52.99], [316.68, 53.25], [318.62, 53.45], [316.94, 54.23], [318.59, 55.04], [320.7, 55.37], [320.91, 55.34], [320.09, 54.46], [321.21, 54.89], [321.93, 54.61], [322.74, 54.96], [324.24, 54.46], [324.89, 54.76], [325.67, 54.36], [326.44, 54.65], [328.64, 54.87], [332.42, 56.14], [332.79, 56.65], [332.35, 57.09], [335.6, 59.38], [334.95, 59.66], [334.97, 60.25], [334.23, 60.52], [335.27, 60.35], [335.65, 60.5], [336.19, 61.53], [336.01, 61.53], [335.82, 62.1], [336.33, 62.58], [336.75, 62.37], [336.97, 62.74], [336.87, 63.09], [336.4, 63.34], [336.43, 63.63], [336.97, 63.84], [337.27, 63.61], [337.74, 64.01], [337.74, 64.49], [337.48, 64.85], [336.53, 65.18], [336.96, 65.46], [336.48, 65.61], [336.44, 65.83], [337.02, 65.88], [336.43, 67.32], [336.54, 67.7], [336.9, 68.05], [337.81, 68.22], [338.84, 67.96], [338.76, 67.4], [339.1, 67.35], [339.64, 66.62], [339.76, 67.21], [339.57, 67.62], [339.96, 67.74], [340.68, 67.36], [341.72, 67.55], [340.55, 67.84], [340.03, 68.37], [340.19, 68.74], [342.48, 68.91], [342.99, 69.23], [341.92, 69.21], [342.65, 69.65], [342.56, 70.39], [343.72, 71.19], [342.28, 70.81], [340.47, 69.94], [338.55, 69.75], [338.04, 70.09], [338.91, 71.02], [338.0, 70.84], [337.29, 71.18], [337.31, 71.74], [338.08, 72.11], [337.28, 72.09], [337.06, 72.89], [337.38, 73.25], [338.94, 73.48], [339.22, 73.73], [338.32, 73.95], [339.36, 74.45], [341.88, 73.65], [342.24, 73.25], [341.99, 72.56], [340.82, 72.1], [339.78, 71.15], [339.88, 71.02], [341.25, 71.87], [342.31, 72.07], [342.87, 71.88], [343.97, 71.96], [343.72, 72.22], [343.93, 72.61], [343.29, 72.98], [342.91, 74.25], [342.66, 75.56], [343.3, 75.42], [342.83, 75.96], [342.14, 76.14], [341.18, 75.67], [340.75, 75.65], [340.14, 75.93], [339.65, 76.81], [340.51, 76.77], [341.33, 77.02], [342.12, 76.87], [342.37, 76.53], [342.78, 76.55], [342.17, 77.48], [339.98, 77.05], [339.38, 78.1], [339.16, 78.91], [339.79, 78.8], [339.07, 79.27], [338.94, 80.06], [339.57, 80.65], [340.36, 80.71], [339.6, 81.42], [339.3, 82.09], [339.32, 82.82], [340.3, 82.65], [339.64, 83.12], [340.04, 83.31], [339.91, 84.39], [340.53, 84.39], [340.82, 84.75], [341.29, 84.75], [340.84, 85.12], [341.24, 85.61], [341.46, 87.7], [341.7, 88.25], [341.88, 88.12], [342.4, 88.78], [342.24, 88.83], [342.35, 89.85], [344.02, 92.4], [343.96, 93.14], [345.05, 93.78], [344.89, 94.02], [344.95, 94.44], [345.85, 94.36], [345.29, 94.75], [345.55, 95.33], [345.42, 95.61], [345.76, 95.79], [345.93, 96.49], [346.63, 96.72], [346.69, 97.23], [347.56, 97.24], [346.9, 97.78], [347.48, 98.01], [347.62, 98.0], [347.53, 97.72], [348.83, 97.75], [349.24, 97.34], [350.28, 96.85], [349.86, 97.86], [349.99, 98.32], [351.16, 98.91], [350.95, 99.0], [350.93, 99.49], [352.01, 100.04], [352.19, 99.8], [352.29, 100.31], [352.78, 100.3], [352.71, 100.58], [353.0, 100.62], [353.36, 100.49], [352.94, 100.0], [353.83, 100.29], [354.11, 99.9], [353.99, 98.95], [352.91, 98.35], [354.23, 98.57], [354.69, 97.88], [355.25, 95.32], [354.88, 95.22], [355.55, 94.82], [355.25, 93.99], [355.49, 92.84], [354.62, 92.42], [355.83, 92.37], [356.22, 91.72], [355.77, 91.43], [356.57, 91.47], [356.96, 90.87], [357.05, 90.19], [357.43, 90.14], [357.44, 89.88], [357.75, 89.61], [357.65, 88.47], [357.07, 88.49], [356.33, 88.02], [357.42, 88.21], [357.54, 87.91], [357.85, 87.87], [358.27, 87.5], [357.6, 86.27], [357.16, 86.4], [356.99, 85.93], [356.99, 85.74], [357.58, 85.72], [358.17, 85.89], [359.12, 85.08], [358.28, 84.47], [360.45, 84.29], [361.06, 84.05], [361.02, 83.41], [361.16, 83.47], [361.69, 82.5], [361.2, 82.17], [362.36, 82.39], [361.64, 83.3], [361.34, 84.05], [361.69, 84.38], [362.17, 84.21], [362.31, 83.84], [362.66, 83.61], [362.85, 83.87], [363.22, 83.86], [363.55, 82.83], [363.63, 83.75], [364.68, 82.87], [364.35, 82.01], [364.99, 82.53], [365.3, 82.56], [366.09, 82.03], [366.39, 81.49], [366.6, 81.51], [366.84, 81.23], [368.24, 78.62], [369.57, 77.68], [369.28, 77.05], [369.55, 76.93], [369.34, 76.42], [370.62, 77.29], [371.24, 77.48], [371.76, 77.32], [371.61, 76.94], [372.35, 77.09], [372.81, 76.77], [373.68, 76.81], [377.58, 75.77], [378.69, 75.18], [378.9, 74.74], [379.54, 74.4], [379.4, 74.13], [380.66, 73.62], [380.66, 73.21], [381.45, 73.2], [381.27, 72.78], [382.42, 72.63], [382.37, 72.37], [383.29, 72.09], [383.61, 71.75], [381.55, 71.66], [378.92, 71.06], [378.04, 71.36], [376.81, 71.48], [376.31, 72.07], [375.97, 71.96], [376.06, 71.69], [377.54, 70.93], [377.21, 70.71], [376.01, 70.91], [374.26, 70.65], [375.24, 70.21], [375.47, 69.69], [375.42, 69.29], [377.25, 69.38], [378.24, 68.98], [378.73, 68.5], [378.26, 67.56], [380.29, 68.62], [380.71, 69.11], [381.12, 70.23], [382.03, 70.79], [382.93, 70.82], [383.15, 69.86], [383.3, 69.87], [383.36, 70.75], [383.98, 70.82], [384.57, 70.59], [384.25, 67.9], [383.96, 67.82], [383.48, 68.03], [383.28, 68.66], [383.19, 67.84], [383.96, 67.16], [383.38, 67.09], [383.2, 66.69], [380.27, 65.27], [379.99, 65.35], [380.17, 64.81], [379.86, 63.65], [380.19, 63.54], [380.98, 65.05], [383.49, 66.11], [383.51, 65.48], [383.8, 65.33], [383.85, 63.87], [381.22, 62.53], [379.24, 62.55], [380.86, 61.51], [381.42, 62.13], [382.16, 62.54], [383.41, 62.89], [384.54, 62.44], [385.82, 62.36], [386.0, 62.28], [386.2, 61.28], [383.71, 60.88], [383.43, 60.67], [383.63, 60.27], [383.43, 60.05], [384.19, 59.62], [383.97, 60.17], [385.13, 60.54], [386.4, 60.28], [386.36, 60.06], [387.22, 60.12], [387.75, 59.89], [387.73, 59.32], [387.38, 59.1], [386.74, 58.12], [386.42, 58.0], [386.13, 58.12], [385.86, 58.81], [385.05, 59.27], [385.6, 58.6], [385.24, 57.69], [386.04, 57.17], [386.44, 57.19], [387.01, 57.61], [387.39, 57.55], [387.6, 57.22], [387.42, 55.93], [386.78, 55.26], [386.92, 54.92], [386.58, 54.64], [385.47, 54.4], [384.62, 54.5], [384.24, 54.14], [384.07, 53.65], [383.05, 53.35], [383.43, 53.03], [384.44, 53.33], [385.39, 52.77], [386.04, 52.68], [386.91, 52.7], [388.69, 53.12], [389.07, 52.68], [389.13, 52.08], [388.92, 51.72], [387.71, 51.83], [386.39, 51.43], [385.76, 50.73], [386.49, 50.53], [387.72, 50.82], [387.44, 50.44], [385.51, 49.91], [384.78, 50.51], [384.5, 50.64], [384.28, 50.48], [385.37, 48.11], [385.12, 47.82], [385.85, 47.41], [386.65, 47.3], [387.11, 46.68], [388.14, 46.37], [387.92, 45.96], [387.55, 45.89], [387.63, 44.81], [386.62, 44.7], [386.51, 44.03], [387.53, 43.34], [389.44, 43.58], [391.67, 43.37], [392.45, 42.91], [391.29, 42.46], [394.46, 42.03], [394.85, 41.72], [394.43, 41.36], [396.41, 41.08], [398.81, 39.87], [397.4, 39.24], [394.85, 38.86], [393.14, 38.82], [392.2, 39.01], [390.31, 40.13], [387.92, 39.81], [387.82, 39.44], [387.25, 39.45], [385.47, 40.49], [382.37, 41.65], [382.31, 41.53], [384.6, 40.04], [385.11, 39.31], [385.13, 38.64], [384.84, 38.27], [382.58, 38.38], [382.24, 38.49], [381.79, 39.1], [380.67, 39.3], [380.25, 38.79], [379.46, 38.46], [375.67, 38.33], [373.27, 38.63], [372.89, 38.59], [372.78, 38.31], [373.22, 38.02], [382.33, 37.56], [383.91, 37.16], [384.58, 36.79], [384.34, 36.55], [383.16, 36.25], [380.42, 36.0], [379.5, 35.19], [376.85, 35.46], [374.0, 35.42], [374.0, 35.18], [378.56, 34.91], [372.69, 34.08], [368.42, 33.99], [367.21, 34.18], [363.31, 34.16], [363.03, 34.36], [361.74, 34.25], [360.29, 34.59], [360.59, 34.92], [361.44, 35.2], [361.13, 35.66], [360.04, 35.15], [358.03, 34.7], [356.7, 35.36], [354.29, 34.89], [350.9, 35.6], [349.83, 35.46], [349.4, 35.78], [349.88, 36.05], [353.77, 36.13], [353.76, 36.38], [350.69, 36.37], [352.43, 37.14], [352.55, 37.43], [352.12, 37.73], [351.99, 38.17], [352.14, 38.89], [351.86, 39.08], [346.03, 37.33], [343.37, 37.16], [343.03, 37.17], [343.42, 37.8], [345.08, 38.69], [343.17, 38.75], [340.52, 37.56], [340.17, 37.56], [340.06, 38.13], [340.3, 38.35], [340.14, 38.82], [339.42, 39.43], [339.25, 38.0], [338.81, 37.68], [338.02, 37.48], [336.61, 37.77], [332.14, 38.2], [331.36, 38.5], [332.97, 39.17], [332.88, 39.38], [331.34, 38.77], [329.73, 38.63], [328.64, 39.12], [328.78, 40.13], [328.31, 40.88], [326.11, 40.66], [325.77, 41.02], [326.02, 41.58], [325.08, 41.09], [323.97, 41.25], [322.37, 42.13], [321.01, 42.56], [320.2, 43.24], [320.27, 43.56], [320.68, 43.83], [322.14, 43.99], [324.3, 43.62], [324.34, 43.81], [323.57, 44.05], [322.87, 45.64], [322.12, 46.37], [321.76, 46.53], [319.96, 46.51], [318.52, 46.72], [317.61, 46.95], [317.79, 47.17], [314.97, 47.77], [313.93, 47.8], [312.76, 48.24], [312.4, 48.63], [312.59, 48.89], [312.24, 49.17], [313.17, 49.86], [314.43, 50.2], [316.07, 50.1], [315.44, 50.46], [316.26, 50.93], [317.14, 51.15], [318.17, 50.78]]], [[[235.02, 59.89], [241.21, 60.65], [245.13, 60.87], [247.03, 61.21], [247.06, 61.06], [248.43, 60.97], [248.44, 60.74], [253.28, 61.77], [254.14, 61.48], [255.23, 61.5], [257.4, 61.82], [260.98, 61.78], [264.57, 62.24], [265.7, 61.97], [268.75, 62.59], [268.75, 62.38], [265.56, 61.77], [265.57, 61.62], [267.89, 61.55], [271.57, 62.1], [272.78, 61.92], [272.88, 61.7], [271.71, 61.28], [274.3, 61.09], [276.13, 61.59], [277.51, 62.19], [279.54, 62.49], [279.47, 62.87], [279.64, 62.94], [280.86, 63.15], [281.12, 62.76], [281.44, 62.77], [281.82, 63.32], [284.74, 63.97], [285.48, 64.35], [285.34, 64.97], [283.55, 65.09], [284.23, 66.22], [285.31, 66.08], [286.64, 65.27], [287.62, 65.43], [288.31, 64.84], [288.81, 64.89], [288.31, 65.22], [289.12, 65.37], [288.81, 65.72], [289.52, 65.75], [290.74, 66.61], [291.89, 66.75], [291.31, 66.16], [292.0, 66.17], [292.35, 66.48], [292.34, 67.22], [292.58, 67.48], [293.16, 67.75], [294.22, 67.48], [294.16, 67.84], [296.18, 69.68], [297.97, 71.93], [297.61, 72.42], [296.49, 72.83], [295.85, 74.09], [295.14, 74.32], [291.99, 76.43], [292.43, 77.06], [293.97, 78.07], [294.58, 79.23], [293.33, 79.1], [291.93, 79.7], [290.53, 79.67], [290.0, 80.08], [288.23, 80.02], [288.71, 80.5], [286.26, 79.73], [283.86, 79.39], [283.48, 79.8], [283.76, 80.46], [281.68, 81.4], [281.28, 82.37], [281.35, 82.93], [282.58, 83.92], [285.28, 84.44], [288.38, 83.78], [288.5, 83.24], [290.34, 83.52], [291.4, 83.35], [291.55, 83.1], [290.72, 82.24], [291.4, 81.97], [292.05, 82.73], [292.99, 82.88], [293.2, 83.64], [293.51, 83.47], [293.61, 83.01], [295.43, 82.99], [294.92, 83.75], [297.17, 85.31], [297.68, 86.13], [298.59, 85.84], [298.27, 86.53], [299.56, 86.54], [300.86, 87.14], [300.19, 87.71], [299.11, 87.83], [300.52, 89.03], [301.23, 89.38], [302.1, 89.05], [301.65, 89.54], [304.13, 90.53], [305.94, 90.5], [307.31, 91.93], [308.99, 92.62], [312.05, 93.07], [315.4, 94.26], [315.96, 94.06], [315.76, 93.28], [316.19, 92.83], [315.34, 92.44], [314.31, 91.19], [313.36, 90.78], [312.25, 89.9], [311.2, 89.5], [311.37, 89.15], [310.06, 88.82], [307.87, 86.61], [308.01, 86.41], [309.06, 86.52], [311.23, 87.78], [310.75, 86.48], [312.54, 88.12], [313.23, 88.22], [314.15, 89.25], [314.32, 89.2], [314.27, 88.44], [314.95, 89.43], [315.47, 89.58], [315.48, 89.09], [318.69, 91.07], [318.86, 90.76], [318.52, 89.8], [319.36, 90.02], [319.92, 89.84], [318.78, 88.43], [318.97, 88.13], [318.44, 86.33], [319.17, 87.02], [319.93, 88.5], [320.36, 88.42], [320.23, 86.68], [320.67, 86.57], [320.19, 85.78], [319.56, 85.7], [319.87, 85.51], [319.89, 85.23], [318.5, 85.24], [318.56, 84.99], [317.98, 84.39], [317.32, 84.14], [318.37, 84.09], [318.75, 83.54], [318.46, 83.24], [317.45, 83.27], [318.18, 82.73], [317.72, 82.34], [317.49, 82.43], [316.26, 81.69], [315.48, 82.37], [315.23, 82.14], [315.45, 81.82], [314.29, 81.21], [314.11, 81.98], [313.73, 80.9], [313.34, 80.86], [313.06, 80.19], [312.28, 79.77], [312.91, 79.37], [311.59, 78.54], [310.56, 78.86], [310.74, 78.0], [309.82, 77.6], [309.61, 77.32], [309.7, 76.74], [308.15, 76.25], [308.98, 76.04], [310.82, 77.21], [312.19, 77.36], [312.66, 76.92], [311.13, 75.96], [310.61, 75.13], [312.51, 75.78], [312.6, 75.26], [312.26, 74.69], [312.94, 74.87], [313.25, 74.78], [313.2, 74.44], [313.78, 74.74], [314.67, 75.89], [315.85, 76.51], [317.02, 76.2], [316.44, 76.7], [316.35, 76.97], [316.54, 77.07], [317.73, 77.07], [318.9, 76.72], [319.87, 75.85], [320.47, 75.73], [319.33, 76.98], [318.4, 77.29], [317.79, 78.02], [318.65, 79.26], [320.22, 80.7], [321.02, 79.55], [320.83, 80.46], [321.39, 80.9], [322.15, 80.7], [323.01, 81.44], [323.7, 80.17], [323.73, 78.58], [322.83, 78.41], [323.48, 78.21], [323.35, 77.62], [324.2, 78.42], [325.69, 78.46], [325.82, 78.12], [326.5, 77.65], [326.28, 77.2], [325.74, 76.92], [327.67, 76.77], [325.99, 76.05], [326.37, 75.67], [325.93, 75.3], [328.02, 75.62], [328.87, 75.17], [328.62, 74.82], [327.2, 74.29], [327.84, 74.13], [328.98, 74.58], [329.62, 74.35], [328.96, 73.69], [327.13, 72.64], [326.41, 73.23], [324.69, 73.08], [322.72, 73.58], [323.83, 72.78], [324.07, 72.18], [324.4, 71.93], [322.82, 71.35], [322.19, 71.59], [322.16, 71.8], [320.66, 71.84], [319.72, 71.51], [321.65, 71.47], [321.41, 70.87], [322.04, 70.59], [321.52, 70.23], [321.14, 70.36], [319.74, 69.46], [318.71, 69.65], [318.57, 69.49], [318.69, 69.21], [319.2, 68.83], [318.82, 68.59], [317.6, 69.25], [317.65, 70.1], [317.24, 69.73], [317.32, 68.88], [316.74, 68.81], [316.26, 69.08], [315.92, 68.94], [316.01, 68.47], [314.72, 69.47], [314.33, 69.39], [315.03, 68.6], [315.18, 67.61], [313.97, 67.89], [314.06, 68.31], [313.9, 68.63], [313.69, 68.23], [313.12, 68.5], [313.38, 67.88], [312.74, 67.43], [313.67, 66.92], [310.58, 66.56], [309.72, 66.68], [308.72, 65.97], [307.32, 65.75], [307.34, 65.53], [309.58, 65.65], [309.76, 65.07], [309.56, 64.66], [306.72, 64.06], [308.39, 63.9], [309.82, 64.13], [312.89, 64.09], [313.25, 63.93], [313.19, 63.66], [312.8, 63.36], [311.19, 63.05], [310.24, 62.93], [307.86, 63.11], [305.12, 62.75], [306.17, 62.04], [310.56, 61.76], [310.36, 61.36], [308.86, 60.81], [303.46, 60.45], [301.48, 60.5], [302.14, 60.85], [303.1, 61.02], [302.57, 61.59], [301.19, 61.54], [301.12, 60.99], [300.36, 60.85], [297.5, 61.16], [297.01, 60.92], [298.89, 60.36], [297.69, 60.17], [287.68, 59.85], [288.39, 59.93], [288.58, 60.08], [288.47, 60.37], [286.82, 60.18], [286.47, 59.92], [285.5, 59.71], [282.29, 59.36], [282.15, 59.69], [280.59, 59.51], [281.67, 59.93], [280.48, 59.98], [280.14, 59.45], [279.19, 59.08], [275.59, 58.29], [272.68, 58.23], [272.55, 58.85], [271.22, 58.65], [270.5, 59.16], [270.59, 58.38], [269.83, 58.34], [268.45, 58.74], [268.7, 59.1], [267.91, 58.7], [267.14, 58.66], [268.06, 58.35], [267.84, 58.07], [265.65, 57.89], [264.75, 58.15], [264.41, 58.7], [264.33, 58.12], [264.63, 58.04], [264.69, 57.53], [263.76, 57.17], [259.32, 56.66], [259.33, 56.47], [260.78, 56.5], [261.51, 56.27], [260.68, 55.94], [260.63, 55.68], [258.92, 55.0], [257.57, 54.61], [254.89, 54.32], [251.76, 54.43], [247.55, 54.11], [247.33, 54.36], [247.73, 55.22], [247.18, 54.7], [246.43, 54.48], [243.31, 54.43], [240.75, 54.87], [241.11, 55.12], [239.49, 55.03], [237.99, 55.31], [237.08, 55.84], [237.62, 56.04], [236.96, 56.5], [237.32, 56.99], [238.38, 57.4], [240.22, 57.52], [239.85, 57.66], [240.25, 57.75], [240.2, 57.99], [238.95, 57.8], [238.22, 58.29], [239.96, 58.64], [239.92, 58.9], [237.17, 58.36], [234.27, 56.64], [234.23, 56.38], [235.54, 55.37], [237.94, 54.42], [237.47, 54.22], [234.15, 54.11], [231.56, 54.33], [228.75, 55.17], [228.67, 55.37], [227.61, 55.85], [227.44, 56.92], [227.59, 57.27], [229.0, 58.06], [232.06, 59.3], [233.82, 59.52], [233.91, 59.71], [233.93, 59.53], [236.77, 59.72], [236.76, 59.93], [235.02, 59.89]]], [[[262.5, 80.16], [262.12, 79.42], [261.59, 79.12], [261.95, 78.66], [261.71, 78.16], [260.67, 77.48], [260.17, 77.61], [259.83, 77.97], [259.49, 78.34], [259.13, 79.51], [258.95, 81.2], [258.48, 83.03], [258.94, 84.77], [257.12, 85.7], [256.43, 86.79], [257.22, 87.06], [258.15, 86.69], [260.32, 86.59], [261.06, 88.94], [261.34, 89.03], [263.44, 88.26], [264.35, 87.11], [265.98, 86.16], [266.36, 85.15], [267.12, 84.8], [267.77, 84.75], [267.88, 85.31], [269.49, 85.71], [269.76, 86.62], [273.5, 87.65], [275.68, 86.24], [274.54, 85.82], [274.82, 85.7], [274.05, 85.06], [273.5, 85.3], [272.61, 85.12], [271.1, 85.35], [271.66, 84.73], [271.23, 83.7], [270.08, 82.63], [268.68, 82.24], [267.19, 81.42], [266.47, 80.72], [264.82, 80.35], [263.64, 79.35], [262.5, 80.16]]], [[[337.03, 150.36], [334.96, 152.36], [335.19, 153.6], [336.09, 153.81], [337.79, 153.19], [337.8, 153.41], [342.2, 153.86], [343.65, 153.48], [344.05, 152.94], [344.79, 152.82], [344.76, 153.76], [344.03, 154.12], [344.78, 154.01], [345.58, 154.29], [345.99, 154.14], [346.18, 153.48], [347.84, 153.72], [346.68, 154.36], [345.82, 155.55], [344.61, 156.13], [344.52, 156.5], [344.97, 156.76], [346.32, 156.62], [347.62, 154.63], [348.21, 154.53], [348.67, 153.99], [348.46, 154.67], [348.67, 154.55], [349.51, 152.66], [350.08, 153.09], [350.47, 154.4], [349.55, 156.73], [350.02, 156.9], [351.19, 155.62], [351.21, 157.74], [351.97, 157.4], [352.41, 157.7], [352.69, 157.55], [353.2, 156.32], [353.13, 155.79], [353.86, 153.94], [353.7, 153.14], [353.5, 153.04], [353.04, 153.93], [352.54, 154.34], [352.4, 154.1], [352.45, 153.18], [353.27, 151.63], [353.11, 151.49], [352.08, 152.1], [351.45, 153.15], [350.97, 153.54], [350.71, 153.53], [350.43, 152.97], [351.07, 152.03], [350.52, 151.97], [351.27, 151.72], [351.16, 151.22], [352.51, 150.43], [352.79, 149.95], [352.82, 149.46], [350.49, 150.2], [350.88, 149.36], [350.15, 149.14], [350.47, 148.7], [349.6, 148.8], [350.33, 148.38], [351.27, 147.34], [351.14, 146.6], [350.18, 146.09], [349.16, 146.16], [348.79, 146.55], [348.64, 145.73], [347.27, 146.8], [347.15, 146.64], [346.37, 147.1], [346.66, 146.21], [346.58, 145.8], [345.31, 146.1], [344.92, 145.77], [344.15, 146.03], [344.7, 145.5], [344.77, 145.12], [344.0, 145.33], [345.8, 143.82], [345.06, 143.91], [344.6, 143.67], [343.94, 143.99], [344.05, 143.48], [343.89, 143.26], [342.07, 145.36], [342.0, 144.72], [342.33, 143.71], [343.03, 142.61], [343.11, 142.16], [344.02, 141.03], [344.1, 140.58], [344.76, 139.97], [345.01, 139.03], [344.85, 138.73], [344.4, 138.75], [344.31, 138.21], [345.58, 137.96], [345.95, 137.24], [345.34, 137.17], [345.28, 137.62], [344.33, 137.21], [342.93, 137.91], [342.47, 138.19], [342.06, 139.05], [341.47, 139.53], [341.42, 140.17], [340.73, 140.83], [341.06, 141.18], [340.64, 141.22], [340.35, 141.63], [338.95, 144.99], [339.33, 145.87], [338.7, 145.65], [338.14, 146.3], [338.2, 146.83], [338.8, 146.95], [338.46, 147.58], [338.77, 147.96], [337.6, 147.56], [336.71, 149.59], [336.18, 149.37], [336.36, 148.97], [335.44, 149.75], [337.81, 149.9], [337.03, 150.36]]], [[[265.52, 259.78], [266.98, 259.55], [268.85, 257.64], [271.36, 257.69], [271.73, 258.02], [271.7, 258.41], [270.66, 258.87], [271.27, 259.58], [272.41, 259.7], [272.84, 260.0], [273.15, 259.35], [273.54, 260.15], [275.07, 260.2], [275.12, 259.95], [275.79, 260.98], [278.31, 262.21], [280.12, 262.19], [280.55, 262.94], [280.77, 264.44], [281.8, 265.64], [284.35, 266.15], [284.66, 267.12], [283.34, 268.47], [282.86, 269.41], [287.34, 268.88], [289.83, 269.29], [290.24, 268.82], [290.34, 269.26], [291.76, 268.62], [292.91, 268.55], [293.22, 268.19], [293.19, 267.68], [292.14, 267.27], [291.12, 266.17], [288.72, 265.9], [288.71, 265.5], [289.13, 265.4], [288.96, 265.16], [289.19, 264.77], [288.86, 264.3], [287.84, 264.19], [287.31, 263.8], [286.17, 263.55], [285.94, 263.23], [285.51, 263.34], [285.61, 263.06], [284.83, 262.25], [284.38, 262.68], [284.04, 262.14], [284.82, 262.24], [283.67, 261.05], [283.42, 260.98], [283.66, 261.4], [283.26, 261.36], [280.33, 259.0], [278.64, 258.82], [277.0, 257.06], [277.09, 256.82], [276.35, 256.57], [275.52, 256.56], [274.71, 255.9], [273.32, 256.1], [272.99, 255.67], [269.94, 255.7], [269.07, 256.17], [267.42, 256.5], [265.19, 257.76], [264.25, 258.93], [264.3, 260.17], [262.69, 261.06], [263.78, 260.76], [263.74, 261.38], [265.11, 260.7], [265.52, 259.78]]], [[[298.05, 274.36], [297.94, 274.77], [297.26, 274.87], [296.75, 275.34], [292.62, 274.38], [292.15, 274.53], [291.91, 275.49], [292.94, 276.23], [293.43, 276.94], [293.89, 276.34], [294.59, 276.12], [296.43, 276.51], [298.75, 276.2], [299.67, 277.11], [299.71, 278.04], [300.11, 278.58], [301.43, 276.85], [301.73, 276.02], [302.82, 275.76], [303.26, 276.25], [304.16, 276.11], [304.67, 275.61], [305.39, 275.32], [306.8, 275.34], [307.79, 275.47], [308.53, 276.28], [309.59, 274.94], [309.52, 274.38], [308.6, 273.42], [306.02, 272.57], [306.12, 272.22], [307.08, 272.14], [307.2, 271.96], [306.98, 271.74], [305.79, 271.85], [305.41, 270.38], [304.69, 270.51], [304.09, 269.99], [303.52, 269.97], [302.72, 269.43], [301.88, 269.68], [300.98, 269.49], [300.04, 270.26], [297.16, 269.31], [295.78, 269.57], [295.35, 270.1], [295.45, 270.35], [296.46, 270.57], [297.4, 271.25], [297.11, 272.49], [296.87, 272.73], [298.05, 274.36]]]]}}, {"type": "Feature", "properties": {"id": "south_america", "type": "LAND", "name_ru": "Южная Америка", "area_cm2": 208.5, "parts": 3}, "geometry": {"type": "MultiPolygon", "coordinates": [[[[365.07, 344.94], [366.25, 345.2], [367.23, 344.96], [367.59, 344.35], [368.82, 344.62], [369.1, 344.05], [369.48, 344.33], [370.2, 344.26], [370.76, 343.79], [370.6, 343.48], [371.91, 342.33], [371.83, 341.83], [372.15, 341.76], [372.69, 340.8], [372.39, 340.55], [368.9, 340.22], [367.04, 340.44], [364.24, 340.1], [363.27, 340.23], [362.44, 340.58], [361.76, 342.52], [362.13, 343.01], [361.93, 343.53], [362.64, 344.92], [363.07, 345.2], [365.07, 344.94]]], [[[226.3, 342.72], [226.05, 343.03], [226.52, 343.95], [226.37, 344.7], [226.64, 345.63], [226.56, 346.07], [225.71, 346.41], [226.23, 346.91], [226.91, 347.05], [228.72, 347.99], [229.97, 346.92], [229.86, 347.54], [230.33, 347.52], [230.74, 346.17], [230.8, 346.93], [231.21, 347.61], [229.89, 349.58], [226.37, 351.12], [224.52, 352.64], [224.08, 353.95], [225.0, 355.06], [224.72, 355.49], [225.95, 356.93], [225.75, 357.55], [225.04, 357.46], [224.73, 357.65], [224.83, 358.2], [229.35, 360.04], [229.86, 360.41], [231.59, 362.01], [232.68, 363.65], [234.28, 364.8], [235.4, 366.05], [238.1, 370.5], [240.11, 372.78], [240.52, 374.17], [242.39, 375.32], [242.73, 376.52], [244.21, 377.38], [245.68, 379.32], [246.94, 380.49], [247.12, 380.93], [246.78, 381.81], [246.25, 381.99], [246.6, 382.26], [246.61, 382.83], [248.17, 384.38], [250.02, 385.17], [251.97, 386.72], [256.27, 388.25], [258.18, 389.13], [263.88, 390.66], [265.48, 391.56], [268.09, 392.45], [268.69, 392.84], [268.98, 393.64], [273.42, 395.79], [273.81, 398.44], [274.39, 400.07], [274.18, 402.87], [274.67, 405.21], [273.58, 409.33], [273.05, 409.9], [272.55, 409.97], [272.41, 410.57], [272.43, 410.91], [273.31, 411.52], [272.8, 412.49], [272.5, 414.8], [273.05, 416.65], [271.89, 418.26], [272.23, 418.9], [272.18, 419.93], [271.08, 422.52], [270.95, 423.75], [270.23, 424.43], [269.76, 426.15], [269.2, 427.05], [268.23, 427.83], [268.36, 428.67], [269.08, 429.42], [269.13, 430.05], [268.74, 431.55], [267.53, 432.12], [267.35, 433.03], [268.22, 437.84], [268.63, 438.39], [268.5, 439.22], [267.88, 440.16], [267.2, 440.54], [267.67, 441.83], [267.54, 442.24], [266.8, 442.75], [266.04, 443.79], [265.8, 445.16], [265.05, 446.62], [263.27, 448.1], [263.42, 448.63], [262.56, 449.3], [262.1, 450.57], [261.49, 451.34], [260.99, 451.48], [260.55, 452.94], [259.84, 453.11], [258.83, 452.99], [258.57, 453.45], [258.83, 453.88], [258.57, 454.54], [259.43, 455.59], [259.18, 457.02], [260.49, 459.2], [259.66, 460.92], [258.51, 461.45], [258.02, 462.98], [257.13, 464.51], [257.88, 466.18], [258.71, 466.38], [258.06, 467.02], [256.82, 466.84], [256.69, 467.69], [256.15, 468.39], [255.93, 470.4], [255.08, 471.55], [256.41, 471.96], [257.69, 471.99], [258.22, 471.74], [258.16, 471.31], [259.17, 471.04], [259.67, 470.59], [257.97, 469.44], [259.51, 469.05], [259.22, 468.55], [259.67, 468.43], [259.75, 468.15], [259.14, 466.97], [260.42, 466.99], [261.71, 466.19], [263.66, 466.75], [263.03, 466.88], [262.29, 467.38], [262.68, 467.65], [263.76, 467.6], [264.24, 469.12], [263.16, 468.27], [262.52, 468.45], [263.16, 469.22], [262.52, 469.2], [262.18, 469.7], [262.59, 470.83], [262.04, 470.86], [261.77, 471.35], [261.15, 471.69], [261.04, 472.09], [261.51, 472.63], [261.19, 473.33], [260.49, 473.44], [260.3, 474.27], [263.01, 475.09], [262.94, 475.57], [262.67, 475.99], [261.14, 476.56], [259.87, 476.73], [259.5, 477.52], [260.98, 477.6], [260.75, 477.7], [261.2, 477.91], [261.16, 478.04], [260.3, 477.85], [259.02, 478.27], [258.21, 478.26], [258.08, 478.94], [258.82, 479.17], [258.82, 479.54], [258.56, 480.7], [257.55, 481.7], [257.57, 481.54], [257.22, 481.47], [257.84, 480.99], [258.3, 480.06], [258.18, 479.27], [257.53, 479.38], [257.1, 480.38], [256.16, 480.62], [256.89, 480.01], [256.71, 479.68], [257.17, 479.34], [257.78, 478.16], [257.19, 478.02], [256.44, 478.3], [256.62, 478.86], [256.27, 479.13], [252.19, 479.45], [252.16, 479.85], [252.83, 480.32], [249.54, 481.69], [249.31, 481.98], [249.62, 482.46], [250.54, 482.68], [250.74, 482.46], [250.06, 481.96], [252.56, 481.4], [252.25, 481.75], [252.45, 482.1], [254.67, 482.54], [254.93, 482.18], [255.57, 482.24], [256.29, 482.81], [256.04, 483.15], [256.26, 483.45], [254.79, 484.21], [256.37, 484.69], [255.88, 484.96], [254.56, 484.62], [254.02, 485.03], [255.28, 485.42], [255.47, 485.98], [254.34, 485.93], [254.37, 486.77], [254.83, 487.35], [255.43, 487.44], [256.2, 487.24], [256.93, 487.39], [255.43, 487.75], [255.32, 490.2], [255.97, 490.51], [256.79, 489.17], [256.92, 489.23], [256.55, 490.29], [257.49, 490.74], [255.66, 490.82], [255.51, 491.37], [257.01, 492.01], [255.46, 491.96], [254.12, 492.63], [255.05, 493.1], [256.15, 493.35], [256.07, 493.89], [257.07, 494.55], [258.52, 493.54], [258.43, 493.83], [258.69, 494.02], [258.14, 494.16], [257.76, 494.58], [257.84, 494.89], [256.34, 494.53], [255.31, 493.52], [254.05, 493.14], [253.46, 493.47], [254.19, 494.04], [252.03, 494.11], [253.29, 495.27], [257.24, 495.89], [257.44, 496.09], [257.28, 496.97], [256.65, 496.85], [256.07, 497.16], [257.08, 497.48], [258.08, 497.51], [259.14, 498.26], [259.75, 498.34], [261.8, 497.7], [263.28, 497.52], [263.46, 497.07], [263.76, 497.66], [263.02, 498.28], [262.4, 497.98], [260.3, 498.61], [259.07, 498.6], [258.39, 498.37], [258.3, 498.74], [257.71, 498.85], [255.61, 498.5], [256.27, 499.3], [256.79, 499.36], [256.9, 500.08], [258.84, 500.22], [259.76, 499.94], [260.38, 500.03], [260.65, 499.61], [261.35, 499.62], [260.69, 500.07], [260.99, 500.15], [260.09, 500.49], [260.18, 500.33], [258.57, 500.68], [259.95, 501.35], [260.92, 501.4], [261.37, 501.25], [261.38, 500.85], [262.02, 500.49], [261.85, 501.55], [261.23, 501.93], [263.5, 502.59], [263.76, 502.07], [264.88, 501.51], [268.76, 500.46], [269.48, 500.6], [269.77, 500.83], [269.2, 501.28], [267.16, 501.88], [266.89, 502.79], [266.65, 502.05], [266.25, 501.89], [264.61, 501.95], [264.12, 502.25], [264.28, 502.62], [265.2, 503.11], [269.16, 503.87], [270.52, 503.55], [270.74, 502.91], [270.57, 502.31], [271.44, 500.47], [276.74, 499.54], [277.52, 498.95], [278.45, 498.76], [282.03, 499.22], [282.25, 499.07], [279.69, 497.15], [278.29, 496.97], [278.3, 496.81], [279.27, 496.75], [279.24, 496.01], [278.5, 494.86], [278.84, 494.67], [279.13, 493.82], [279.81, 493.2], [282.14, 492.52], [281.07, 492.07], [281.04, 491.28], [281.84, 491.97], [282.88, 492.36], [284.43, 492.0], [285.02, 491.61], [285.47, 489.75], [286.45, 488.85], [288.41, 487.86], [291.3, 487.0], [293.92, 485.78], [293.36, 485.43], [292.52, 485.31], [293.58, 485.05], [294.07, 484.64], [294.24, 483.96], [293.73, 483.39], [289.57, 482.92], [286.29, 481.2], [285.86, 480.01], [288.83, 477.59], [290.44, 477.37], [292.22, 476.7], [294.69, 476.84], [294.87, 476.44], [294.42, 476.2], [294.65, 475.79], [295.92, 475.24], [296.35, 474.64], [296.16, 474.27], [296.47, 473.94], [296.19, 473.14], [296.42, 472.48], [298.28, 471.32], [300.63, 470.65], [297.46, 470.0], [297.72, 469.71], [299.9, 469.25], [300.63, 469.43], [301.49, 470.32], [301.92, 470.38], [303.46, 470.15], [303.81, 469.81], [303.77, 468.55], [303.02, 468.03], [300.96, 468.44], [301.83, 468.49], [301.64, 468.89], [300.21, 469.0], [299.53, 468.95], [299.68, 468.45], [297.66, 467.99], [297.33, 467.58], [297.52, 466.36], [296.9, 464.95], [297.0, 464.26], [297.29, 464.03], [298.73, 463.7], [298.27, 464.06], [303.82, 465.12], [306.8, 464.97], [309.33, 464.32], [309.99, 463.66], [309.34, 463.0], [309.31, 462.2], [309.83, 461.28], [310.53, 461.07], [310.79, 459.95], [310.33, 459.7], [310.9, 459.68], [309.81, 459.28], [309.78, 458.5], [309.46, 458.09], [309.63, 457.93], [311.83, 458.43], [315.15, 458.52], [320.94, 458.06], [328.36, 456.85], [331.23, 455.77], [331.92, 454.73], [333.32, 453.82], [334.93, 452.34], [335.2, 451.66], [334.99, 450.6], [333.38, 450.31], [332.53, 449.84], [332.03, 449.1], [332.13, 448.55], [333.01, 447.9], [332.95, 447.46], [331.26, 446.42], [327.94, 445.39], [326.85, 444.21], [327.45, 443.9], [326.75, 442.28], [327.31, 440.6], [327.64, 440.56], [327.24, 442.45], [327.41, 443.04], [329.99, 444.76], [332.96, 444.69], [334.39, 445.37], [337.36, 446.08], [339.72, 445.68], [343.18, 446.17], [346.5, 445.36], [348.22, 444.48], [349.88, 442.65], [353.35, 440.69], [354.75, 438.57], [355.72, 437.74], [355.43, 436.88], [356.43, 435.35], [358.53, 434.5], [359.2, 433.19], [359.54, 433.43], [359.52, 432.94], [360.11, 432.24], [359.55, 431.88], [359.48, 431.24], [360.01, 431.78], [360.64, 431.93], [360.7, 432.26], [362.77, 431.92], [362.68, 432.48], [362.09, 432.44], [362.2, 433.29], [361.07, 433.89], [360.89, 434.48], [360.08, 434.55], [360.02, 435.22], [359.58, 435.64], [357.74, 436.54], [356.78, 436.83], [356.01, 436.71], [356.12, 437.58], [361.16, 434.98], [363.94, 432.45], [365.14, 430.55], [366.45, 429.21], [368.6, 427.71], [370.71, 426.82], [370.72, 426.42], [371.53, 425.3], [371.45, 423.71], [371.86, 422.6], [371.3, 421.1], [371.42, 420.19], [370.98, 419.77], [371.57, 419.5], [371.77, 418.76], [371.36, 418.48], [371.91, 418.39], [372.56, 417.73], [371.09, 417.37], [371.11, 417.23], [372.22, 417.26], [372.55, 416.74], [373.53, 416.85], [373.27, 417.14], [373.45, 417.18], [374.68, 416.42], [374.78, 416.12], [374.41, 416.02], [378.25, 414.37], [379.48, 413.59], [383.5, 412.26], [385.77, 412.29], [386.41, 411.67], [388.11, 411.0], [389.83, 410.68], [389.37, 410.47], [389.54, 410.0], [391.75, 409.87], [393.03, 409.56], [393.88, 409.86], [392.53, 410.01], [392.87, 410.14], [395.92, 409.81], [395.85, 409.2], [396.24, 408.99], [396.64, 409.13], [396.57, 409.53], [397.12, 409.73], [401.26, 409.67], [401.72, 409.19], [401.54, 408.55], [402.77, 407.73], [405.94, 406.8], [405.75, 405.28], [406.18, 404.46], [406.92, 403.45], [408.69, 402.43], [410.45, 399.91], [411.42, 399.4], [411.78, 398.52], [411.61, 396.57], [412.02, 395.39], [412.76, 394.6], [414.26, 393.73], [414.07, 392.11], [415.53, 388.1], [414.73, 384.41], [415.26, 382.51], [414.97, 382.72], [414.79, 382.55], [415.06, 381.24], [414.85, 381.07], [414.61, 381.16], [414.87, 380.48], [415.75, 379.82], [416.07, 379.09], [415.68, 378.73], [416.16, 378.61], [416.4, 378.22], [417.14, 378.65], [417.25, 379.25], [417.69, 379.28], [418.42, 378.91], [420.93, 376.63], [422.12, 374.77], [423.21, 373.86], [423.21, 373.49], [423.61, 373.45], [425.08, 372.28], [426.75, 371.71], [429.05, 369.78], [429.22, 369.55], [429.03, 369.29], [429.6, 369.34], [431.48, 367.92], [432.3, 367.02], [433.81, 364.06], [433.62, 363.37], [433.95, 361.97], [433.82, 361.16], [432.0, 356.7], [430.9, 355.48], [428.68, 355.12], [425.92, 355.26], [424.28, 354.76], [423.28, 354.69], [422.72, 354.07], [421.25, 353.7], [419.32, 352.56], [417.38, 351.06], [416.44, 350.87], [414.97, 350.05], [410.67, 348.45], [408.38, 348.25], [403.84, 348.62], [402.06, 348.1], [401.5, 348.28], [400.37, 348.24], [397.27, 347.24], [395.27, 346.97], [394.93, 347.36], [392.77, 347.6], [391.16, 348.55], [391.99, 347.33], [391.43, 347.26], [391.07, 347.46], [390.49, 348.71], [389.2, 349.51], [389.8, 347.58], [390.11, 347.07], [390.74, 346.94], [390.5, 346.34], [389.85, 346.53], [389.47, 346.97], [389.05, 346.64], [389.49, 346.52], [390.04, 345.98], [389.54, 345.02], [387.63, 344.16], [387.15, 344.29], [386.47, 344.95], [385.88, 343.84], [385.03, 343.82], [383.21, 343.09], [382.45, 343.09], [382.43, 342.88], [380.64, 342.69], [379.77, 342.1], [378.34, 342.0], [377.11, 341.64], [376.67, 341.9], [376.39, 341.78], [375.81, 341.95], [375.26, 341.76], [374.57, 342.08], [374.25, 341.89], [373.88, 341.99], [372.96, 342.67], [373.01, 342.91], [372.36, 343.23], [372.55, 343.49], [372.28, 343.99], [372.82, 344.26], [372.38, 344.37], [372.31, 344.66], [371.69, 344.28], [371.19, 344.28], [369.91, 345.32], [368.92, 345.59], [367.81, 347.38], [367.0, 347.85], [368.46, 345.02], [366.63, 345.62], [365.37, 345.33], [363.54, 345.89], [362.24, 345.12], [362.29, 344.76], [361.21, 343.15], [361.57, 342.92], [361.32, 342.61], [356.56, 344.59], [355.44, 344.75], [354.93, 344.5], [353.59, 344.48], [355.29, 343.9], [356.41, 343.92], [356.68, 343.35], [357.59, 342.86], [357.67, 342.08], [359.02, 340.95], [359.57, 340.01], [360.39, 339.84], [360.99, 339.35], [361.94, 339.07], [364.01, 337.2], [365.81, 336.19], [365.88, 335.4], [365.52, 334.67], [364.47, 334.3], [363.24, 334.18], [362.56, 333.35], [362.09, 333.26], [362.25, 333.03], [360.84, 330.37], [360.47, 328.57], [359.84, 327.26], [359.36, 326.85], [358.36, 326.59], [357.88, 327.36], [357.07, 325.61], [356.83, 325.61], [356.54, 326.08], [356.03, 325.36], [355.31, 324.92], [354.85, 325.2], [354.99, 324.68], [352.3, 323.17], [349.79, 322.74], [348.07, 322.04], [347.42, 322.38], [347.16, 322.85], [347.15, 321.95], [343.64, 321.37], [339.16, 321.46], [338.78, 321.69], [338.79, 322.03], [333.95, 321.41], [333.55, 321.58], [332.97, 322.87], [332.77, 320.84], [331.31, 320.4], [329.26, 319.05], [327.86, 318.76], [327.35, 318.85], [326.2, 320.27], [326.6, 318.88], [327.06, 318.27], [327.08, 317.36], [325.54, 316.1], [323.71, 315.11], [321.64, 314.25], [320.9, 314.22], [320.27, 313.72], [319.44, 313.46], [318.67, 313.42], [318.02, 313.68], [316.56, 313.55], [314.31, 314.12], [312.93, 313.54], [314.57, 313.53], [315.53, 311.84], [316.32, 311.51], [316.52, 311.21], [315.51, 310.63], [314.23, 310.4], [313.03, 309.59], [312.87, 309.83], [312.25, 309.83], [312.38, 310.39], [311.61, 309.66], [310.84, 309.32], [310.5, 309.32], [310.5, 309.8], [310.2, 309.62], [309.75, 309.93], [308.75, 308.63], [308.53, 308.57], [308.51, 309.26], [308.36, 308.93], [307.9, 309.07], [308.26, 308.63], [308.17, 308.35], [307.21, 307.58], [309.53, 307.56], [310.19, 307.3], [311.58, 307.16], [311.76, 306.98], [301.26, 307.1], [301.42, 307.42], [303.12, 307.4], [303.67, 307.59], [303.19, 307.76], [301.64, 307.71], [298.58, 308.85], [297.3, 308.94], [294.1, 308.33], [293.17, 307.59], [293.17, 307.24], [292.58, 307.03], [289.12, 307.14], [284.99, 307.66], [283.71, 307.63], [282.98, 307.03], [282.83, 306.66], [283.08, 306.43], [282.46, 305.58], [282.0, 305.39], [282.0, 303.64], [280.96, 303.19], [279.17, 302.86], [276.59, 302.75], [275.02, 302.92], [273.53, 303.51], [269.3, 304.44], [268.69, 304.14], [267.51, 302.56], [255.92, 314.92], [257.2, 314.78], [258.66, 313.91], [259.77, 314.23], [260.04, 314.87], [259.7, 316.3], [259.85, 317.75], [259.57, 318.27], [257.98, 319.14], [248.68, 320.65], [244.79, 322.05], [243.49, 323.67], [242.43, 325.67], [242.22, 326.46], [242.46, 328.0], [244.04, 328.11], [241.79, 330.41], [241.23, 330.52], [241.23, 331.0], [240.53, 331.49], [240.29, 331.46], [239.35, 332.12], [237.91, 332.19], [237.07, 332.58], [236.75, 333.49], [237.06, 333.89], [236.91, 334.35], [235.97, 334.12], [235.23, 334.41], [234.91, 334.8], [235.59, 335.31], [235.67, 335.79], [235.31, 336.07], [232.11, 336.78], [231.57, 336.75], [229.97, 337.34], [230.05, 339.26], [228.0, 340.86], [228.41, 341.58], [228.06, 341.53], [227.57, 342.33], [226.3, 342.72]]], [[[272.94, 501.8], [273.53, 502.33], [277.76, 502.31], [277.94, 502.64], [274.6, 503.38], [274.34, 503.5], [274.33, 503.88], [275.07, 504.56], [279.32, 505.53], [278.11, 505.97], [277.88, 505.56], [276.18, 505.16], [275.05, 505.39], [273.91, 505.28], [273.9, 505.07], [272.6, 504.64], [272.18, 504.24], [273.3, 504.18], [272.62, 503.09], [271.88, 503.39], [272.11, 503.68], [271.1, 503.87], [271.12, 504.56], [271.86, 505.2], [271.87, 505.01], [272.58, 505.15], [273.97, 505.87], [271.84, 505.71], [271.86, 505.29], [271.41, 505.22], [270.13, 505.58], [268.89, 505.43], [267.76, 505.74], [266.89, 505.55], [266.31, 505.84], [266.74, 506.14], [268.49, 506.12], [272.75, 506.71], [273.72, 506.53], [274.85, 506.73], [276.24, 506.41], [277.3, 506.86], [279.13, 507.02], [283.03, 506.73], [288.84, 507.06], [290.73, 507.39], [293.25, 507.04], [295.41, 507.03], [295.96, 506.92], [296.72, 506.31], [294.2, 506.22], [292.01, 505.85], [287.25, 504.36], [284.01, 502.89], [283.31, 502.11], [282.26, 502.08], [281.69, 501.85], [282.09, 501.35], [282.53, 501.24], [282.95, 501.43], [282.5, 500.87], [280.48, 499.89], [278.78, 500.16], [277.67, 499.61], [277.29, 499.62], [275.31, 500.63], [274.17, 500.33], [273.31, 500.42], [274.43, 501.0], [273.26, 501.25], [272.94, 501.8]]]]}}, {"type": "Feature", "properties": {"id": "europe", "type": "LAND", "name_ru": "Европа", "area_cm2": 271.2, "parts": 6}, "geometry": {"type": "MultiPolygon", "coordinates": [[[[422.07, 60.46], [424.76, 61.04], [423.07, 62.14], [424.11, 62.45], [424.97, 62.24], [424.64, 62.79], [422.36, 62.8], [419.21, 63.6], [419.73, 64.14], [420.93, 63.77], [423.17, 63.9], [423.73, 64.19], [423.54, 64.64], [424.09, 65.04], [424.55, 64.9], [424.36, 65.57], [424.61, 65.66], [424.23, 66.0], [425.38, 65.59], [424.7, 66.59], [423.89, 67.2], [423.07, 67.41], [422.58, 67.01], [422.47, 67.29], [422.7, 68.13], [425.77, 67.99], [426.64, 67.64], [426.56, 67.87], [427.8, 68.52], [428.3, 68.27], [428.2, 68.74], [428.95, 69.32], [432.88, 69.97], [433.98, 69.68], [433.9, 69.43], [434.68, 69.41], [435.01, 68.63], [438.01, 67.96], [440.06, 66.6], [442.13, 66.08], [443.13, 65.56], [443.63, 65.02], [443.54, 64.59], [443.77, 64.41], [443.75, 64.11], [444.61, 64.13], [445.1, 63.6], [445.1, 63.03], [445.82, 62.7], [445.79, 62.37], [445.35, 62.16], [445.64, 61.8], [445.22, 61.45], [445.57, 61.25], [445.7, 60.73], [444.3, 60.19], [443.52, 60.48], [443.92, 60.01], [443.73, 59.56], [442.59, 59.58], [442.98, 59.08], [442.95, 58.54], [441.88, 58.08], [442.41, 57.38], [443.21, 56.96], [442.55, 56.96], [440.8, 57.63], [439.55, 56.32], [438.26, 56.67], [438.55, 57.41], [438.4, 57.77], [437.5, 58.08], [436.7, 57.74], [435.69, 58.78], [434.78, 58.0], [433.79, 57.94], [433.74, 58.22], [434.51, 59.82], [434.26, 59.94], [433.84, 59.13], [432.39, 57.82], [431.03, 58.29], [430.75, 59.64], [428.93, 58.19], [428.55, 58.48], [428.55, 59.85], [428.3, 60.5], [427.73, 60.1], [427.41, 60.22], [427.06, 60.53], [426.58, 61.83], [426.32, 61.16], [425.81, 60.93], [425.98, 60.47], [425.23, 59.83], [425.95, 59.75], [426.12, 59.08], [425.59, 58.77], [425.87, 58.51], [423.28, 56.74], [422.1, 56.7], [421.52, 57.14], [422.62, 57.15], [423.13, 57.46], [421.95, 57.69], [423.23, 58.32], [423.24, 59.03], [422.8, 59.2], [422.68, 58.51], [421.77, 58.7], [421.66, 58.25], [420.67, 57.83], [420.29, 58.15], [420.71, 58.52], [419.94, 58.32], [419.84, 58.55], [420.48, 59.15], [419.7, 59.28], [420.02, 59.58], [421.09, 59.72], [420.25, 60.03], [419.04, 59.6], [419.32, 60.54], [418.64, 60.31], [418.06, 60.7], [419.53, 61.22], [422.07, 60.46]]], [[[440.33, 117.77], [440.08, 118.11], [440.0, 119.03], [440.84, 120.06], [439.35, 122.74], [438.9, 122.76], [439.45, 123.93], [439.92, 124.31], [440.28, 123.49], [441.46, 123.95], [442.5, 123.48], [443.65, 123.83], [445.24, 122.96], [446.6, 122.94], [445.58, 123.87], [445.08, 124.96], [445.17, 125.47], [446.75, 127.24], [447.92, 126.98], [448.0, 127.2], [447.79, 128.12], [447.29, 128.4], [447.27, 129.09], [447.69, 129.31], [447.15, 130.46], [447.39, 130.8], [446.75, 131.07], [447.02, 131.78], [446.12, 131.32], [444.41, 131.53], [442.44, 132.38], [440.82, 134.15], [443.09, 133.58], [443.03, 134.08], [443.34, 134.68], [443.18, 135.19], [443.57, 135.53], [442.64, 136.91], [438.86, 138.63], [438.55, 138.99], [438.79, 139.09], [438.92, 139.72], [439.96, 140.32], [441.14, 139.74], [441.98, 139.72], [443.14, 140.14], [442.57, 140.62], [443.92, 140.5], [445.2, 141.43], [446.26, 141.55], [449.43, 139.91], [446.87, 142.52], [442.76, 142.61], [442.33, 143.45], [441.45, 143.71], [441.21, 144.76], [440.0, 146.03], [438.25, 147.53], [437.36, 147.79], [437.04, 148.41], [437.89, 148.27], [439.12, 148.62], [439.55, 147.98], [440.65, 147.3], [442.73, 146.76], [444.3, 147.62], [444.74, 147.56], [445.82, 145.51], [447.41, 145.07], [449.62, 145.69], [451.17, 145.67], [451.46, 145.54], [451.19, 145.03], [452.88, 144.99], [453.92, 144.53], [453.6, 144.13], [456.07, 144.82], [458.34, 144.56], [459.95, 144.83], [462.16, 143.94], [462.9, 143.98], [463.23, 143.34], [464.49, 142.78], [464.68, 141.69], [461.83, 141.57], [461.19, 141.04], [462.63, 140.6], [462.66, 139.99], [462.08, 139.78], [462.88, 139.37], [463.79, 139.39], [464.13, 139.17], [463.96, 138.51], [464.67, 138.39], [465.37, 137.74], [465.97, 135.91], [465.62, 134.42], [464.55, 133.69], [463.27, 133.35], [461.32, 133.31], [460.23, 134.14], [459.32, 133.63], [460.53, 132.3], [460.2, 131.38], [457.54, 129.15], [459.58, 129.95], [458.31, 127.8], [458.79, 127.29], [456.49, 125.28], [454.31, 124.23], [452.63, 119.7], [450.72, 117.96], [448.96, 117.31], [447.2, 117.71], [445.63, 117.46], [448.67, 116.13], [448.75, 115.79], [447.84, 115.38], [446.62, 115.39], [448.98, 114.52], [450.27, 112.94], [451.2, 110.88], [452.13, 109.65], [451.78, 109.03], [450.99, 108.56], [445.81, 108.53], [442.96, 109.21], [444.04, 107.95], [443.35, 107.78], [443.52, 107.22], [446.54, 105.32], [446.93, 104.87], [447.15, 103.69], [441.8, 104.32], [441.57, 104.03], [440.7, 104.34], [440.33, 104.01], [439.52, 104.04], [439.23, 104.99], [439.55, 105.63], [438.26, 105.76], [437.97, 106.64], [438.96, 107.62], [437.22, 107.62], [436.69, 108.74], [437.32, 109.37], [436.47, 109.78], [436.5, 110.25], [437.4, 111.01], [437.28, 111.69], [436.23, 112.74], [436.74, 113.0], [435.18, 113.76], [435.81, 113.85], [436.22, 114.52], [437.04, 114.68], [438.84, 113.49], [438.05, 114.77], [437.2, 117.17], [437.15, 118.43], [437.61, 118.49], [436.92, 119.42], [436.58, 120.62], [436.72, 120.94], [437.4, 120.65], [438.07, 118.66], [437.98, 117.48], [438.71, 116.87], [438.69, 118.05], [440.02, 117.09], [441.2, 117.78], [440.33, 117.77]]], [[[424.72, 208.84], [425.23, 209.33], [424.39, 209.21], [424.71, 210.58], [424.41, 211.76], [424.75, 212.94], [424.67, 214.52], [423.96, 216.6], [425.51, 216.14], [428.49, 216.74], [429.82, 215.89], [431.85, 215.73], [432.28, 215.31], [432.2, 215.76], [433.74, 217.01], [434.11, 217.65], [434.41, 217.25], [434.82, 217.22], [434.05, 218.19], [434.16, 218.67], [434.62, 218.88], [434.79, 219.77], [435.52, 221.01], [437.14, 221.86], [437.77, 221.61], [437.84, 221.21], [438.17, 221.29], [438.9, 219.78], [440.85, 219.35], [442.06, 218.24], [444.16, 218.05], [445.72, 218.3], [446.82, 218.03], [448.24, 218.26], [449.55, 217.65], [450.58, 218.1], [450.88, 217.94], [452.72, 214.75], [453.95, 213.84], [456.32, 213.47], [455.95, 212.75], [457.1, 209.89], [459.93, 207.58], [458.34, 205.99], [457.86, 203.6], [461.48, 197.88], [462.63, 197.31], [461.94, 196.79], [463.19, 195.54], [467.3, 194.36], [468.19, 193.42], [470.91, 191.85], [471.86, 190.93], [471.82, 190.21], [471.48, 189.79], [471.54, 189.29], [472.09, 189.12], [471.25, 187.55], [471.06, 186.26], [471.9, 184.4], [475.01, 182.31], [475.68, 182.9], [477.59, 183.46], [478.95, 183.09], [479.01, 183.49], [479.97, 183.61], [480.31, 184.21], [481.89, 184.9], [483.09, 185.03], [484.87, 184.37], [485.44, 183.46], [487.58, 181.77], [490.49, 180.83], [492.62, 178.37], [493.46, 177.97], [495.51, 178.51], [499.03, 180.46], [499.55, 182.73], [500.34, 184.34], [500.31, 185.58], [501.07, 185.74], [502.88, 187.84], [502.95, 188.25], [502.63, 188.46], [502.78, 188.6], [503.39, 188.42], [504.72, 189.13], [505.39, 190.21], [506.44, 190.95], [508.6, 193.41], [509.46, 193.73], [510.4, 194.59], [511.02, 194.36], [512.92, 194.63], [514.14, 196.85], [515.17, 196.85], [515.76, 197.28], [515.29, 197.96], [516.96, 197.6], [517.67, 198.64], [517.68, 199.84], [519.03, 200.73], [520.17, 200.82], [520.59, 201.14], [521.9, 204.47], [522.23, 206.2], [522.63, 206.63], [522.58, 207.58], [521.7, 207.83], [521.33, 208.34], [521.43, 209.02], [521.11, 209.97], [520.41, 210.64], [520.43, 211.37], [520.74, 211.87], [522.05, 211.86], [522.93, 210.25], [523.96, 209.42], [524.0, 207.82], [524.23, 207.37], [525.54, 206.64], [526.12, 206.75], [526.42, 206.34], [526.18, 204.34], [525.03, 203.3], [524.14, 202.98], [523.84, 202.41], [524.42, 200.38], [525.43, 198.7], [526.42, 198.46], [527.27, 199.31], [529.11, 199.63], [529.95, 201.43], [531.0, 202.03], [531.54, 200.55], [531.44, 199.94], [529.47, 197.67], [527.58, 196.7], [526.12, 195.54], [521.4, 193.19], [521.45, 192.62], [522.38, 191.9], [522.44, 191.18], [518.53, 190.98], [516.08, 189.36], [514.0, 187.03], [512.25, 182.42], [508.83, 180.21], [507.68, 179.01], [507.09, 176.41], [507.21, 175.83], [507.63, 176.01], [508.17, 175.12], [507.01, 173.69], [507.2, 172.62], [508.04, 172.1], [507.81, 172.51], [510.16, 171.62], [510.84, 170.92], [511.86, 171.24], [512.5, 170.92], [513.1, 171.68], [512.06, 172.44], [512.5, 174.39], [513.41, 175.8], [513.82, 175.81], [515.18, 173.19], [516.11, 173.4], [517.3, 174.53], [517.46, 176.49], [517.79, 177.03], [519.71, 178.76], [518.35, 178.84], [518.6, 179.28], [519.83, 180.66], [521.56, 181.98], [521.73, 182.69], [523.33, 182.57], [525.32, 183.36], [528.32, 185.99], [526.57, 185.27], [525.88, 185.33], [528.94, 186.47], [531.68, 188.38], [532.18, 188.32], [532.13, 188.66], [533.16, 189.33], [534.3, 190.91], [535.82, 191.75], [535.81, 192.52], [535.28, 193.65], [535.36, 196.22], [534.88, 197.62], [535.36, 198.97], [534.82, 198.97], [535.12, 199.6], [536.9, 200.87], [537.51, 202.62], [538.27, 203.48], [538.72, 204.63], [540.57, 206.3], [541.88, 206.18], [541.84, 206.88], [541.01, 206.65], [540.56, 206.72], [540.53, 207.0], [540.56, 207.35], [541.37, 208.15], [542.1, 209.76], [542.58, 209.61], [542.68, 209.01], [543.24, 209.88], [545.21, 209.39], [546.61, 209.68], [547.01, 209.25], [548.64, 210.31], [549.92, 210.6], [550.06, 210.82], [549.81, 211.15], [548.89, 211.27], [549.0, 211.76], [544.65, 209.84], [543.99, 210.65], [542.97, 210.54], [542.6, 211.43], [541.88, 212.14], [542.52, 212.75], [542.68, 213.3], [543.63, 213.97], [544.06, 214.77], [543.67, 216.37], [544.93, 218.19], [545.17, 216.85], [545.67, 216.65], [546.84, 218.37], [546.84, 219.37], [547.05, 219.57], [547.29, 219.72], [547.28, 219.08], [547.75, 217.96], [548.17, 217.88], [549.25, 219.27], [549.98, 219.69], [549.48, 218.66], [549.56, 217.55], [548.22, 213.94], [548.42, 213.72], [549.39, 214.25], [549.98, 215.01], [551.36, 214.44], [550.97, 213.71], [550.14, 213.51], [549.93, 212.6], [549.47, 212.17], [551.38, 211.32], [553.6, 213.13], [553.76, 212.62], [553.52, 210.72], [553.27, 210.01], [552.1, 209.63], [551.62, 208.92], [550.8, 208.75], [550.32, 208.04], [547.59, 206.99], [548.51, 206.81], [549.57, 206.08], [549.17, 206.13], [548.85, 205.4], [548.66, 204.94], [548.99, 204.69], [549.96, 204.93], [549.93, 205.75], [550.63, 205.35], [550.24, 204.4], [549.21, 203.34], [547.66, 200.87], [547.81, 198.47], [548.97, 197.97], [548.69, 198.49], [548.86, 198.97], [550.52, 199.91], [550.86, 201.09], [551.8, 201.41], [551.99, 201.23], [551.01, 200.43], [550.82, 199.87], [550.98, 199.65], [551.94, 199.84], [553.08, 201.17], [553.29, 200.86], [553.16, 200.39], [552.19, 199.28], [552.93, 199.12], [554.66, 200.18], [554.13, 199.25], [552.75, 198.81], [552.61, 198.48], [552.79, 198.15], [552.25, 197.47], [552.33, 197.1], [553.6, 197.2], [555.17, 196.01], [556.48, 196.42], [557.76, 195.64], [561.03, 196.09], [561.78, 196.34], [562.34, 196.99], [565.72, 196.23], [565.04, 196.77], [567.31, 196.02], [567.55, 195.93], [567.94, 194.94], [569.42, 195.03], [570.18, 194.72], [571.77, 195.45], [572.92, 195.2], [573.2, 194.36], [570.25, 192.22], [569.42, 190.65], [569.36, 189.69], [568.09, 188.31], [567.13, 187.79], [568.16, 186.56], [568.71, 186.31], [568.78, 184.13], [569.6, 183.04], [570.98, 183.01], [571.35, 182.44], [571.64, 180.03], [571.52, 178.46], [572.45, 177.03], [572.12, 177.08], [572.58, 175.82], [572.6, 175.01], [573.26, 174.95], [573.08, 176.08], [575.2, 175.58], [575.82, 173.01], [575.25, 171.71], [575.34, 171.08], [577.66, 170.33], [579.35, 168.25], [579.9, 166.77], [582.31, 166.36], [582.93, 165.59], [582.82, 166.17], [584.16, 166.25], [584.26, 165.22], [584.85, 166.28], [586.1, 166.68], [587.0, 166.41], [586.13, 167.14], [582.92, 166.74], [584.71, 167.39], [584.65, 167.73], [583.81, 167.94], [584.02, 168.16], [584.83, 168.26], [586.64, 169.17], [589.52, 168.69], [590.44, 169.3], [591.11, 169.09], [591.43, 169.86], [589.39, 170.88], [587.06, 172.61], [587.51, 172.99], [588.7, 172.9], [589.79, 173.68], [590.6, 173.73], [591.29, 174.18], [591.57, 175.15], [591.02, 176.94], [591.94, 177.53], [593.12, 177.72], [594.69, 176.93], [595.41, 176.01], [596.46, 175.56], [598.25, 175.53], [600.38, 173.89], [601.7, 173.77], [603.1, 174.15], [607.32, 173.46], [608.7, 171.68], [604.83, 171.77], [603.78, 172.26], [602.48, 172.21], [600.13, 172.8], [597.45, 171.0], [596.53, 169.57], [596.45, 168.53], [597.41, 168.1], [598.17, 167.18], [598.47, 168.0], [597.21, 168.94], [598.11, 168.58], [599.05, 167.44], [601.16, 166.1], [603.6, 165.81], [605.05, 165.21], [606.76, 165.33], [607.87, 164.46], [609.53, 164.16], [609.82, 163.42], [612.62, 163.32], [613.77, 162.55], [614.52, 162.42], [614.06, 162.94], [614.64, 162.94], [615.61, 162.78], [615.53, 162.36], [616.15, 162.38], [617.53, 163.35], [615.52, 164.37], [616.77, 164.93], [615.31, 164.86], [614.76, 165.23], [613.69, 165.2], [616.24, 166.06], [617.02, 166.08], [621.04, 167.06], [619.92, 167.21], [620.23, 167.39], [620.17, 167.53], [619.75, 167.39], [621.47, 168.29], [621.94, 168.74], [621.95, 169.26], [622.28, 169.53], [622.81, 169.53], [623.04, 170.03], [618.03, 171.12], [612.35, 171.08], [610.51, 171.58], [613.49, 171.67], [609.77, 172.76], [617.97, 172.59], [619.0, 172.82], [630.56, 169.72], [636.38, 169.09], [636.76, 169.2], [639.56, 168.92], [639.9, 169.09], [642.62, 168.84], [643.18, 169.0], [650.14, 168.34], [652.12, 168.32], [654.84, 166.5], [654.54, 166.1], [654.99, 166.01], [654.77, 165.54], [656.61, 165.11], [658.87, 163.35], [659.79, 163.1], [662.47, 161.56], [664.12, 161.81], [664.75, 161.45], [667.34, 158.41], [669.92, 155.1], [671.91, 152.92], [674.21, 149.59], [676.54, 147.33], [679.52, 143.53], [680.68, 139.77], [681.78, 134.9], [683.37, 131.17], [683.65, 128.85], [684.42, 126.29], [685.13, 118.09], [684.83, 114.31], [685.67, 108.66], [686.85, 104.08], [687.0, 102.68], [686.77, 100.29], [687.39, 95.91], [687.03, 93.65], [687.74, 89.14], [687.4, 86.92], [688.38, 82.08], [688.28, 79.63], [688.72, 77.87], [695.67, 68.1], [697.28, 65.27], [699.35, 62.63], [699.45, 62.14], [698.03, 62.36], [698.97, 60.88], [699.1, 58.67], [699.55, 57.28], [703.07, 50.92], [703.39, 49.54], [703.07, 48.82], [700.98, 46.48], [697.4, 45.48], [695.12, 46.52], [696.17, 49.55], [696.72, 49.51], [696.85, 50.49], [695.5, 51.55], [693.47, 51.46], [693.27, 52.03], [693.36, 52.81], [692.51, 53.45], [690.41, 52.67], [690.59, 51.73], [691.58, 51.14], [690.8, 50.2], [690.7, 49.61], [687.83, 50.09], [687.29, 50.53], [687.06, 50.23], [682.9, 51.92], [678.64, 51.4], [676.16, 51.83], [674.1, 52.86], [673.83, 53.76], [673.29, 53.84], [672.41, 53.24], [670.41, 53.59], [667.6, 53.38], [667.92, 52.99], [670.3, 52.51], [670.26, 51.98], [669.63, 51.48], [670.54, 50.38], [669.85, 50.06], [672.63, 49.61], [669.89, 49.61], [664.08, 51.6], [664.92, 51.68], [665.59, 52.23], [664.26, 52.94], [663.4, 52.83], [663.82, 52.38], [662.66, 51.97], [657.58, 53.11], [651.52, 55.44], [649.95, 55.3], [649.73, 55.41], [650.43, 56.16], [650.26, 56.42], [646.52, 56.93], [646.65, 57.6], [646.09, 58.54], [645.64, 60.1], [641.11, 61.01], [638.71, 60.54], [637.47, 59.0], [635.03, 58.14], [634.88, 57.81], [637.34, 56.01], [641.9, 55.54], [641.88, 54.9], [638.75, 52.26], [635.6, 51.74], [631.55, 51.89], [628.74, 51.25], [632.01, 53.04], [632.15, 53.42], [632.23, 54.77], [630.51, 58.64], [630.8, 58.98], [632.48, 59.45], [633.02, 60.3], [633.25, 61.68], [631.73, 63.96], [631.92, 64.6], [631.76, 65.15], [630.75, 64.45], [629.56, 64.55], [630.0, 63.88], [628.34, 63.02], [625.88, 62.98], [624.36, 62.47], [621.46, 64.55], [618.41, 65.38], [616.98, 66.49], [614.97, 67.29], [614.71, 68.07], [614.9, 68.59], [616.8, 70.42], [617.44, 71.57], [615.92, 71.61], [615.1, 72.03], [614.75, 72.63], [614.01, 72.66], [609.48, 71.16], [607.91, 71.05], [606.03, 69.85], [604.5, 69.4], [603.49, 69.51], [603.12, 70.48], [602.14, 70.73], [602.31, 71.5], [604.67, 73.51], [606.86, 73.56], [607.69, 73.97], [608.12, 75.16], [608.15, 75.51], [607.75, 75.91], [605.69, 76.61], [601.48, 75.62], [600.62, 74.65], [598.66, 73.66], [597.82, 73.83], [596.27, 73.34], [595.63, 72.71], [595.58, 71.94], [595.95, 71.69], [595.48, 71.45], [595.37, 70.48], [593.81, 68.34], [594.63, 67.75], [595.26, 66.4], [595.3, 65.89], [594.93, 65.44], [592.65, 64.01], [589.72, 63.46], [590.87, 62.87], [589.16, 62.4], [589.02, 61.63], [587.77, 61.41], [586.2, 60.4], [586.34, 59.94], [584.49, 59.16], [588.03, 59.5], [587.7, 59.85], [588.9, 60.77], [593.99, 61.78], [593.77, 61.98], [594.11, 62.31], [595.45, 61.99], [598.13, 63.12], [603.89, 63.76], [607.49, 64.69], [610.42, 64.83], [616.09, 63.62], [617.74, 62.85], [620.35, 60.87], [620.68, 60.41], [621.0, 58.87], [620.13, 58.57], [620.13, 57.95], [619.48, 56.24], [617.18, 55.62], [614.93, 53.96], [614.69, 53.9], [614.99, 54.44], [614.01, 54.37], [611.11, 53.05], [609.52, 52.89], [606.79, 51.14], [599.38, 48.53], [597.2, 48.08], [596.13, 48.36], [590.96, 47.89], [590.0, 48.83], [589.49, 48.97], [590.07, 47.27], [588.21, 47.59], [588.29, 47.05], [585.85, 47.0], [585.66, 46.61], [584.74, 46.2], [585.07, 45.99], [587.96, 46.37], [588.27, 46.24], [588.32, 45.74], [584.31, 44.53], [584.37, 45.28], [583.55, 45.25], [582.61, 45.87], [579.34, 45.35], [578.44, 45.35], [578.23, 45.73], [577.91, 45.15], [577.48, 45.0], [576.9, 45.76], [575.34, 45.62], [575.11, 45.43], [574.97, 44.4], [571.28, 43.68], [571.3, 43.51], [577.56, 43.63], [580.2, 42.86], [580.26, 42.5], [578.82, 41.56], [577.33, 41.45], [577.41, 41.04], [576.73, 40.62], [575.46, 40.91], [573.02, 39.78], [571.97, 39.76], [571.11, 40.31], [569.48, 42.98], [569.51, 41.26], [569.78, 40.79], [568.32, 40.74], [570.22, 39.74], [570.25, 39.18], [569.27, 38.83], [567.15, 38.57], [565.75, 39.33], [566.96, 40.08], [566.03, 40.08], [565.54, 40.39], [564.78, 41.6], [563.19, 42.13], [563.43, 40.95], [563.09, 40.78], [563.78, 39.82], [563.49, 39.37], [562.88, 39.51], [558.84, 42.5], [558.64, 43.05], [557.17, 43.71], [556.93, 43.52], [556.97, 43.14], [557.57, 42.58], [558.07, 41.39], [560.06, 40.01], [558.71, 39.51], [558.04, 39.87], [556.09, 39.01], [554.15, 39.96], [554.75, 40.61], [553.26, 41.74], [551.78, 42.19], [550.66, 42.99], [550.29, 43.73], [550.74, 44.18], [550.56, 44.37], [549.36, 43.75], [548.95, 42.69], [547.94, 42.33], [546.91, 42.52], [546.51, 42.9], [546.11, 42.67], [544.39, 43.08], [542.73, 43.06], [544.47, 43.94], [545.15, 45.14], [543.04, 44.21], [542.34, 44.26], [541.98, 44.86], [539.85, 44.73], [539.56, 45.06], [539.51, 45.89], [540.32, 46.78], [539.33, 46.67], [537.43, 48.01], [538.75, 46.28], [538.93, 44.97], [538.69, 44.57], [537.28, 45.19], [536.03, 47.29], [536.21, 45.3], [534.29, 45.6], [533.67, 46.05], [533.48, 46.57], [532.02, 46.94], [532.06, 47.23], [533.44, 47.88], [532.14, 47.82], [530.65, 47.04], [529.95, 47.8], [530.03, 48.69], [528.47, 48.98], [527.23, 50.56], [526.21, 51.11], [524.34, 51.46], [523.8, 51.95], [524.07, 52.29], [527.36, 52.21], [527.85, 52.5], [525.51, 52.88], [523.3, 52.7], [522.58, 53.08], [522.8, 53.98], [523.32, 54.25], [522.79, 54.72], [523.0, 55.35], [522.25, 54.59], [521.81, 53.54], [519.04, 54.54], [519.98, 54.98], [518.42, 54.87], [517.11, 55.73], [517.03, 56.43], [519.57, 55.84], [518.74, 56.53], [518.85, 56.81], [519.78, 57.27], [520.57, 57.23], [520.12, 57.64], [520.19, 58.14], [519.48, 57.48], [517.73, 56.96], [515.68, 58.54], [519.68, 58.67], [519.68, 58.88], [514.38, 59.34], [513.49, 60.14], [512.59, 60.44], [513.79, 61.03], [512.47, 61.03], [510.86, 61.84], [510.79, 62.38], [510.45, 62.37], [510.3, 62.93], [510.5, 63.98], [513.89, 63.71], [512.68, 64.24], [509.19, 64.66], [510.16, 65.41], [508.82, 65.7], [507.2, 67.44], [506.61, 68.52], [506.65, 68.95], [507.76, 69.45], [509.42, 68.86], [508.11, 69.89], [507.33, 69.96], [506.75, 69.48], [504.13, 70.54], [503.58, 70.9], [503.37, 71.69], [504.14, 71.51], [504.18, 71.63], [500.52, 73.45], [498.33, 75.21], [496.6, 77.17], [497.38, 77.21], [497.99, 78.14], [498.51, 78.19], [501.95, 76.84], [502.39, 76.45], [501.87, 76.05], [503.4, 75.38], [503.99, 75.62], [502.89, 76.17], [503.65, 76.66], [501.13, 77.6], [500.93, 77.95], [501.27, 78.45], [499.62, 78.41], [498.37, 78.82], [497.1, 77.6], [495.65, 77.88], [494.99, 78.46], [494.68, 78.25], [494.91, 77.76], [493.76, 77.49], [492.72, 77.72], [491.88, 78.26], [491.98, 78.54], [492.79, 78.64], [492.95, 79.08], [491.53, 79.37], [491.09, 80.02], [492.2, 81.03], [492.09, 81.16], [490.86, 80.39], [488.8, 80.35], [486.32, 81.23], [485.51, 82.33], [489.3, 82.28], [489.32, 82.49], [488.66, 82.58], [488.58, 83.19], [486.4, 82.82], [484.02, 82.9], [483.1, 83.76], [483.17, 83.96], [484.27, 83.8], [484.31, 83.98], [483.46, 84.25], [482.28, 83.92], [480.81, 84.47], [480.13, 85.3], [479.3, 85.26], [479.12, 85.95], [480.05, 86.63], [478.69, 86.61], [478.4, 87.09], [478.74, 87.95], [480.06, 88.78], [478.76, 89.05], [478.83, 90.01], [480.38, 90.99], [478.78, 91.12], [478.94, 92.85], [479.69, 93.57], [480.51, 93.25], [480.58, 93.39], [479.28, 94.22], [479.86, 95.47], [481.35, 95.88], [479.55, 96.09], [479.6, 96.66], [479.15, 97.95], [479.31, 98.43], [482.16, 96.18], [483.25, 94.74], [484.22, 94.48], [481.59, 97.26], [482.0, 97.62], [483.41, 97.53], [481.76, 98.32], [480.58, 98.05], [479.69, 98.82], [479.26, 100.59], [479.42, 100.92], [480.16, 100.9], [480.94, 100.25], [483.86, 99.21], [482.46, 100.21], [482.53, 100.8], [482.22, 101.26], [483.05, 102.02], [483.96, 101.84], [483.05, 102.45], [481.14, 101.7], [480.8, 102.7], [481.05, 103.76], [482.88, 105.04], [484.18, 105.6], [485.23, 105.63], [485.36, 105.83], [484.83, 106.35], [485.51, 106.64], [486.08, 106.21], [486.58, 106.87], [488.38, 106.89], [491.12, 106.24], [495.93, 102.79], [495.59, 102.52], [496.95, 101.92], [497.24, 101.54], [497.67, 101.99], [498.99, 101.72], [499.98, 100.31], [499.85, 99.06], [500.7, 98.61], [500.81, 99.74], [501.56, 100.81], [503.07, 101.11], [502.78, 101.83], [503.02, 102.47], [503.17, 105.07], [503.89, 105.22], [503.96, 106.38], [504.35, 106.99], [504.95, 107.14], [505.08, 108.48], [505.64, 108.68], [505.97, 110.0], [506.33, 109.89], [506.71, 111.04], [507.77, 112.72], [508.92, 113.99], [509.57, 114.23], [509.71, 114.76], [509.47, 115.09], [508.68, 115.15], [509.25, 116.07], [507.96, 115.94], [509.93, 118.77], [509.58, 120.53], [511.29, 120.87], [513.19, 120.44], [514.62, 120.61], [515.28, 119.92], [514.74, 118.87], [514.78, 118.33], [516.13, 117.2], [516.9, 117.28], [516.74, 116.75], [520.3, 116.48], [521.08, 116.8], [521.74, 116.29], [523.83, 111.87], [523.63, 110.84], [524.32, 109.61], [523.94, 107.98], [524.11, 107.45], [524.49, 107.43], [524.51, 106.16], [524.78, 105.88], [524.32, 104.73], [525.38, 104.42], [524.86, 103.94], [523.86, 103.82], [523.87, 103.63], [525.6, 103.58], [530.72, 101.2], [531.22, 100.25], [532.01, 100.06], [531.59, 99.64], [530.12, 100.12], [529.46, 99.89], [531.85, 98.81], [533.38, 97.81], [533.46, 97.44], [532.66, 96.13], [531.69, 95.74], [531.77, 95.22], [530.23, 94.41], [529.42, 93.46], [528.27, 93.75], [528.0, 93.26], [526.66, 92.88], [526.77, 92.3], [526.48, 91.57], [526.19, 88.31], [526.53, 87.89], [526.45, 87.53], [527.5, 87.74], [527.15, 86.79], [527.68, 85.22], [528.16, 84.87], [527.36, 84.34], [527.16, 83.67], [527.29, 83.43], [528.21, 83.73], [529.74, 82.95], [529.22, 82.64], [529.5, 82.32], [529.13, 81.53], [530.26, 81.96], [531.41, 81.41], [531.56, 80.92], [530.82, 80.88], [531.67, 80.53], [531.97, 79.93], [532.96, 79.78], [532.79, 79.52], [533.64, 79.62], [534.9, 78.37], [535.45, 78.64], [535.48, 78.2], [536.35, 78.44], [537.1, 77.67], [540.42, 76.33], [541.42, 74.71], [543.17, 73.65], [543.38, 73.22], [541.89, 71.41], [543.59, 69.75], [542.95, 68.75], [543.73, 69.04], [543.39, 68.54], [543.56, 68.28], [544.78, 68.19], [545.06, 67.95], [544.94, 67.63], [545.83, 67.52], [545.59, 67.22], [546.25, 67.29], [546.38, 66.49], [546.83, 65.9], [547.37, 66.26], [548.18, 65.86], [549.57, 66.57], [551.87, 66.08], [554.67, 66.33], [555.54, 65.92], [555.36, 66.45], [555.72, 66.9], [558.36, 67.9], [558.0, 69.66], [558.46, 70.36], [557.89, 70.67], [558.13, 71.14], [556.77, 71.02], [555.27, 71.45], [554.18, 72.94], [551.73, 74.94], [551.51, 75.42], [548.23, 77.29], [547.35, 77.48], [547.33, 77.83], [546.82, 78.3], [546.51, 78.23], [546.62, 78.55], [546.22, 78.57], [546.52, 79.24], [544.86, 79.76], [543.49, 79.79], [543.9, 80.66], [543.21, 80.69], [543.15, 81.12], [541.93, 82.22], [541.78, 82.83], [542.02, 83.93], [542.71, 84.64], [542.38, 86.14], [542.88, 86.53], [543.74, 88.22], [543.32, 88.43], [543.58, 88.79], [543.35, 88.79], [543.38, 89.85], [542.79, 91.49], [543.09, 93.43], [543.78, 93.77], [544.52, 93.44], [544.72, 93.9], [547.58, 94.55], [547.29, 95.07], [547.6, 95.35], [547.02, 95.72], [547.1, 96.39], [548.22, 96.25], [548.85, 95.45], [549.17, 96.03], [549.96, 96.43], [549.05, 97.45], [549.27, 97.51], [551.0, 96.62], [554.84, 96.43], [555.44, 95.95], [559.58, 94.8], [559.98, 95.15], [561.06, 94.76], [560.75, 94.07], [562.4, 94.33], [563.14, 93.28], [563.01, 94.39], [565.64, 93.7], [566.65, 94.11], [570.76, 93.0], [571.3, 93.35], [571.19, 93.97], [570.67, 93.72], [571.27, 94.58], [572.93, 95.54], [575.48, 95.52], [577.25, 96.77], [577.05, 97.21], [573.23, 96.55], [572.45, 97.44], [570.77, 97.33], [570.05, 98.15], [568.97, 97.69], [568.79, 97.98], [568.99, 98.88], [568.32, 99.61], [564.73, 99.42], [563.36, 98.88], [559.0, 98.43], [559.04, 98.85], [558.74, 99.05], [554.58, 99.3], [553.31, 99.83], [553.42, 100.25], [551.12, 100.75], [551.01, 101.6], [551.2, 101.78], [550.87, 102.19], [551.15, 102.87], [551.85, 102.89], [551.17, 103.56], [552.18, 105.11], [553.54, 105.61], [554.41, 105.01], [555.16, 105.15], [554.28, 108.13], [554.59, 110.92], [552.82, 112.18], [551.71, 112.38], [550.3, 111.76], [549.72, 110.53], [547.81, 109.12], [547.44, 108.44], [544.21, 109.24], [543.16, 110.54], [542.74, 112.14], [541.65, 113.15], [541.49, 114.13], [541.6, 118.43], [542.28, 120.31], [542.08, 123.02], [540.9, 123.16], [539.75, 122.78], [541.47, 120.85], [541.8, 119.46], [541.4, 120.58], [540.08, 122.15], [538.97, 122.94], [537.32, 123.1], [536.87, 124.6], [535.1, 125.89], [532.87, 125.98], [532.22, 125.66], [531.3, 124.02], [532.72, 124.6], [532.56, 124.33], [530.86, 123.53], [529.92, 123.54], [526.7, 124.1], [523.96, 125.01], [522.5, 126.39], [515.45, 128.3], [513.27, 127.24], [513.65, 128.54], [516.13, 128.83], [516.23, 129.79], [513.75, 128.95], [513.19, 128.49], [513.36, 128.51], [512.87, 127.11], [511.78, 127.17], [510.61, 126.43], [510.14, 125.76], [508.37, 125.47], [506.55, 127.03], [505.32, 127.15], [503.76, 128.2], [501.63, 127.86], [501.46, 127.52], [502.24, 126.96], [502.46, 126.44], [502.26, 125.93], [501.15, 126.26], [499.7, 125.62], [499.12, 125.77], [498.85, 125.36], [497.77, 125.44], [498.4, 124.87], [498.37, 124.39], [497.29, 123.69], [497.07, 122.68], [496.15, 122.48], [497.0, 121.29], [496.69, 120.1], [498.38, 118.7], [497.91, 118.28], [499.01, 118.16], [499.54, 116.34], [499.96, 116.01], [500.4, 116.41], [501.24, 116.19], [501.64, 115.91], [501.91, 115.14], [501.6, 114.73], [500.21, 114.73], [499.4, 114.21], [499.45, 112.23], [500.34, 110.96], [500.39, 109.88], [500.03, 109.29], [500.68, 108.38], [498.14, 109.19], [496.08, 111.32], [492.89, 111.65], [491.58, 113.0], [491.52, 113.51], [492.3, 113.98], [493.49, 113.66], [494.35, 112.14], [494.81, 112.0], [495.38, 112.17], [495.15, 113.79], [494.64, 113.31], [493.94, 113.61], [493.35, 114.18], [493.09, 114.86], [491.11, 114.28], [490.95, 116.72], [491.26, 117.55], [490.99, 119.55], [492.88, 120.5], [493.09, 121.87], [492.71, 121.98], [493.13, 123.77], [494.21, 125.1], [494.19, 125.47], [493.0, 125.83], [492.99, 126.37], [494.01, 126.55], [494.0, 127.91], [494.29, 128.3], [495.15, 128.52], [495.12, 128.66], [492.88, 128.56], [492.53, 129.05], [492.44, 130.49], [491.77, 129.97], [491.25, 130.88], [490.89, 130.69], [491.11, 130.3], [490.5, 129.53], [489.01, 129.49], [487.35, 129.72], [486.96, 130.23], [486.75, 131.17], [487.32, 131.66], [486.42, 131.43], [485.82, 130.83], [482.87, 131.01], [480.8, 131.73], [480.12, 132.63], [478.96, 133.34], [478.28, 133.62], [477.81, 133.45], [476.69, 136.75], [474.9, 138.74], [474.59, 139.35], [475.51, 140.4], [474.82, 140.48], [475.87, 141.13], [475.35, 141.21], [473.8, 140.48], [472.64, 140.76], [473.18, 141.22], [474.11, 141.35], [474.09, 141.55], [472.55, 141.53], [468.71, 143.24], [466.06, 143.93], [465.33, 144.95], [465.22, 147.28], [465.38, 147.5], [464.65, 148.36], [459.88, 150.37], [459.65, 151.39], [460.78, 151.7], [458.5, 152.49], [454.69, 152.02], [454.32, 151.46], [454.22, 150.49], [451.88, 150.47], [452.05, 151.48], [452.95, 152.99], [453.02, 155.06], [453.76, 155.86], [452.0, 155.98], [451.69, 155.63], [451.3, 156.23], [451.01, 155.9], [449.57, 155.88], [448.61, 156.47], [447.4, 155.14], [446.5, 154.88], [444.61, 155.56], [441.43, 156.03], [440.68, 156.45], [440.52, 156.92], [440.69, 157.37], [441.97, 157.35], [442.56, 157.69], [441.25, 157.76], [442.22, 158.38], [440.86, 159.07], [441.84, 159.43], [442.29, 160.2], [443.89, 160.12], [446.79, 160.87], [447.55, 161.36], [448.24, 161.23], [448.46, 161.35], [448.31, 161.81], [449.65, 162.04], [449.25, 162.51], [449.36, 162.87], [451.57, 162.88], [450.74, 163.33], [450.55, 163.65], [451.25, 164.3], [450.97, 165.2], [452.17, 167.04], [454.67, 168.1], [455.12, 171.08], [454.42, 170.93], [454.48, 171.22], [456.06, 172.51], [456.28, 173.25], [454.93, 172.17], [454.28, 176.7], [454.64, 176.19], [454.94, 176.58], [454.28, 177.26], [453.34, 182.46], [452.76, 183.12], [451.35, 183.61], [450.0, 183.7], [447.89, 183.04], [447.22, 183.47], [445.03, 182.7], [441.43, 183.24], [436.26, 182.04], [431.51, 182.51], [429.02, 181.41], [426.83, 182.38], [426.86, 183.11], [426.45, 183.34], [425.24, 183.76], [424.43, 183.66], [423.23, 184.5], [423.01, 185.53], [423.77, 186.38], [424.22, 186.46], [423.8, 187.53], [424.67, 187.29], [424.67, 188.18], [424.99, 188.49], [424.66, 189.15], [425.14, 189.2], [424.38, 190.09], [424.41, 190.92], [424.81, 190.95], [424.38, 191.87], [424.89, 192.21], [424.7, 192.94], [425.27, 195.41], [425.17, 197.16], [424.43, 199.74], [424.56, 200.49], [423.35, 203.48], [422.46, 204.55], [422.05, 207.37], [422.07, 207.73], [422.53, 207.9], [423.4, 207.66], [424.0, 206.45], [424.13, 206.5], [423.84, 207.64], [422.95, 208.11], [423.09, 209.2], [424.72, 208.84]]], [[[423.97, 134.41], [424.78, 134.81], [421.46, 135.5], [420.4, 136.25], [420.91, 137.06], [419.52, 136.89], [418.66, 137.28], [418.53, 137.66], [420.38, 137.72], [418.58, 139.05], [418.72, 139.41], [419.71, 139.56], [421.47, 139.1], [419.58, 140.45], [422.03, 139.91], [420.68, 141.06], [422.79, 140.98], [426.25, 139.87], [426.53, 139.44], [426.24, 138.94], [427.62, 139.27], [429.31, 138.4], [429.69, 137.85], [431.74, 137.5], [431.89, 137.06], [432.18, 137.53], [434.39, 137.07], [433.85, 136.56], [434.81, 135.52], [435.0, 134.51], [435.56, 133.52], [435.07, 131.22], [435.11, 130.12], [434.31, 127.98], [435.05, 127.82], [434.81, 127.45], [435.59, 127.64], [436.34, 126.68], [437.2, 126.48], [437.39, 125.97], [437.01, 125.91], [436.95, 125.04], [437.68, 125.6], [437.74, 125.29], [437.3, 124.44], [436.14, 124.56], [436.8, 123.95], [436.77, 123.64], [435.16, 121.55], [431.95, 121.73], [431.63, 122.26], [431.05, 122.39], [430.89, 122.2], [431.07, 121.97], [431.9, 121.44], [430.31, 120.8], [430.57, 121.12], [429.72, 121.39], [429.89, 122.57], [429.83, 122.47], [429.16, 122.84], [429.56, 122.05], [429.13, 121.35], [428.75, 121.39], [428.8, 121.71], [426.75, 121.92], [426.29, 122.58], [426.35, 123.26], [424.85, 124.35], [426.05, 124.73], [427.31, 124.56], [426.93, 125.26], [425.4, 126.1], [425.7, 126.65], [423.92, 126.4], [423.35, 126.81], [422.69, 126.35], [421.73, 126.3], [419.81, 126.56], [419.67, 127.1], [420.12, 126.93], [420.28, 127.52], [420.58, 127.41], [420.36, 128.62], [421.66, 128.54], [421.66, 128.93], [420.41, 129.34], [420.38, 129.7], [421.11, 129.98], [419.57, 130.27], [419.82, 130.64], [419.67, 130.98], [420.82, 131.07], [420.51, 131.35], [421.48, 131.39], [421.92, 131.89], [424.2, 132.05], [422.76, 132.63], [422.12, 133.41], [422.39, 133.68], [422.11, 134.06], [420.36, 135.39], [421.74, 134.95], [423.2, 135.08], [423.97, 134.41]]], [[[493.69, 196.13], [492.71, 196.65], [491.9, 196.67], [491.35, 196.32], [491.18, 197.06], [491.22, 197.69], [492.32, 199.56], [492.07, 201.52], [492.62, 201.93], [492.59, 202.49], [492.24, 202.55], [492.04, 203.8], [492.12, 205.24], [492.81, 206.51], [493.62, 206.79], [494.28, 206.51], [494.63, 205.07], [496.62, 205.45], [497.15, 201.0], [496.9, 199.69], [497.54, 198.48], [497.06, 196.81], [496.55, 196.22], [496.8, 195.77], [495.24, 194.49], [496.05, 192.8], [496.17, 191.26], [496.9, 189.8], [496.76, 187.36], [496.42, 186.7], [496.46, 184.7], [496.24, 184.45], [495.84, 184.93], [495.76, 186.36], [494.95, 186.24], [493.44, 187.02], [492.28, 188.57], [492.8, 189.03], [492.29, 189.44], [492.39, 189.8], [492.91, 190.2], [492.55, 191.23], [493.1, 191.26], [492.99, 192.28], [493.78, 192.66], [493.51, 193.11], [493.82, 193.81], [495.18, 194.62], [493.69, 196.13]]], [[[517.06, 210.68], [515.95, 211.31], [513.14, 211.65], [511.19, 210.55], [510.67, 210.55], [509.67, 211.37], [509.0, 210.59], [508.28, 211.27], [507.84, 212.49], [508.64, 213.67], [510.72, 214.27], [513.6, 216.25], [514.53, 216.24], [516.17, 217.95], [518.36, 218.42], [518.63, 217.12], [519.06, 216.49], [518.58, 215.69], [518.8, 215.5], [518.35, 215.03], [518.28, 214.38], [518.81, 212.68], [520.37, 210.15], [520.11, 210.0], [518.35, 210.75], [517.06, 210.68]]]]}}, {"type": "Feature", "properties": {"id": "asia", "type": "LAND", "name_ru": "Азия", "area_cm2": 481.2, "parts": 12}, "geometry": {"type": "MultiPolygon", "coordinates": [[[[570.47, 197.31], [570.05, 197.15], [569.63, 197.18], [570.21, 197.65], [569.9, 197.77], [569.06, 197.62], [568.14, 196.98], [567.12, 197.04], [565.89, 197.31], [564.85, 198.56], [565.43, 201.87], [567.57, 201.11], [566.73, 202.52], [567.88, 203.02], [567.9, 203.69], [568.96, 203.82], [567.99, 204.81], [568.92, 205.74], [570.02, 205.78], [568.79, 206.33], [568.11, 206.24], [567.9, 206.74], [567.44, 206.44], [567.26, 205.78], [566.74, 205.7], [567.11, 207.81], [567.55, 207.86], [568.03, 207.45], [569.04, 207.99], [570.68, 208.23], [570.73, 209.52], [570.04, 209.9], [570.43, 210.14], [570.84, 211.22], [572.31, 211.99], [572.43, 212.47], [571.34, 212.67], [571.23, 213.59], [575.85, 213.07], [574.9, 214.44], [572.32, 215.16], [572.71, 215.6], [575.33, 214.94], [575.1, 215.8], [575.54, 215.67], [576.3, 214.42], [578.7, 215.26], [579.35, 214.99], [579.67, 215.13], [580.76, 217.46], [582.78, 218.05], [585.05, 217.04], [586.02, 217.28], [586.69, 213.84], [589.45, 213.99], [593.07, 215.69], [594.78, 217.75], [596.69, 218.5], [600.75, 217.69], [601.93, 216.99], [603.46, 215.06], [605.25, 213.7], [608.44, 215.09], [609.1, 214.92], [609.65, 214.14], [611.38, 212.94], [611.97, 213.51], [612.02, 214.37], [610.35, 216.47], [611.01, 218.15], [610.51, 219.07], [610.24, 220.86], [610.88, 221.75], [611.1, 223.06], [610.91, 225.01], [611.34, 227.49], [610.05, 230.44], [609.98, 232.37], [608.38, 243.83], [608.07, 250.08], [607.97, 260.9], [607.52, 264.29], [606.55, 266.26], [605.6, 266.61], [604.72, 266.29], [602.93, 265.21], [602.64, 264.58], [602.16, 264.47], [601.2, 268.32], [602.29, 271.28], [603.17, 271.19], [604.75, 271.97], [605.19, 271.96], [605.94, 271.41], [606.45, 271.68], [606.77, 267.71], [607.36, 265.93], [607.71, 263.53], [608.41, 262.17], [608.0, 264.7], [607.24, 267.59], [607.52, 266.83], [609.11, 265.4], [612.4, 268.01], [613.13, 268.86], [614.49, 271.53], [615.16, 271.73], [615.65, 273.45], [616.28, 273.77], [617.18, 275.21], [617.66, 276.81], [617.39, 277.9], [618.82, 280.32], [620.36, 280.39], [622.76, 282.47], [625.39, 287.96], [625.53, 288.95], [625.1, 291.67], [625.78, 293.45], [625.56, 294.6], [626.3, 296.18], [628.24, 299.0], [629.79, 299.57], [632.55, 302.21], [633.6, 305.82], [633.57, 308.0], [634.55, 310.26], [635.06, 311.26], [637.93, 313.56], [637.86, 314.85], [638.72, 316.51], [639.21, 319.45], [638.3, 320.73], [638.35, 322.24], [637.94, 321.92], [637.69, 322.24], [638.62, 322.82], [638.98, 323.69], [639.09, 324.64], [639.11, 325.51], [638.8, 327.03], [639.23, 327.65], [639.17, 328.23], [638.27, 329.56], [638.65, 331.04], [638.52, 331.46], [639.22, 331.43], [640.47, 332.04], [645.08, 332.71], [645.92, 333.14], [647.93, 333.59], [649.13, 333.37], [650.59, 333.43], [652.47, 332.75], [655.84, 333.16], [658.77, 333.21], [661.79, 332.38], [664.72, 330.69], [665.84, 330.83], [667.38, 330.37], [669.6, 328.65], [671.16, 327.91], [673.64, 326.96], [674.76, 326.79], [676.54, 325.92], [679.99, 324.91], [681.99, 323.7], [684.27, 322.66], [684.43, 321.35], [684.87, 320.36], [686.51, 318.89], [689.8, 317.56], [691.25, 317.38], [693.37, 316.12], [695.58, 315.93], [696.47, 316.22], [697.87, 315.81], [698.99, 314.44], [698.96, 313.14], [699.99, 311.85], [704.11, 311.08], [704.88, 310.16], [705.4, 307.96], [706.18, 307.1], [707.73, 306.33], [710.61, 305.7], [710.14, 302.28], [710.85, 299.31], [712.25, 297.52], [712.59, 297.46], [712.43, 298.37], [713.56, 298.44], [715.29, 294.68], [717.5, 292.57], [719.57, 288.39], [719.48, 287.3], [717.69, 286.53], [714.86, 282.1], [714.05, 281.48], [712.97, 281.62], [707.94, 280.1], [706.58, 278.92], [705.37, 277.25], [704.16, 274.38], [704.09, 271.51], [703.78, 271.08], [704.14, 270.27], [704.34, 267.41], [703.84, 268.01], [703.19, 268.16], [702.14, 270.33], [700.26, 271.9], [698.38, 274.29], [696.75, 275.49], [695.12, 278.29], [693.99, 278.86], [692.43, 279.4], [687.07, 278.98], [684.67, 279.93], [683.39, 279.72], [683.01, 278.43], [682.54, 278.45], [682.27, 277.99], [681.95, 278.26], [680.94, 277.97], [681.42, 276.96], [680.76, 276.56], [681.46, 276.24], [682.26, 274.22], [681.72, 271.75], [682.15, 270.4], [682.04, 269.76], [680.79, 268.46], [679.61, 269.37], [678.48, 272.44], [678.91, 275.09], [678.72, 275.61], [677.6, 274.07], [677.12, 272.3], [676.12, 271.26], [675.4, 269.48], [675.18, 268.7], [675.75, 268.75], [676.03, 267.67], [675.89, 267.16], [675.16, 266.53], [675.07, 265.74], [675.72, 265.82], [674.96, 264.96], [673.73, 264.3], [672.93, 263.28], [672.34, 263.13], [671.3, 261.78], [671.59, 261.49], [669.57, 260.28], [669.63, 259.38], [666.75, 253.72], [666.16, 251.75], [664.68, 251.56], [665.78, 250.39], [666.56, 250.61], [665.81, 248.33], [666.53, 248.17], [667.95, 248.7], [669.69, 248.2], [670.09, 247.75], [669.97, 246.67], [670.64, 246.02], [670.48, 245.73], [671.5, 245.9], [671.6, 246.22], [671.34, 246.41], [670.48, 246.42], [672.98, 248.22], [675.32, 247.33], [675.78, 248.78], [678.04, 251.4], [678.15, 252.82], [679.06, 253.26], [679.0, 254.27], [679.87, 255.03], [680.02, 256.15], [680.87, 258.13], [682.3, 259.52], [684.36, 259.73], [686.38, 260.81], [687.34, 262.35], [690.86, 264.34], [692.02, 265.48], [694.44, 265.63], [696.27, 266.6], [697.43, 266.35], [699.24, 265.16], [699.82, 265.24], [700.81, 264.15], [702.12, 263.83], [702.93, 263.27], [704.04, 262.97], [705.75, 263.35], [706.57, 264.04], [707.14, 265.05], [707.48, 267.28], [708.48, 270.31], [710.3, 270.64], [710.59, 271.02], [711.25, 270.82], [712.47, 271.33], [715.12, 271.47], [716.26, 272.16], [718.18, 271.79], [718.93, 272.19], [722.47, 272.46], [722.97, 271.77], [723.71, 272.51], [727.25, 273.09], [727.75, 272.5], [729.45, 272.24], [730.79, 271.18], [731.37, 271.35], [735.15, 268.36], [735.92, 267.5], [736.08, 266.66], [737.03, 265.54], [737.28, 264.96], [738.46, 264.68], [738.69, 264.01], [739.25, 263.62], [741.84, 262.56], [742.14, 263.49], [742.18, 265.05], [742.96, 265.48], [743.18, 268.03], [743.53, 269.28], [743.69, 269.1], [743.7, 269.56], [743.99, 269.46], [744.08, 269.13], [744.24, 269.43], [744.41, 269.34], [744.54, 269.73], [744.67, 269.46], [744.75, 270.39], [745.44, 269.77], [745.08, 270.49], [745.47, 272.13], [746.48, 273.59], [747.28, 273.94], [748.06, 273.11], [748.62, 273.16], [748.14, 274.73], [746.47, 276.03], [746.08, 275.4], [745.88, 276.06], [746.25, 277.31], [748.17, 281.51], [748.51, 282.23], [748.93, 282.63], [749.52, 282.61], [751.29, 280.79], [751.71, 279.16], [751.62, 278.31], [751.31, 277.91], [751.79, 276.33], [751.57, 275.99], [752.69, 276.13], [752.23, 276.45], [752.17, 277.24], [752.49, 277.25], [752.22, 278.44], [753.21, 278.2], [752.37, 279.45], [752.58, 279.41], [752.39, 279.84], [752.5, 280.67], [752.71, 280.93], [752.82, 282.84], [752.44, 286.47], [752.64, 287.8], [752.66, 290.14], [752.85, 289.56], [753.01, 289.6], [752.75, 291.57], [753.18, 295.96], [753.54, 302.72], [753.92, 304.2], [754.25, 304.39], [754.11, 304.77], [754.45, 305.52], [754.17, 305.53], [755.28, 309.38], [755.76, 312.94], [755.73, 315.5], [755.96, 317.7], [756.47, 319.87], [757.16, 321.37], [757.78, 323.81], [758.44, 327.8], [759.02, 333.39], [760.0, 335.89], [760.88, 336.91], [761.74, 335.59], [761.98, 333.41], [762.4, 332.49], [763.41, 331.78], [764.14, 332.11], [763.91, 331.71], [763.48, 331.5], [763.34, 330.5], [763.98, 327.54], [764.37, 327.22], [764.94, 327.25], [764.95, 323.49], [764.85, 322.88], [764.65, 323.0], [764.84, 322.42], [765.01, 320.09], [765.74, 317.07], [766.01, 314.26], [765.95, 313.88], [765.41, 313.15], [765.6, 312.68], [765.92, 313.66], [765.46, 310.55], [765.57, 309.4], [765.32, 306.85], [765.7, 304.12], [766.31, 303.33], [766.54, 303.45], [766.63, 303.88], [766.89, 303.92], [767.42, 301.43], [768.33, 301.46], [769.25, 300.48], [769.29, 298.18], [770.78, 295.97], [771.61, 294.0], [772.36, 293.05], [773.46, 289.47], [774.64, 287.33], [774.5, 287.1], [774.18, 287.46], [774.27, 286.76], [774.68, 286.2], [774.72, 287.03], [774.86, 287.05], [775.95, 286.17], [776.2, 285.7], [776.38, 284.98], [776.78, 284.37], [777.12, 282.71], [776.9, 280.4], [777.29, 279.27], [778.29, 278.61], [779.06, 277.37], [779.07, 278.69], [779.3, 278.75], [779.34, 278.16], [779.63, 278.79], [780.05, 278.42], [780.14, 278.92], [780.21, 278.62], [780.66, 278.61], [780.44, 277.41], [780.58, 277.37], [780.97, 278.32], [781.18, 278.33], [781.44, 277.38], [781.54, 278.13], [782.11, 276.74], [782.15, 277.03], [782.38, 276.71], [782.35, 277.61], [782.63, 277.86], [783.27, 275.57], [782.96, 273.89], [783.0, 273.33], [783.16, 273.23], [782.92, 272.29], [783.3, 272.12], [783.84, 274.56], [784.29, 274.36], [784.72, 273.32], [785.32, 276.06], [785.74, 280.67], [786.16, 282.32], [787.02, 284.93], [787.13, 285.06], [787.16, 284.9], [787.48, 284.93], [787.33, 285.39], [787.55, 286.33], [787.59, 285.54], [787.75, 285.41], [788.03, 285.55], [788.33, 286.1], [788.55, 286.09], [788.39, 286.67], [789.04, 288.11], [788.73, 288.98], [788.32, 288.28], [788.17, 288.42], [788.52, 289.89], [788.91, 290.44], [788.92, 289.96], [789.45, 291.12], [789.32, 291.16], [789.77, 293.44], [789.99, 296.15], [789.27, 302.84], [789.67, 302.5], [790.15, 301.43], [790.09, 303.31], [790.56, 302.77], [790.62, 303.67], [791.31, 303.62], [791.47, 304.08], [791.97, 302.99], [792.11, 302.17], [793.05, 300.88], [793.56, 300.47], [793.8, 299.84], [794.04, 297.15], [794.51, 298.18], [794.8, 300.64], [795.39, 300.44], [795.11, 302.8], [795.33, 303.42], [795.47, 307.78], [795.57, 308.3], [795.75, 308.15], [795.64, 308.67], [795.99, 310.78], [796.01, 312.7], [796.08, 312.98], [796.2, 312.38], [796.81, 315.07], [797.0, 318.56], [796.87, 319.0], [797.03, 319.09], [796.92, 321.18], [797.21, 321.0], [797.34, 321.26], [797.1, 321.81], [797.0, 324.41], [796.63, 325.74], [796.67, 327.86], [796.88, 329.0], [796.21, 333.94], [796.34, 336.26], [796.55, 336.47], [796.81, 335.75], [797.18, 336.98], [797.63, 337.72], [797.67, 338.44], [797.86, 338.44], [798.0, 338.87], [798.15, 339.93], [798.58, 340.0], [798.49, 340.59], [798.79, 341.07], [798.75, 342.05], [799.48, 343.92], [799.85, 345.89], [799.83, 347.59], [800.29, 352.8], [800.61, 354.3], [800.47, 354.55], [801.52, 357.61], [801.51, 359.19], [803.98, 363.61], [805.06, 364.94], [805.27, 365.87], [805.64, 365.36], [806.38, 365.32], [806.5, 365.72], [806.71, 365.22], [806.12, 361.87], [805.85, 360.5], [805.21, 358.99], [805.07, 355.4], [805.23, 351.53], [804.78, 348.98], [804.42, 347.85], [803.65, 346.4], [803.31, 345.08], [802.89, 344.78], [802.37, 343.78], [801.86, 342.1], [801.52, 341.91], [801.03, 342.12], [800.23, 340.76], [799.76, 336.07], [799.57, 335.04], [799.51, 335.39], [799.28, 334.7], [799.05, 331.7], [798.86, 331.59], [798.26, 332.02], [798.01, 331.8], [797.85, 327.27], [798.44, 324.82], [798.68, 322.36], [799.32, 319.32], [799.25, 317.09], [799.45, 315.57], [799.33, 314.25], [799.7, 313.68], [800.33, 313.32], [800.95, 313.91], [800.85, 317.25], [801.8, 317.4], [802.26, 317.1], [802.79, 317.77], [803.12, 318.63], [803.17, 318.37], [803.66, 319.59], [803.76, 319.19], [804.67, 322.37], [804.75, 324.73], [805.08, 324.69], [805.37, 323.72], [805.71, 324.83], [805.41, 325.78], [805.5, 326.28], [805.63, 326.47], [805.99, 326.1], [806.65, 326.33], [807.29, 327.92], [807.52, 327.78], [807.89, 328.36], [808.0, 329.07], [807.67, 329.44], [807.56, 330.34], [807.5, 333.79], [807.64, 334.03], [807.42, 334.67], [808.03, 334.53], [808.74, 332.54], [809.93, 331.24], [809.76, 329.79], [810.28, 330.55], [810.61, 330.19], [810.52, 329.64], [810.96, 328.14], [810.4, 327.36], [810.91, 327.38], [810.88, 326.71], [811.25, 326.93], [811.31, 326.25], [811.82, 326.94], [812.84, 325.64], [813.11, 325.56], [813.25, 324.8], [813.55, 324.64], [814.52, 323.0], [814.83, 322.91], [815.28, 320.26], [815.14, 317.28], [815.33, 316.83], [815.53, 317.48], [815.21, 314.56], [815.25, 312.08], [814.44, 305.54], [814.0, 304.66], [813.05, 301.45], [812.72, 301.49], [810.37, 295.77], [810.43, 294.52], [809.42, 292.13], [808.94, 290.14], [809.58, 285.97], [809.88, 285.74], [810.46, 284.46], [810.51, 283.44], [810.86, 282.55], [810.75, 281.41], [811.1, 281.62], [811.42, 281.41], [811.58, 281.63], [811.91, 281.17], [812.0, 280.19], [812.67, 279.27], [813.41, 279.01], [813.54, 278.43], [813.76, 278.8], [813.85, 278.69], [813.82, 277.61], [814.32, 278.7], [814.89, 278.87], [814.86, 279.52], [815.31, 279.46], [815.8, 278.93], [816.32, 279.35], [816.31, 279.79], [816.06, 279.96], [815.86, 281.77], [816.2, 283.5], [816.54, 284.0], [816.24, 283.93], [816.34, 284.44], [817.06, 284.44], [817.34, 283.48], [816.99, 282.82], [817.09, 282.11], [816.76, 282.02], [816.72, 281.65], [817.13, 280.38], [817.44, 280.49], [817.78, 279.75], [818.16, 279.57], [818.19, 279.21], [818.72, 279.33], [819.21, 279.01], [819.5, 278.32], [819.68, 278.33], [819.79, 277.76], [820.42, 278.23], [820.72, 277.69], [820.9, 278.08], [821.27, 277.36], [821.53, 277.52], [821.74, 276.31], [821.86, 276.8], [822.56, 276.17], [822.56, 274.57], [822.16, 273.2], [822.35, 273.08], [822.35, 272.59], [822.65, 272.11], [822.66, 273.42], [823.03, 274.51], [823.36, 274.92], [823.16, 275.42], [823.8, 275.85], [823.92, 275.42], [823.79, 274.8], [823.92, 274.58], [824.3, 274.85], [824.47, 273.88], [824.65, 274.44], [824.84, 274.48], [825.43, 273.62], [825.97, 274.04], [826.2, 273.46], [826.58, 273.69], [827.1, 273.32], [827.25, 272.91], [827.64, 273.07], [827.71, 272.06], [827.97, 271.64], [827.85, 271.31], [828.23, 270.88], [828.31, 270.05], [828.6, 270.34], [828.96, 269.76], [829.09, 270.3], [829.27, 269.22], [829.55, 269.24], [830.3, 267.48], [830.23, 266.9], [829.97, 266.83], [829.9, 266.5], [830.18, 266.46], [830.31, 265.84], [830.67, 266.07], [831.28, 265.86], [831.37, 265.33], [831.22, 264.94], [831.68, 264.54], [831.8, 263.34], [832.33, 263.24], [832.16, 262.3], [832.57, 262.26], [832.91, 262.56], [832.77, 261.7], [832.9, 259.92], [832.35, 260.19], [832.07, 259.41], [832.63, 259.71], [833.33, 258.5], [833.16, 257.59], [832.65, 256.94], [832.88, 257.0], [832.83, 256.57], [833.04, 256.81], [833.24, 256.3], [833.33, 257.32], [833.48, 257.42], [833.68, 257.05], [834.04, 255.23], [834.61, 253.88], [834.56, 253.15], [834.97, 251.82], [834.82, 251.31], [835.19, 251.19], [835.6, 249.64], [835.74, 250.4], [836.15, 249.96], [836.32, 250.1], [836.1, 248.6], [836.42, 247.7], [836.2, 247.35], [836.44, 247.26], [836.02, 246.49], [836.16, 246.04], [836.47, 245.95], [836.84, 246.48], [836.77, 244.36], [836.27, 244.68], [837.14, 243.32], [836.42, 242.85], [835.69, 241.46], [835.09, 242.07], [834.62, 242.19], [834.38, 241.46], [833.85, 241.73], [834.25, 241.09], [834.94, 241.24], [835.23, 240.36], [835.93, 239.37], [836.71, 238.82], [836.34, 237.09], [835.31, 235.37], [834.85, 234.94], [834.72, 234.24], [834.07, 233.98], [834.37, 233.71], [834.77, 233.88], [835.21, 234.28], [834.99, 234.35], [835.16, 234.73], [835.8, 234.77], [836.38, 235.41], [836.71, 235.44], [836.68, 234.96], [836.47, 234.2], [835.83, 233.28], [835.69, 232.33], [834.88, 231.32], [834.93, 229.8], [833.81, 224.39], [832.4, 222.36], [832.14, 222.37], [832.09, 221.94], [832.55, 220.0], [833.76, 217.61], [834.19, 217.08], [833.82, 216.5], [833.98, 216.14], [834.24, 216.04], [834.39, 216.79], [834.84, 216.46], [834.9, 215.24], [835.22, 215.11], [835.01, 214.29], [835.45, 214.39], [836.9, 212.88], [837.32, 212.89], [837.68, 213.44], [838.01, 212.95], [837.86, 212.43], [838.13, 211.94], [838.11, 211.36], [838.29, 210.99], [837.67, 210.98], [837.16, 210.44], [836.98, 210.8], [836.4, 210.73], [834.83, 209.13], [833.97, 209.79], [834.07, 210.03], [833.3, 211.19], [833.08, 212.03], [832.26, 212.1], [831.68, 211.28], [831.77, 209.95], [831.94, 209.69], [831.65, 208.22], [831.39, 207.86], [830.95, 207.99], [830.03, 207.61], [829.39, 206.57], [829.21, 205.43], [829.65, 203.53], [830.08, 203.13], [830.51, 203.82], [831.08, 203.35], [831.7, 203.32], [832.67, 200.22], [834.19, 198.81], [835.4, 195.94], [836.38, 196.18], [836.44, 195.97], [837.11, 196.86], [837.31, 197.66], [836.48, 200.02], [836.0, 200.47], [836.04, 201.36], [835.62, 201.77], [835.66, 202.46], [836.63, 202.45], [836.3, 203.17], [836.39, 203.65], [835.37, 204.45], [835.46, 205.26], [836.32, 204.69], [836.39, 204.1], [836.94, 203.89], [837.56, 202.55], [838.4, 201.54], [839.63, 200.74], [839.72, 200.32], [839.93, 200.58], [840.51, 200.5], [840.75, 200.02], [841.26, 200.71], [841.44, 201.47], [841.63, 200.85], [842.66, 201.85], [842.79, 202.88], [842.38, 204.95], [843.01, 205.46], [842.61, 205.55], [842.2, 206.02], [841.95, 207.42], [841.69, 207.87], [842.67, 208.1], [842.25, 208.73], [842.8, 209.1], [842.91, 209.62], [843.47, 208.48], [843.94, 208.98], [844.06, 209.52], [844.45, 208.94], [844.9, 209.35], [844.78, 209.63], [845.27, 213.01], [844.59, 212.67], [844.07, 213.69], [844.11, 214.03], [844.64, 214.29], [844.76, 216.29], [845.09, 217.55], [845.02, 217.99], [844.61, 218.51], [844.82, 218.84], [844.61, 219.14], [844.3, 220.63], [844.6, 222.06], [844.92, 222.06], [844.71, 222.35], [844.81, 222.6], [844.4, 222.51], [844.34, 222.71], [844.73, 223.48], [844.81, 224.25], [845.23, 223.41], [845.5, 223.72], [845.82, 223.03], [846.31, 223.63], [846.56, 222.93], [846.37, 222.42], [846.38, 221.54], [846.82, 222.65], [846.98, 222.25], [846.76, 221.79], [846.87, 221.5], [847.39, 221.21], [847.52, 221.59], [848.11, 221.87], [848.15, 220.87], [848.9, 220.86], [849.26, 220.51], [849.8, 216.77], [849.52, 217.06], [849.56, 213.79], [849.3, 211.5], [847.54, 205.46], [846.74, 203.74], [846.09, 203.21], [846.34, 202.12], [846.32, 200.74], [846.98, 199.82], [847.58, 199.64], [847.97, 199.24], [848.39, 198.45], [849.26, 197.73], [849.71, 196.72], [850.37, 196.16], [850.03, 192.96], [851.19, 190.46], [851.6, 189.95], [852.01, 190.08], [852.17, 189.86], [852.18, 189.0], [851.79, 188.4], [852.68, 188.54], [853.32, 185.78], [853.69, 185.68], [853.52, 186.48], [853.66, 186.48], [854.19, 185.53], [854.42, 187.41], [855.13, 187.44], [855.5, 187.81], [855.72, 187.75], [856.15, 188.24], [859.48, 184.66], [859.76, 183.29], [858.03, 179.25], [857.69, 176.89], [857.22, 176.07], [855.98, 175.14], [849.26, 171.98], [840.04, 168.36], [836.22, 166.29], [834.35, 164.91], [833.52, 164.06], [829.66, 162.51], [830.48, 162.31], [829.94, 161.87], [827.55, 160.79], [826.06, 159.85], [820.84, 158.0], [819.94, 157.16], [817.71, 156.12], [817.29, 155.71], [820.87, 155.15], [820.49, 154.73], [818.25, 153.69], [817.31, 152.82], [812.25, 151.02], [810.94, 150.13], [808.05, 148.65], [808.8, 148.4], [811.71, 148.07], [811.61, 147.69], [809.54, 146.68], [809.05, 145.88], [805.28, 144.27], [805.09, 143.89], [805.7, 143.24], [804.85, 142.4], [804.75, 142.03], [805.21, 141.36], [803.85, 140.71], [804.25, 138.99], [803.82, 137.97], [803.95, 137.5], [803.84, 136.31], [803.16, 135.31], [803.63, 135.59], [803.78, 134.88], [803.68, 134.43], [802.71, 133.22], [802.27, 132.36], [802.07, 131.4], [801.59, 130.6], [800.99, 130.88], [800.05, 130.37], [800.15, 131.57], [799.7, 132.04], [799.52, 132.79], [799.12, 133.29], [797.9, 133.57], [798.51, 132.88], [798.97, 131.91], [798.66, 131.82], [798.22, 131.29], [798.67, 130.55], [798.23, 130.55], [797.9, 130.96], [798.11, 131.6], [797.97, 132.42], [797.36, 132.5], [797.27, 129.17], [795.93, 129.34], [795.0, 128.74], [794.99, 127.88], [798.53, 123.03], [800.04, 119.7], [801.79, 117.49], [802.07, 116.79], [802.88, 116.3], [803.5, 114.34], [804.73, 112.95], [805.25, 111.51], [806.0, 110.53], [806.91, 110.0], [807.44, 110.11], [807.95, 109.84], [810.5, 109.82], [810.8, 109.98], [811.28, 110.81], [811.62, 110.6], [812.0, 109.65], [813.47, 110.41], [814.02, 109.92], [814.6, 109.82], [814.97, 110.43], [815.31, 110.45], [815.58, 110.35], [815.65, 109.99], [815.32, 109.98], [815.38, 109.33], [815.58, 109.57], [816.01, 109.51], [815.79, 108.94], [816.34, 108.41], [816.67, 108.37], [818.21, 109.23], [817.93, 109.48], [818.46, 109.62], [818.78, 109.12], [819.26, 109.22], [819.93, 110.18], [820.65, 110.58], [818.98, 111.16], [819.36, 112.01], [820.46, 111.86], [820.78, 111.37], [821.57, 111.8], [821.91, 111.16], [822.19, 111.11], [822.3, 110.61], [822.8, 110.57], [823.31, 111.18], [823.96, 110.6], [824.32, 110.9], [824.99, 110.7], [824.99, 110.01], [824.7, 109.65], [824.12, 109.29], [823.67, 109.56], [823.48, 109.34], [823.69, 108.11], [824.69, 105.91], [825.83, 104.68], [826.33, 103.41], [827.21, 102.29], [827.29, 101.45], [827.92, 100.67], [828.51, 100.17], [829.42, 100.36], [831.1, 99.64], [831.65, 100.49], [832.8, 99.78], [832.71, 100.78], [832.15, 102.21], [832.25, 102.87], [832.01, 103.57], [832.61, 103.2], [832.91, 103.29], [832.6, 104.85], [833.06, 104.44], [833.49, 104.38], [833.89, 103.54], [835.96, 100.72], [836.67, 100.54], [836.88, 101.19], [837.02, 101.09], [837.28, 100.57], [836.9, 100.19], [836.91, 99.79], [837.39, 97.13], [839.04, 96.51], [839.62, 97.05], [840.91, 97.49], [840.25, 97.54], [840.25, 97.84], [839.32, 97.45], [838.72, 98.17], [838.44, 100.52], [838.11, 101.53], [838.37, 101.69], [838.42, 102.0], [837.73, 103.28], [837.96, 103.72], [837.42, 104.19], [836.84, 104.26], [835.47, 105.54], [835.0, 106.81], [832.1, 110.95], [831.15, 113.41], [829.98, 114.84], [829.7, 115.46], [828.77, 115.41], [828.45, 116.31], [827.73, 116.18], [827.5, 116.38], [827.74, 117.65], [827.39, 118.93], [826.37, 120.8], [826.07, 123.33], [825.96, 126.88], [826.64, 136.26], [826.98, 137.69], [827.24, 142.25], [827.72, 143.94], [829.43, 140.47], [830.07, 138.17], [830.26, 136.19], [829.97, 135.85], [830.08, 135.29], [830.47, 136.05], [830.78, 135.49], [831.7, 134.71], [832.39, 135.15], [832.1, 132.51], [832.45, 130.87], [833.5, 129.45], [834.02, 129.22], [834.28, 129.53], [834.79, 129.55], [835.51, 128.59], [835.03, 126.77], [834.95, 125.6], [835.49, 123.2], [836.14, 122.51], [836.09, 121.95], [836.36, 121.58], [836.92, 121.45], [836.29, 122.62], [836.62, 123.29], [836.94, 123.38], [837.38, 122.62], [837.25, 120.78], [836.75, 120.64], [836.57, 120.28], [836.51, 118.54], [836.53, 118.08], [837.16, 116.95], [837.21, 116.33], [836.34, 115.7], [836.0, 116.41], [835.42, 115.82], [835.3, 115.18], [835.58, 113.69], [836.05, 112.63], [836.83, 111.51], [836.78, 110.99], [837.01, 110.93], [837.29, 110.23], [837.44, 108.3], [838.02, 107.31], [838.61, 107.48], [838.57, 107.83], [838.98, 107.19], [839.21, 107.18], [839.61, 107.93], [839.88, 108.06], [840.09, 107.03], [841.76, 105.49], [842.02, 105.47], [841.73, 107.52], [841.82, 108.05], [841.95, 108.02], [843.36, 105.79], [844.74, 105.11], [846.4, 105.03], [847.01, 105.67], [847.6, 107.17], [848.18, 107.59], [848.52, 105.68], [851.2, 103.14], [851.21, 102.72], [851.49, 102.62], [851.71, 102.12], [851.98, 102.13], [851.76, 101.41], [852.32, 101.75], [853.08, 100.5], [853.39, 100.65], [853.87, 100.18], [854.44, 100.07], [854.74, 99.57], [857.19, 97.96], [857.76, 97.31], [858.45, 97.09], [858.16, 96.7], [858.25, 96.22], [858.72, 96.2], [858.65, 96.94], [859.76, 97.15], [861.41, 98.05], [861.5, 97.45], [861.95, 96.87], [862.09, 96.22], [861.63, 95.28], [861.84, 94.99], [861.74, 94.54], [861.12, 93.92], [860.92, 93.12], [860.25, 92.95], [860.83, 92.62], [860.71, 91.42], [860.41, 91.23], [860.45, 90.76], [860.08, 89.81], [859.89, 90.45], [859.25, 90.05], [858.86, 89.49], [858.79, 88.16], [857.86, 88.8], [857.45, 88.53], [857.28, 88.65], [856.96, 87.55], [858.31, 88.11], [858.54, 87.8], [858.19, 87.1], [858.34, 87.01], [859.34, 88.39], [860.52, 88.85], [861.93, 87.96], [863.22, 86.49], [863.76, 85.16], [863.74, 84.67], [863.19, 84.0], [863.09, 83.61], [863.22, 82.74], [863.8, 82.55], [863.77, 82.05], [864.07, 81.7], [864.13, 82.27], [864.5, 82.46], [865.01, 81.59], [864.68, 83.16], [864.39, 83.08], [864.62, 83.76], [865.06, 84.26], [865.19, 85.25], [866.6, 85.22], [867.26, 84.77], [868.73, 85.35], [869.1, 86.31], [869.12, 87.21], [869.76, 88.0], [870.37, 88.01], [871.1, 88.4], [872.45, 89.85], [872.65, 89.85], [873.19, 89.04], [873.0, 89.89], [873.36, 90.2], [873.7, 89.84], [873.6, 89.11], [873.8, 89.07], [873.96, 89.66], [874.5, 89.58], [874.31, 89.12], [873.67, 88.77], [873.79, 88.11], [873.38, 87.88], [874.09, 87.63], [874.65, 87.06], [874.53, 86.42], [873.96, 86.25], [874.49, 86.14], [874.6, 85.41], [874.32, 85.43], [874.42, 85.24], [873.76, 84.5], [874.29, 84.54], [875.09, 85.24], [876.22, 85.22], [876.39, 85.03], [875.79, 84.04], [876.98, 84.73], [877.14, 84.59], [877.17, 83.75], [877.75, 83.17], [878.26, 83.22], [878.42, 82.98], [878.34, 82.63], [877.62, 82.52], [877.52, 82.02], [875.87, 80.46], [875.16, 79.42], [873.31, 78.88], [874.03, 79.33], [872.94, 79.15], [873.11, 78.82], [872.3, 78.56], [871.03, 78.79], [871.72, 79.39], [871.86, 80.06], [871.53, 80.65], [872.23, 81.45], [871.96, 81.98], [871.76, 81.3], [871.3, 81.82], [871.12, 81.03], [870.48, 80.69], [870.71, 80.04], [870.45, 78.79], [870.58, 77.76], [870.35, 77.4], [870.05, 77.58], [869.84, 76.43], [866.84, 74.23], [866.26, 74.22], [866.48, 73.93], [864.43, 72.08], [862.75, 71.17], [861.64, 70.05], [861.15, 69.9], [860.99, 69.54], [858.05, 68.49], [856.5, 67.47], [854.76, 67.63], [852.7, 67.26], [852.47, 67.76], [851.36, 67.18], [848.17, 66.61], [848.23, 67.63], [847.73, 68.56], [848.38, 68.74], [849.04, 70.92], [848.34, 71.8], [846.93, 71.96], [846.47, 70.78], [844.93, 70.0], [844.68, 68.76], [844.21, 68.15], [843.86, 68.1], [842.65, 69.08], [839.12, 68.63], [838.24, 68.12], [837.11, 68.2], [835.54, 68.62], [834.6, 69.56], [834.66, 71.48], [834.37, 71.8], [834.27, 71.17], [833.85, 70.7], [833.63, 68.64], [831.99, 67.92], [831.83, 67.58], [832.21, 65.79], [831.8, 64.42], [831.25, 63.86], [830.26, 63.28], [828.35, 62.72], [825.97, 62.63], [822.78, 63.5], [820.83, 63.69], [819.69, 63.09], [820.18, 62.92], [819.38, 61.85], [818.45, 61.48], [817.21, 62.09], [818.0, 61.18], [817.9, 60.91], [817.11, 60.96], [816.8, 60.59], [815.38, 60.14], [815.57, 59.81], [817.04, 59.41], [816.96, 59.02], [816.24, 58.32], [814.57, 57.72], [812.84, 57.66], [811.05, 59.76], [809.71, 60.22], [809.4, 59.99], [809.52, 59.29], [810.04, 59.43], [810.57, 59.23], [810.43, 58.72], [810.56, 58.08], [811.27, 58.43], [810.94, 59.21], [811.1, 59.21], [811.78, 58.6], [812.18, 57.79], [809.47, 57.94], [808.62, 58.29], [808.16, 57.95], [809.24, 57.39], [811.26, 57.57], [811.28, 57.19], [807.15, 56.17], [804.94, 56.08], [803.02, 55.39], [802.79, 55.59], [803.28, 56.1], [803.45, 56.62], [802.49, 57.0], [801.21, 56.99], [800.51, 57.66], [800.57, 58.34], [801.24, 58.09], [801.72, 58.16], [801.28, 59.0], [800.85, 59.19], [801.41, 59.46], [801.36, 60.2], [801.79, 61.04], [800.61, 61.23], [799.95, 60.49], [799.56, 60.76], [799.11, 60.62], [798.61, 61.47], [799.23, 61.71], [798.33, 62.2], [797.31, 61.33], [795.59, 60.47], [794.75, 60.5], [793.95, 60.89], [793.51, 61.42], [791.98, 61.23], [791.14, 60.53], [790.48, 59.26], [789.86, 60.41], [789.53, 61.59], [789.59, 62.02], [788.9, 63.41], [788.47, 63.96], [788.1, 64.04], [787.67, 63.17], [787.55, 63.47], [787.35, 63.45], [786.15, 62.53], [785.2, 60.62], [784.88, 60.59], [784.76, 60.34], [785.67, 60.02], [785.31, 59.31], [785.18, 59.17], [785.17, 59.69], [784.87, 59.97], [783.0, 57.19], [784.9, 58.66], [785.42, 58.6], [785.59, 58.3], [785.58, 57.69], [785.37, 57.2], [784.08, 56.81], [785.26, 56.11], [784.88, 55.42], [784.28, 55.34], [784.87, 54.71], [784.92, 54.44], [784.66, 54.45], [784.61, 54.13], [784.2, 53.84], [783.77, 53.84], [783.8, 53.58], [783.05, 52.99], [781.97, 52.73], [781.26, 53.59], [780.87, 53.35], [780.95, 52.9], [780.81, 52.73], [779.8, 53.14], [779.83, 52.84], [778.18, 51.91], [777.36, 52.06], [777.04, 52.41], [776.46, 52.37], [776.32, 53.2], [776.78, 54.16], [776.07, 55.12], [775.02, 54.85], [774.99, 55.04], [775.72, 55.62], [773.76, 55.03], [770.77, 54.99], [768.87, 53.94], [768.91, 53.06], [769.62, 52.99], [769.53, 52.76], [768.9, 52.56], [764.21, 52.11], [763.43, 52.5], [762.31, 52.6], [761.47, 52.92], [761.52, 53.21], [762.04, 53.56], [761.43, 54.12], [761.44, 53.56], [760.94, 53.1], [761.33, 52.34], [760.74, 51.27], [760.44, 51.07], [760.61, 51.59], [760.4, 51.95], [759.41, 52.1], [758.28, 51.62], [758.0, 51.05], [758.49, 50.81], [757.85, 50.71], [757.74, 51.17], [756.53, 50.85], [755.94, 51.21], [755.64, 51.73], [755.77, 52.05], [757.24, 51.81], [757.47, 52.01], [755.93, 53.06], [755.13, 53.0], [754.76, 53.44], [753.64, 53.71], [752.71, 54.26], [750.77, 54.4], [749.6, 55.62], [748.74, 55.86], [749.56, 55.12], [750.34, 53.72], [751.09, 53.63], [752.0, 52.46], [753.41, 52.16], [754.72, 50.79], [755.83, 50.24], [755.98, 49.87], [755.87, 49.62], [760.57, 46.82], [761.57, 45.69], [761.72, 45.05], [760.99, 44.4], [760.58, 44.56], [759.82, 43.47], [761.2, 44.13], [761.35, 44.59], [761.86, 43.39], [761.83, 43.12], [761.42, 43.25], [760.99, 41.8], [760.59, 41.86], [760.82, 42.12], [760.37, 42.43], [760.05, 41.28], [759.55, 41.08], [759.02, 41.3], [759.24, 40.89], [758.78, 40.4], [757.75, 39.92], [753.29, 39.86], [753.05, 39.94], [752.87, 40.54], [752.59, 40.73], [750.75, 40.77], [752.1, 39.08], [751.35, 38.65], [749.66, 38.8], [749.5, 38.78], [749.38, 38.38], [747.44, 38.38], [748.96, 37.82], [749.91, 37.18], [749.35, 36.63], [746.91, 35.84], [744.67, 36.72], [743.04, 37.97], [742.3, 38.83], [742.22, 39.51], [742.51, 39.99], [742.2, 40.71], [738.91, 40.88], [740.56, 42.29], [740.58, 42.77], [738.68, 41.83], [737.08, 42.47], [736.84, 42.87], [736.59, 42.65], [735.34, 43.23], [735.46, 42.82], [734.04, 43.22], [734.62, 42.44], [733.83, 42.2], [732.31, 42.14], [730.95, 42.55], [730.34, 42.36], [730.13, 42.67], [729.9, 42.46], [729.84, 43.15], [730.27, 42.95], [730.77, 43.27], [727.78, 44.22], [725.83, 44.46], [724.95, 45.0], [724.52, 44.96], [723.66, 45.37], [722.07, 46.34], [721.04, 46.18], [720.94, 46.59], [721.76, 46.82], [721.69, 47.11], [720.83, 48.01], [720.5, 48.15], [719.82, 47.61], [719.6, 47.96], [719.31, 47.91], [719.17, 48.29], [720.16, 48.54], [721.4, 49.44], [720.89, 49.59], [720.12, 49.09], [719.8, 49.19], [719.52, 49.63], [720.4, 49.92], [721.4, 51.41], [721.96, 51.68], [721.27, 52.47], [719.24, 52.95], [721.12, 51.63], [720.91, 51.37], [718.95, 51.63], [718.7, 51.98], [718.31, 52.03], [717.61, 51.86], [715.77, 52.24], [713.13, 52.27], [711.11, 52.59], [711.15, 52.97], [710.83, 53.44], [711.06, 54.55], [711.61, 55.12], [711.34, 56.08], [711.63, 57.0], [712.07, 57.4], [713.61, 57.91], [714.46, 59.29], [715.31, 59.49], [715.81, 60.26], [715.84, 60.83], [715.24, 62.61], [716.14, 64.86], [715.78, 65.67], [715.14, 65.95], [715.14, 66.69], [714.8, 66.64], [714.53, 66.18], [715.08, 64.72], [715.04, 63.45], [714.82, 63.21], [714.39, 63.47], [714.1, 64.29], [713.84, 63.03], [713.96, 61.97], [714.97, 61.2], [715.36, 60.33], [715.17, 60.12], [714.63, 59.94], [712.96, 60.13], [711.71, 59.1], [711.56, 58.62], [710.33, 58.07], [709.48, 57.42], [708.07, 57.37], [707.28, 57.63], [706.54, 58.19], [706.46, 58.53], [707.37, 58.59], [707.71, 59.16], [707.64, 59.34], [706.67, 59.6], [705.65, 58.83], [704.37, 59.32], [704.97, 60.77], [706.58, 61.75], [707.69, 61.93], [708.14, 62.91], [708.72, 63.24], [707.88, 63.3], [706.75, 62.33], [705.85, 62.28], [705.75, 62.49], [705.46, 62.19], [703.93, 61.93], [703.32, 61.62], [703.23, 61.26], [703.52, 60.84], [703.57, 60.36], [703.18, 59.72], [703.22, 59.13], [703.41, 59.03], [703.92, 57.77], [703.68, 56.6], [703.28, 55.72], [702.93, 55.48], [702.37, 55.64], [702.84, 56.73], [702.92, 57.89], [702.78, 58.37], [700.79, 59.58], [699.9, 61.19], [700.65, 62.12], [701.85, 64.71], [701.06, 66.33], [700.68, 67.82], [700.65, 68.21], [701.17, 69.39], [701.0, 70.28], [701.31, 70.62], [701.89, 70.5], [702.57, 70.71], [703.5, 70.13], [704.37, 70.14], [706.88, 71.48], [707.39, 74.08], [706.9, 74.36], [706.71, 75.1], [706.8, 76.13], [708.74, 76.8], [707.08, 76.86], [706.18, 76.03], [706.25, 73.23], [705.07, 71.18], [703.04, 71.64], [702.21, 72.08], [701.93, 73.41], [702.46, 74.81], [702.51, 76.06], [701.46, 77.48], [701.02, 79.16], [700.59, 79.7], [698.95, 80.91], [698.81, 81.83], [698.42, 82.14], [697.37, 81.7], [695.85, 81.71], [694.19, 80.68], [693.96, 79.78], [695.19, 79.65], [695.77, 80.31], [696.36, 80.1], [695.91, 80.66], [696.41, 81.03], [697.34, 80.37], [697.63, 80.38], [697.37, 79.25], [697.82, 79.34], [698.09, 79.07], [699.23, 76.77], [699.93, 76.04], [700.03, 74.36], [700.71, 73.15], [700.64, 72.78], [699.54, 71.81], [699.19, 71.19], [699.21, 67.86], [699.01, 65.91], [699.36, 65.18], [699.25, 62.75], [697.28, 65.27], [695.67, 68.1], [688.72, 77.87], [688.28, 79.63], [688.38, 82.08], [687.4, 86.92], [687.74, 89.14], [687.03, 93.65], [687.39, 95.91], [686.77, 100.29], [687.0, 102.68], [686.85, 104.08], [685.67, 108.66], [685.0, 112.9], [684.83, 114.31], [685.14, 118.09], [684.58, 125.09], [684.42, 126.29], [683.65, 128.85], [683.37, 131.17], [681.78, 134.9], [680.68, 139.77], [679.52, 143.53], [676.54, 147.33], [674.21, 149.59], [671.91, 152.92], [669.92, 155.1], [667.34, 158.41], [664.75, 161.45], [664.11, 161.82], [664.55, 162.09], [665.84, 162.3], [666.72, 161.57], [667.96, 161.65], [668.77, 162.58], [668.65, 163.23], [668.96, 164.12], [668.55, 166.3], [669.54, 167.18], [667.87, 167.06], [665.52, 167.67], [664.56, 169.69], [664.88, 170.02], [666.52, 170.7], [665.63, 170.99], [664.51, 170.82], [663.02, 171.39], [663.8, 172.13], [665.15, 172.35], [667.14, 175.17], [667.48, 176.55], [668.28, 176.55], [669.56, 177.89], [670.85, 177.99], [671.18, 178.25], [676.61, 184.65], [677.04, 186.5], [676.72, 184.73], [678.77, 186.18], [680.14, 187.47], [679.68, 187.8], [681.03, 188.8], [680.57, 188.71], [681.13, 189.71], [679.32, 188.4], [678.45, 188.47], [677.34, 187.27], [678.01, 188.59], [679.09, 190.1], [682.55, 194.11], [684.22, 195.8], [683.26, 194.44], [685.28, 194.86], [686.11, 196.38], [686.97, 197.12], [686.17, 197.21], [685.39, 196.78], [685.42, 197.88], [685.89, 198.87], [686.46, 198.4], [688.25, 199.16], [688.61, 199.81], [689.54, 200.7], [690.53, 203.66], [690.82, 206.48], [692.51, 211.73], [692.37, 212.5], [691.08, 212.33], [692.09, 211.91], [691.44, 211.92], [684.48, 213.63], [682.49, 213.68], [678.78, 212.68], [675.94, 210.92], [674.85, 209.57], [671.57, 209.02], [670.65, 208.61], [669.89, 207.69], [669.32, 205.77], [668.85, 202.15], [669.44, 200.6], [669.92, 200.85], [670.01, 201.27], [670.2, 201.12], [670.57, 199.77], [670.97, 199.41], [670.77, 198.06], [671.48, 194.93], [672.74, 194.18], [674.52, 194.26], [673.38, 193.08], [671.83, 192.79], [670.38, 191.74], [669.24, 190.61], [668.51, 189.18], [667.66, 188.36], [666.76, 187.53], [664.26, 185.95], [662.28, 183.92], [660.14, 182.31], [660.04, 181.56], [658.45, 180.43], [658.55, 175.23], [658.3, 175.55], [658.25, 177.23], [656.86, 174.26], [655.38, 173.24], [654.16, 173.03], [653.78, 172.72], [653.6, 172.1], [653.84, 171.22], [654.24, 171.43], [653.66, 169.98], [653.04, 169.28], [652.91, 168.6], [653.12, 168.65], [652.96, 168.28], [654.31, 168.03], [654.18, 167.61], [654.66, 167.85], [653.97, 167.19], [652.12, 168.32], [650.15, 168.34], [643.2, 169.0], [642.63, 168.84], [639.9, 169.1], [639.54, 168.93], [636.72, 169.21], [636.32, 169.11], [630.51, 169.74], [619.02, 172.83], [621.52, 173.48], [624.07, 173.21], [626.0, 174.34], [630.99, 174.2], [637.09, 174.65], [638.71, 175.18], [640.18, 177.06], [641.49, 177.85], [642.57, 178.16], [642.67, 179.41], [642.17, 181.91], [640.83, 182.69], [641.94, 182.55], [640.95, 184.76], [639.71, 186.46], [637.89, 188.14], [631.76, 190.9], [629.52, 190.87], [627.66, 190.26], [622.35, 191.39], [616.06, 190.15], [614.65, 189.25], [612.82, 189.71], [611.71, 188.94], [611.0, 187.68], [610.33, 187.54], [608.56, 188.0], [607.18, 187.58], [606.13, 186.84], [606.1, 186.25], [605.31, 186.1], [604.27, 186.54], [597.54, 186.43], [592.49, 188.07], [588.12, 190.63], [586.84, 192.04], [583.84, 192.84], [580.71, 192.96], [577.92, 193.91], [574.27, 194.4], [574.28, 193.29], [572.4, 193.36], [572.38, 193.87], [573.2, 194.36], [572.93, 195.21], [572.44, 195.35], [572.51, 195.82], [573.49, 195.84], [574.88, 196.4], [576.94, 196.2], [576.97, 196.33], [573.36, 197.32], [572.95, 197.66], [574.37, 198.34], [570.62, 197.77], [570.47, 197.31]]], [[[699.46, 62.14], [699.45, 62.14], [699.35, 62.63], [699.46, 62.14]]], [[[698.95, 62.1], [698.85, 62.12], [698.41, 61.76], [698.03, 62.36], [699.45, 62.14], [698.95, 62.1]]], [[[699.26, 58.24], [699.28, 58.11], [699.1, 58.67], [699.13, 58.9], [699.26, 58.24]]], [[[601.06, 222.65], [597.19, 222.06], [597.0, 224.14], [595.74, 224.28], [594.43, 225.86], [593.89, 225.52], [595.13, 229.42], [597.26, 229.24], [598.05, 230.03], [598.27, 229.01], [600.25, 228.76], [601.84, 226.8], [603.88, 226.63], [602.92, 224.19], [603.06, 223.21], [604.7, 221.18], [606.39, 219.55], [604.26, 220.65], [601.06, 222.65]]], [[[764.82, 342.27], [765.43, 345.18], [765.82, 345.79], [766.28, 346.05], [766.67, 345.92], [767.62, 344.95], [768.23, 343.98], [768.65, 341.93], [768.67, 340.26], [767.66, 336.58], [767.55, 335.36], [767.29, 335.04], [766.61, 331.33], [765.73, 329.5], [765.18, 329.43], [765.3, 330.13], [765.73, 330.29], [766.26, 331.14], [766.15, 331.22], [765.39, 330.44], [765.4, 332.02], [764.61, 336.45], [764.82, 342.27]]], [[[815.1, 371.45], [814.87, 373.26], [815.31, 374.32], [815.12, 375.05], [816.03, 375.93], [816.38, 377.06], [816.33, 379.58], [816.57, 380.18], [816.88, 384.32], [817.41, 384.0], [817.62, 384.56], [817.78, 384.33], [818.0, 384.77], [818.75, 384.18], [819.2, 384.36], [819.32, 383.99], [819.54, 384.71], [819.6, 386.84], [820.33, 385.84], [820.87, 386.19], [821.14, 385.85], [821.51, 385.27], [821.62, 384.18], [822.15, 385.52], [822.61, 385.31], [822.77, 386.42], [823.2, 386.16], [823.41, 385.66], [824.21, 386.69], [824.52, 389.49], [826.64, 387.02], [827.17, 385.01], [826.99, 384.4], [827.3, 384.05], [827.39, 382.49], [827.64, 382.36], [827.68, 381.94], [827.63, 381.06], [827.25, 380.77], [827.45, 380.4], [827.44, 379.25], [827.18, 379.25], [828.0, 377.28], [827.98, 376.59], [828.27, 376.84], [828.81, 375.56], [829.36, 374.89], [829.18, 372.97], [829.29, 370.57], [829.66, 368.45], [830.03, 367.76], [829.95, 366.94], [830.42, 367.82], [830.99, 368.08], [831.59, 367.77], [831.74, 367.36], [829.76, 362.88], [830.25, 361.63], [829.77, 359.79], [829.51, 359.45], [829.62, 359.18], [829.39, 359.0], [829.47, 358.42], [829.01, 357.87], [829.0, 356.87], [828.48, 356.03], [829.18, 356.0], [829.28, 355.56], [829.5, 355.97], [829.76, 355.74], [829.25, 353.83], [829.61, 352.93], [830.17, 353.33], [831.12, 352.78], [831.14, 352.25], [830.46, 350.85], [830.57, 350.16], [831.28, 350.27], [832.08, 349.68], [832.28, 349.26], [832.28, 348.54], [831.11, 347.56], [830.7, 346.65], [830.38, 346.74], [830.12, 345.59], [829.8, 346.07], [829.24, 346.31], [829.5, 345.81], [829.5, 343.78], [828.86, 342.91], [828.73, 341.78], [828.54, 341.65], [828.16, 343.08], [827.98, 343.05], [828.02, 341.72], [827.87, 341.62], [826.39, 347.47], [826.15, 347.82], [825.9, 347.52], [825.59, 348.33], [825.89, 349.27], [825.64, 350.24], [824.95, 350.54], [824.89, 350.01], [823.9, 351.57], [823.15, 351.93], [823.01, 353.36], [821.48, 358.0], [819.3, 359.32], [818.92, 359.8], [818.82, 361.68], [818.45, 361.12], [818.4, 361.36], [818.52, 362.39], [818.08, 365.03], [817.52, 364.93], [816.95, 364.2], [816.54, 364.29], [816.09, 364.0], [815.64, 362.87], [815.19, 363.32], [814.67, 365.15], [814.58, 366.25], [814.79, 366.19], [814.5, 366.7], [814.56, 370.05], [815.1, 371.45]]], [[[797.16, 355.44], [796.96, 354.71], [796.36, 354.01], [796.27, 352.63], [795.67, 350.63], [794.91, 349.13], [794.39, 349.22], [793.79, 348.93], [793.18, 349.13], [792.52, 348.85], [791.58, 347.49], [791.17, 347.41], [790.89, 347.68], [790.94, 348.89], [791.65, 351.57], [793.13, 355.2], [793.78, 355.66], [794.08, 356.24], [794.77, 358.82], [795.1, 359.37], [795.27, 361.46], [795.98, 362.16], [796.87, 363.58], [797.74, 370.08], [798.68, 371.39], [799.01, 372.93], [799.76, 375.02], [800.71, 379.89], [800.77, 381.24], [802.07, 385.52], [802.87, 387.05], [803.63, 389.42], [805.82, 393.4], [807.18, 396.94], [807.32, 396.89], [807.24, 395.29], [807.99, 396.26], [808.45, 395.42], [808.93, 396.49], [809.16, 396.57], [809.38, 393.09], [809.3, 389.46], [809.46, 388.04], [809.31, 387.1], [809.65, 384.92], [808.86, 382.28], [808.53, 381.8], [807.8, 381.76], [807.26, 382.73], [807.58, 380.57], [807.03, 379.39], [806.77, 376.04], [806.49, 376.11], [805.66, 375.39], [805.17, 374.05], [805.29, 373.58], [805.12, 373.14], [805.16, 372.41], [805.79, 371.38], [805.59, 370.34], [805.26, 369.52], [805.02, 369.38], [804.32, 370.24], [804.5, 369.1], [804.18, 368.51], [803.69, 368.37], [803.38, 367.97], [802.75, 365.39], [802.35, 364.62], [801.83, 364.31], [801.07, 361.89], [800.88, 361.73], [800.69, 361.95], [800.8, 363.23], [800.17, 362.18], [798.82, 357.91], [797.16, 355.44]]], [[[810.49, 401.88], [810.42, 403.23], [811.82, 403.67], [812.85, 404.76], [813.76, 405.07], [814.27, 404.51], [815.19, 404.67], [816.49, 405.47], [817.49, 406.58], [819.04, 407.25], [821.04, 407.7], [822.03, 407.17], [823.22, 408.38], [823.79, 408.58], [824.35, 409.25], [823.95, 407.68], [823.98, 406.68], [824.12, 406.67], [824.26, 407.42], [824.74, 407.78], [825.29, 408.93], [825.32, 409.59], [825.6, 408.58], [826.19, 407.68], [825.9, 406.83], [825.29, 406.22], [824.88, 406.74], [823.99, 406.42], [823.95, 405.04], [823.39, 404.36], [822.43, 404.75], [821.59, 404.47], [821.21, 404.01], [821.21, 402.95], [820.95, 402.59], [820.75, 401.32], [819.98, 401.18], [819.02, 400.13], [818.39, 400.29], [818.02, 399.21], [817.79, 399.16], [817.57, 399.57], [817.13, 401.41], [816.08, 401.22], [815.53, 400.82], [815.18, 401.07], [814.14, 400.74], [813.47, 398.48], [813.21, 398.62], [812.44, 398.27], [811.88, 397.25], [811.39, 396.94], [811.32, 397.38], [810.99, 397.77], [809.64, 397.07], [809.36, 397.85], [809.21, 399.31], [808.98, 399.37], [808.63, 400.95], [809.31, 400.98], [810.49, 401.88]]], [[[873.4, 181.99], [869.81, 177.36], [868.37, 175.81], [868.07, 176.29], [868.2, 177.38], [868.98, 179.33], [869.53, 182.42], [869.11, 184.04], [869.09, 185.61], [868.9, 185.94], [868.46, 186.0], [867.5, 185.84], [866.26, 185.18], [866.03, 185.32], [866.82, 186.49], [866.88, 186.92], [866.19, 188.26], [866.5, 189.91], [867.09, 190.84], [867.2, 191.51], [866.99, 193.19], [867.36, 193.63], [867.83, 193.22], [868.34, 191.96], [869.04, 192.31], [869.37, 192.02], [868.47, 190.66], [868.06, 190.59], [867.61, 189.88], [867.67, 188.71], [868.13, 188.74], [868.91, 189.69], [869.75, 188.83], [870.76, 188.73], [872.46, 190.17], [874.51, 191.37], [874.3, 189.51], [874.6, 187.45], [874.9, 187.05], [875.74, 187.18], [876.26, 186.95], [876.89, 186.18], [877.15, 186.19], [877.74, 185.29], [877.41, 185.27], [877.0, 185.72], [876.83, 185.64], [875.56, 181.09], [875.38, 182.91], [874.93, 182.81], [873.97, 182.12], [873.4, 181.99]]], [[[854.5, 224.18], [854.69, 224.06], [855.1, 224.52], [855.74, 224.16], [855.96, 224.28], [856.47, 223.72], [857.4, 223.32], [857.87, 222.52], [858.72, 222.3], [859.29, 222.88], [859.98, 222.94], [859.8, 223.81], [859.43, 224.36], [859.52, 225.57], [860.31, 227.54], [860.81, 227.84], [861.16, 227.51], [861.65, 224.85], [862.57, 224.22], [862.63, 223.75], [861.97, 222.69], [862.17, 221.37], [862.51, 220.83], [862.58, 222.46], [863.35, 222.3], [863.39, 222.6], [862.97, 223.11], [863.92, 222.78], [865.28, 223.1], [865.63, 220.96], [865.88, 220.8], [866.31, 221.23], [866.16, 221.45], [866.34, 222.66], [866.68, 222.98], [866.82, 222.05], [866.66, 220.43], [866.77, 220.13], [867.14, 220.04], [867.57, 220.69], [867.62, 220.24], [867.39, 219.56], [867.69, 218.49], [867.98, 218.45], [868.18, 219.0], [867.71, 220.15], [867.95, 221.54], [868.23, 221.79], [868.98, 220.4], [869.02, 219.16], [869.34, 218.64], [870.01, 218.26], [869.14, 216.05], [869.19, 213.88], [869.57, 212.22], [869.65, 210.71], [869.36, 208.19], [869.6, 206.95], [870.28, 206.68], [870.48, 205.14], [870.79, 204.25], [871.35, 203.68], [871.42, 202.71], [871.45, 200.75], [871.03, 198.6], [870.35, 197.21], [870.09, 193.77], [869.68, 193.98], [868.94, 193.3], [868.81, 193.65], [868.82, 194.89], [869.58, 194.45], [869.78, 195.07], [869.56, 196.02], [869.16, 195.76], [868.83, 196.23], [868.46, 194.64], [867.91, 194.6], [867.94, 196.15], [867.42, 196.63], [867.17, 197.19], [867.29, 198.64], [867.04, 199.66], [866.67, 200.08], [867.29, 200.39], [867.56, 202.32], [866.48, 206.2], [866.38, 207.95], [865.63, 209.06], [865.23, 210.66], [864.65, 211.74], [863.24, 212.88], [863.0, 213.67], [862.83, 213.74], [862.36, 213.37], [862.04, 212.15], [862.85, 210.79], [862.82, 210.42], [861.9, 211.01], [861.65, 211.8], [861.78, 213.78], [860.74, 217.02], [860.91, 217.98], [860.18, 219.11], [859.5, 219.01], [859.3, 218.72], [859.34, 218.16], [859.16, 218.05], [856.89, 219.05], [855.82, 219.25], [855.54, 218.82], [855.0, 219.02], [854.71, 219.43], [854.25, 221.17], [853.58, 222.49], [852.86, 223.8], [852.27, 223.89], [852.08, 224.45], [852.14, 225.68], [852.39, 225.49], [852.68, 225.8], [853.54, 225.35], [854.26, 226.27], [854.5, 224.18]]], [[[836.06, 312.14], [836.54, 311.73], [837.05, 312.37], [837.57, 313.52], [837.94, 314.92], [838.06, 314.06], [837.8, 312.94], [837.78, 311.42], [838.4, 313.11], [838.91, 313.86], [839.15, 315.57], [839.7, 316.13], [840.25, 316.11], [840.14, 317.09], [840.45, 317.61], [840.57, 315.6], [839.97, 315.28], [840.03, 314.59], [839.58, 312.98], [840.02, 312.65], [840.04, 312.16], [839.37, 311.6], [839.17, 311.19], [839.14, 312.16], [838.84, 313.06], [838.5, 310.65], [837.98, 310.1], [837.75, 310.08], [837.33, 310.71], [837.29, 311.76], [837.06, 311.69], [836.57, 310.97], [836.3, 309.39], [836.39, 308.3], [835.88, 305.78], [836.24, 304.29], [836.22, 303.16], [836.56, 302.54], [837.18, 302.08], [837.89, 298.04], [837.69, 297.81], [837.25, 296.11], [837.28, 294.01], [837.51, 292.91], [837.33, 292.13], [836.85, 293.06], [836.21, 292.67], [835.34, 291.64], [834.85, 291.69], [834.48, 292.1], [834.04, 295.84], [834.17, 298.19], [833.96, 300.6], [834.1, 302.18], [834.0, 302.59], [833.68, 302.67], [833.07, 301.47], [832.95, 302.84], [833.18, 303.57], [833.54, 307.81], [833.85, 308.06], [834.19, 309.52], [834.46, 309.39], [834.46, 307.68], [835.08, 308.69], [835.05, 309.35], [834.52, 310.66], [834.56, 312.3], [834.73, 311.89], [834.92, 311.96], [835.36, 312.84], [835.79, 312.97], [836.06, 312.14]]], [[[838.72, 335.37], [838.49, 336.56], [837.6, 337.03], [837.35, 337.47], [836.75, 341.2], [836.98, 341.83], [837.18, 341.74], [838.0, 338.25], [838.3, 338.42], [838.39, 339.25], [838.64, 339.18], [838.82, 338.52], [838.96, 339.25], [839.33, 339.78], [839.51, 338.06], [839.81, 338.01], [840.33, 338.67], [840.74, 339.82], [840.36, 341.55], [840.54, 344.09], [840.77, 344.82], [842.0, 346.36], [842.19, 346.38], [842.54, 345.52], [842.56, 346.87], [842.75, 347.54], [843.32, 345.92], [843.15, 343.82], [842.77, 342.86], [843.29, 340.4], [843.53, 340.09], [844.21, 344.49], [844.16, 342.16], [844.6, 341.47], [844.86, 340.46], [844.89, 339.18], [844.59, 337.95], [844.44, 335.15], [844.05, 334.67], [844.37, 333.6], [844.15, 331.75], [843.97, 331.82], [843.59, 330.73], [842.89, 329.68], [842.95, 332.87], [842.46, 332.82], [842.33, 333.5], [841.86, 333.06], [841.61, 334.81], [841.43, 334.99], [841.06, 334.65], [840.71, 336.24], [839.93, 337.14], [840.16, 336.42], [840.11, 335.37], [839.81, 334.56], [839.39, 334.21], [839.22, 334.78], [838.72, 335.37]]], [[[831.96, 382.25], [831.43, 383.27], [831.5, 385.67], [831.78, 386.77], [832.42, 386.44], [832.65, 386.84], [832.86, 390.58], [832.44, 394.4], [832.63, 395.3], [833.07, 396.03], [833.47, 395.54], [834.08, 395.38], [834.29, 395.59], [834.01, 393.68], [834.25, 391.41], [834.27, 387.5], [833.97, 384.25], [834.65, 383.04], [835.04, 382.94], [835.34, 383.4], [835.34, 385.18], [835.06, 386.7], [835.78, 388.41], [836.31, 389.16], [836.09, 391.25], [836.27, 392.02], [837.05, 392.33], [837.19, 391.08], [837.81, 390.57], [838.25, 390.52], [838.24, 390.22], [838.42, 390.44], [838.55, 390.26], [838.44, 389.04], [838.17, 389.12], [837.97, 388.25], [837.4, 387.13], [837.66, 385.33], [837.48, 384.07], [837.12, 383.39], [836.56, 381.2], [835.83, 379.94], [835.85, 379.42], [836.35, 379.72], [836.71, 378.85], [837.41, 378.26], [838.51, 375.45], [838.76, 375.33], [839.08, 375.89], [839.34, 375.9], [839.43, 374.92], [839.32, 374.37], [838.96, 374.03], [838.37, 374.41], [838.48, 374.82], [837.43, 374.83], [836.69, 375.64], [836.21, 375.14], [835.49, 377.33], [835.3, 377.62], [834.67, 377.47], [834.41, 376.05], [833.97, 375.44], [833.67, 374.37], [833.52, 372.9], [833.72, 370.86], [834.27, 369.39], [835.23, 369.68], [836.07, 369.44], [836.64, 369.7], [838.77, 369.49], [839.1, 370.18], [839.56, 370.29], [840.86, 369.87], [841.25, 369.19], [842.49, 365.13], [842.37, 364.52], [842.05, 364.28], [840.79, 367.19], [840.07, 367.98], [838.69, 367.53], [838.31, 367.94], [837.61, 367.2], [836.15, 366.99], [835.81, 366.23], [835.25, 365.87], [834.9, 366.19], [834.49, 367.91], [834.17, 367.93], [833.91, 367.41], [833.17, 370.55], [833.27, 371.41], [833.03, 371.96], [833.16, 374.08], [832.68, 375.48], [832.34, 377.63], [832.36, 379.87], [831.96, 382.25]]]]}}, {"type": "Feature", "properties": {"id": "africa", "type": "LAND", "name_ru": "Африка", "area_cm2": 285.3, "parts": 2}, "geometry": {"type": "MultiPolygon", "coordinates": [[[[602.79, 272.18], [603.24, 272.38], [603.74, 273.62], [604.25, 273.62], [605.18, 273.23], [606.39, 271.65], [605.94, 271.41], [605.19, 271.96], [604.75, 271.97], [603.17, 271.19], [602.29, 271.28], [601.2, 268.32], [602.12, 264.57], [601.61, 264.69], [601.06, 265.12], [600.01, 264.52], [600.12, 264.97], [599.66, 265.95], [599.36, 265.39], [598.67, 265.38], [598.95, 264.15], [599.68, 264.5], [598.93, 263.83], [597.94, 264.86], [596.65, 264.7], [596.45, 265.51], [595.09, 265.9], [596.19, 265.04], [594.54, 265.71], [594.05, 266.67], [593.15, 266.9], [591.61, 268.25], [590.47, 268.65], [588.62, 267.83], [586.85, 267.8], [586.39, 267.47], [585.43, 267.4], [584.43, 266.74], [583.64, 266.59], [579.94, 266.0], [578.3, 266.51], [577.8, 266.49], [577.05, 265.08], [576.54, 264.68], [574.11, 264.78], [573.03, 264.34], [571.38, 264.37], [570.79, 263.99], [570.72, 262.98], [567.75, 262.1], [565.95, 262.17], [565.26, 262.66], [564.06, 262.75], [562.62, 263.5], [560.98, 264.78], [560.34, 266.14], [560.46, 267.02], [561.06, 268.21], [561.09, 268.58], [560.63, 269.49], [559.22, 270.75], [558.24, 271.17], [557.06, 271.18], [556.17, 270.75], [554.55, 269.46], [553.36, 268.98], [549.9, 268.1], [547.72, 267.96], [546.33, 267.44], [545.63, 266.65], [545.17, 265.54], [545.14, 264.87], [544.53, 264.06], [542.35, 263.77], [541.17, 263.14], [538.28, 262.47], [536.53, 262.89], [534.96, 262.7], [533.4, 261.91], [531.38, 261.43], [531.56, 261.23], [531.21, 261.03], [530.99, 260.38], [530.57, 260.16], [530.37, 260.48], [529.79, 260.54], [529.75, 259.95], [528.89, 260.04], [528.4, 259.83], [527.91, 259.43], [527.55, 258.75], [527.6, 258.23], [529.68, 256.65], [531.09, 254.75], [530.84, 254.44], [530.71, 253.44], [529.34, 252.61], [529.06, 252.13], [529.0, 251.38], [530.02, 250.58], [531.11, 249.29], [530.87, 248.63], [530.53, 248.68], [529.27, 249.29], [528.74, 249.79], [528.35, 249.63], [528.48, 249.35], [528.0, 248.8], [528.03, 248.23], [526.97, 248.1], [527.04, 248.33], [526.82, 248.49], [526.67, 248.24], [526.85, 247.92], [526.35, 247.82], [524.53, 248.3], [523.47, 248.96], [520.45, 249.46], [518.86, 248.78], [518.1, 248.68], [518.21, 249.09], [517.19, 249.27], [516.02, 249.01], [515.73, 248.75], [514.32, 249.46], [511.75, 250.16], [509.96, 249.31], [506.7, 249.3], [505.84, 249.64], [504.02, 249.66], [502.76, 250.29], [498.32, 250.56], [495.2, 251.78], [494.0, 252.88], [492.75, 252.79], [491.12, 253.45], [489.72, 254.45], [487.8, 255.33], [484.71, 255.2], [484.26, 254.26], [483.49, 254.82], [482.86, 254.91], [481.87, 254.68], [479.76, 255.08], [478.77, 254.94], [478.08, 254.69], [476.7, 253.6], [476.42, 253.17], [476.62, 252.64], [476.22, 252.55], [474.47, 253.04], [473.05, 256.41], [471.24, 259.11], [465.88, 261.49], [463.44, 263.76], [463.1, 265.38], [462.02, 266.64], [461.58, 267.61], [461.36, 269.96], [462.09, 270.84], [462.04, 271.96], [459.31, 275.42], [457.34, 276.59], [455.77, 277.93], [454.33, 278.53], [451.13, 279.26], [450.38, 280.11], [449.05, 283.18], [447.08, 284.25], [446.08, 285.1], [445.91, 285.9], [445.01, 287.64], [444.64, 289.9], [441.33, 292.82], [441.06, 293.4], [441.66, 292.83], [441.7, 292.99], [440.3, 295.3], [440.43, 295.51], [439.98, 296.17], [439.8, 296.97], [439.28, 297.84], [438.36, 298.42], [437.9, 299.29], [437.35, 302.77], [437.52, 302.94], [437.68, 302.15], [437.91, 301.9], [438.08, 301.99], [438.93, 303.5], [439.13, 303.6], [439.23, 303.25], [439.57, 303.44], [440.3, 304.85], [440.05, 306.32], [439.52, 307.37], [439.98, 307.23], [439.76, 307.58], [439.29, 307.74], [440.29, 308.94], [440.72, 310.55], [440.9, 312.65], [440.74, 313.78], [439.45, 316.92], [439.1, 319.8], [437.19, 322.52], [435.91, 323.1], [436.21, 323.44], [436.3, 323.2], [436.53, 323.18], [437.12, 323.46], [437.76, 324.24], [438.36, 325.56], [438.94, 325.44], [438.45, 325.89], [439.04, 326.61], [439.23, 327.38], [439.53, 327.73], [440.54, 327.41], [442.89, 327.34], [440.47, 327.63], [440.38, 327.97], [439.62, 328.01], [439.15, 327.9], [438.77, 327.33], [438.5, 327.49], [438.26, 327.78], [438.44, 330.15], [438.66, 330.23], [439.01, 329.86], [439.52, 330.21], [438.74, 330.37], [438.39, 330.67], [438.63, 331.06], [439.55, 331.56], [440.18, 331.45], [439.91, 332.07], [440.54, 332.52], [441.26, 332.45], [441.19, 332.96], [441.6, 333.03], [442.87, 332.42], [444.06, 332.33], [443.62, 332.66], [442.94, 332.66], [442.66, 332.97], [442.95, 333.52], [443.55, 333.28], [444.08, 333.57], [442.89, 333.91], [442.73, 334.2], [443.16, 334.31], [443.01, 334.84], [443.6, 335.04], [443.58, 335.46], [444.14, 335.09], [444.01, 335.53], [444.28, 336.22], [444.69, 335.67], [445.06, 335.79], [445.39, 336.6], [445.67, 336.34], [445.62, 337.07], [446.23, 338.08], [447.08, 338.47], [447.49, 338.43], [447.79, 339.0], [448.24, 339.27], [448.67, 339.13], [448.67, 340.44], [449.08, 340.41], [449.52, 340.82], [450.07, 341.66], [450.07, 342.27], [450.77, 342.63], [450.28, 342.76], [450.37, 343.65], [451.32, 343.47], [450.69, 344.16], [450.11, 343.95], [450.07, 344.15], [450.48, 344.87], [451.12, 345.09], [451.47, 346.18], [451.98, 346.52], [452.7, 346.38], [452.6, 346.68], [452.86, 347.08], [452.69, 347.62], [455.19, 348.61], [456.65, 349.93], [458.12, 350.66], [458.33, 351.18], [460.02, 351.96], [463.82, 355.35], [466.73, 356.91], [469.1, 357.71], [474.51, 355.49], [477.35, 355.09], [476.33, 355.03], [476.61, 354.83], [477.47, 354.85], [477.88, 355.07], [480.75, 354.77], [478.85, 354.74], [480.48, 354.5], [483.04, 355.09], [483.53, 354.35], [483.69, 354.37], [483.64, 354.85], [484.13, 355.09], [483.38, 355.15], [486.2, 355.77], [487.52, 356.33], [489.18, 355.4], [491.52, 354.77], [493.01, 353.86], [495.03, 353.01], [497.33, 352.85], [497.84, 352.04], [498.53, 351.72], [501.77, 351.12], [505.26, 350.89], [505.57, 350.46], [506.52, 350.22], [505.64, 350.79], [508.9, 351.05], [510.33, 352.13], [511.1, 353.0], [511.17, 353.42], [511.37, 353.55], [511.88, 353.2], [511.96, 353.48], [512.31, 353.51], [511.46, 353.78], [512.08, 354.22], [512.62, 353.97], [512.46, 354.29], [512.02, 354.43], [512.02, 354.91], [512.38, 355.04], [512.07, 355.13], [512.44, 356.09], [512.75, 356.74], [514.38, 357.95], [514.81, 357.95], [515.03, 357.47], [515.01, 357.89], [515.97, 357.78], [516.05, 357.32], [516.23, 357.78], [516.98, 357.66], [516.76, 357.34], [516.67, 356.47], [517.19, 357.6], [517.96, 357.18], [517.99, 356.83], [517.69, 356.49], [518.39, 357.06], [518.97, 357.04], [519.21, 356.7], [519.59, 357.14], [521.74, 357.03], [521.85, 356.7], [521.6, 355.8], [522.2, 356.39], [522.66, 356.37], [522.53, 356.86], [522.67, 357.13], [523.06, 357.05], [522.96, 356.64], [523.3, 356.95], [523.82, 357.03], [524.09, 358.6], [525.51, 359.15], [525.76, 358.89], [525.7, 358.67], [526.38, 358.69], [526.22, 359.0], [526.55, 359.37], [526.18, 359.32], [525.94, 359.56], [526.23, 360.18], [526.63, 360.13], [526.32, 360.43], [527.0, 361.18], [527.24, 361.94], [526.82, 363.75], [526.77, 365.78], [526.2, 367.01], [525.74, 367.45], [525.39, 368.44], [526.09, 368.71], [526.15, 370.29], [525.75, 370.01], [525.2, 370.2], [525.18, 370.39], [525.91, 371.22], [526.67, 371.56], [527.42, 371.54], [526.79, 371.78], [526.74, 372.05], [525.65, 371.68], [525.28, 371.08], [525.11, 371.26], [525.23, 372.41], [525.08, 373.38], [524.55, 374.11], [523.91, 374.49], [523.5, 374.55], [523.11, 374.17], [524.31, 376.52], [524.77, 376.8], [525.24, 376.61], [525.08, 377.25], [525.76, 377.38], [525.83, 377.53], [525.16, 377.64], [524.21, 376.55], [524.98, 378.3], [525.7, 378.52], [525.7, 378.75], [525.09, 378.56], [525.87, 379.42], [526.18, 380.1], [527.62, 380.68], [527.42, 380.82], [526.5, 380.43], [528.57, 382.24], [529.55, 383.53], [530.57, 384.41], [530.85, 384.95], [533.32, 387.39], [533.46, 388.02], [534.65, 389.91], [534.58, 390.94], [534.86, 391.52], [535.57, 392.17], [536.92, 391.67], [537.61, 391.7], [536.69, 392.17], [535.01, 392.59], [535.8, 394.14], [536.8, 395.34], [536.93, 396.27], [538.64, 400.04], [538.57, 401.1], [537.56, 402.17], [537.69, 401.81], [537.54, 401.89], [537.38, 402.31], [538.48, 405.46], [539.17, 406.86], [539.78, 407.57], [540.2, 408.97], [539.99, 411.5], [539.66, 412.53], [538.77, 413.85], [537.33, 414.71], [537.04, 415.55], [535.9, 416.92], [534.11, 423.82], [533.73, 424.5], [533.23, 424.88], [533.46, 427.12], [533.14, 430.32], [533.32, 432.12], [534.21, 433.69], [535.6, 435.21], [537.95, 439.37], [538.88, 441.81], [542.25, 446.91], [542.44, 448.1], [542.36, 448.48], [542.17, 448.35], [542.05, 448.64], [542.29, 449.68], [542.38, 452.75], [543.49, 455.5], [543.52, 457.81], [543.92, 459.78], [544.49, 460.42], [544.47, 461.35], [545.18, 463.36], [546.43, 465.28], [548.96, 467.53], [549.82, 468.76], [550.53, 470.07], [551.84, 473.53], [552.93, 475.43], [554.7, 477.84], [555.03, 479.1], [555.08, 480.38], [554.42, 481.2], [554.13, 481.28], [553.89, 481.06], [553.51, 481.46], [553.99, 482.55], [554.88, 483.45], [555.46, 484.44], [555.57, 485.01], [555.2, 485.19], [555.2, 486.02], [555.56, 486.55], [555.69, 485.75], [556.51, 485.65], [556.7, 485.73], [556.78, 486.59], [557.66, 486.53], [558.43, 487.01], [558.32, 487.42], [558.63, 487.39], [559.45, 487.89], [560.73, 488.0], [562.41, 486.91], [563.94, 486.58], [566.6, 486.6], [568.11, 485.58], [569.13, 485.39], [571.51, 485.62], [572.93, 485.33], [575.92, 485.94], [576.69, 485.92], [577.27, 485.26], [579.17, 485.47], [579.38, 485.39], [579.43, 484.85], [579.94, 484.47], [582.01, 484.54], [582.62, 484.37], [584.16, 483.76], [586.77, 482.21], [590.07, 479.67], [592.15, 477.6], [593.77, 476.42], [595.44, 474.4], [598.29, 469.94], [599.77, 468.49], [600.6, 468.17], [601.76, 467.03], [602.28, 466.02], [603.46, 461.46], [603.68, 458.99], [603.33, 459.59], [602.48, 458.72], [603.15, 457.53], [605.0, 456.25], [610.46, 454.22], [611.0, 453.85], [611.93, 452.61], [612.28, 451.45], [611.71, 451.37], [612.38, 448.58], [612.11, 447.57], [612.27, 446.39], [611.99, 445.76], [611.75, 446.9], [611.53, 446.71], [611.37, 444.22], [610.91, 443.37], [610.43, 441.42], [609.51, 440.3], [609.68, 438.14], [609.32, 437.74], [610.0, 438.14], [610.31, 438.11], [611.7, 437.05], [613.32, 435.38], [614.22, 434.88], [614.59, 434.94], [614.68, 434.47], [614.9, 434.72], [615.15, 434.64], [615.61, 433.8], [616.8, 432.51], [616.93, 432.06], [618.84, 430.65], [620.94, 429.56], [622.68, 428.92], [624.06, 428.67], [624.58, 428.07], [626.59, 426.88], [626.41, 426.41], [627.05, 426.17], [627.46, 425.34], [628.95, 423.66], [629.26, 422.95], [629.15, 422.47], [629.87, 421.37], [629.81, 420.27], [629.5, 420.12], [629.24, 420.52], [629.46, 419.42], [629.06, 419.12], [628.95, 415.3], [628.52, 415.3], [628.9, 414.76], [628.99, 414.13], [628.68, 413.66], [628.83, 412.04], [628.4, 409.8], [629.04, 408.12], [628.68, 407.91], [629.08, 407.55], [628.36, 406.55], [627.36, 405.92], [627.03, 405.94], [626.64, 405.48], [626.18, 405.41], [626.37, 405.12], [625.85, 403.45], [625.9, 402.73], [625.27, 401.9], [625.4, 401.63], [625.03, 401.16], [624.78, 400.23], [625.24, 398.79], [625.2, 398.13], [624.87, 397.91], [624.73, 398.05], [624.73, 397.15], [625.58, 395.49], [625.34, 395.0], [624.72, 394.79], [624.18, 393.92], [623.35, 393.19], [623.12, 392.33], [623.17, 391.69], [624.53, 387.68], [625.03, 387.55], [625.41, 387.06], [626.5, 384.75], [626.64, 384.06], [627.48, 382.98], [627.75, 382.21], [627.7, 381.54], [628.03, 380.9], [628.44, 380.65], [629.24, 380.6], [629.8, 380.11], [630.17, 379.45], [630.06, 378.89], [630.26, 378.99], [630.41, 378.65], [630.78, 378.75], [631.7, 378.36], [632.84, 376.9], [633.66, 375.38], [639.44, 369.34], [643.44, 366.17], [647.2, 363.95], [649.95, 361.25], [653.59, 357.21], [657.17, 351.6], [657.8, 349.58], [659.23, 347.32], [659.89, 345.66], [660.73, 344.86], [661.8, 342.73], [663.14, 340.75], [663.56, 337.81], [664.46, 337.51], [665.0, 337.68], [664.98, 337.38], [664.46, 337.1], [664.41, 337.35], [663.91, 337.45], [664.33, 336.75], [664.5, 334.5], [665.31, 332.92], [663.98, 332.47], [663.45, 332.63], [662.79, 333.35], [661.72, 334.06], [658.63, 335.1], [655.3, 335.77], [653.27, 335.77], [649.69, 336.89], [647.03, 336.66], [643.73, 337.9], [641.34, 337.84], [639.79, 337.0], [638.15, 335.47], [637.1, 334.8], [636.27, 334.68], [635.13, 334.82], [635.05, 334.61], [635.42, 334.68], [635.86, 334.19], [637.59, 333.45], [637.86, 332.97], [637.69, 332.36], [638.17, 332.03], [638.65, 331.04], [638.27, 329.56], [639.17, 328.23], [639.23, 327.65], [638.8, 327.03], [639.11, 325.51], [638.98, 323.69], [638.63, 322.85], [637.69, 322.24], [637.94, 321.92], [638.35, 322.24], [638.3, 320.73], [639.21, 319.45], [639.16, 318.97], [637.98, 316.92], [636.71, 312.99], [636.11, 312.02], [635.06, 311.26], [633.57, 308.0], [633.59, 307.36], [630.1, 307.43], [620.13, 308.69], [620.37, 309.58], [618.97, 308.79], [618.23, 306.13], [618.15, 305.1], [618.23, 302.34], [617.9, 300.93], [617.93, 300.44], [618.33, 300.5], [618.33, 300.22], [617.11, 298.71], [616.89, 296.9], [615.28, 295.83], [614.64, 294.97], [613.58, 294.9], [612.85, 294.29], [612.24, 292.41], [612.16, 291.12], [612.28, 290.49], [613.08, 289.77], [612.04, 289.61], [611.05, 288.44], [609.21, 284.0], [606.59, 280.42], [606.01, 278.05], [604.9, 276.62], [604.73, 275.07], [603.72, 275.15], [603.29, 274.93], [601.95, 274.2], [601.68, 273.17], [600.99, 273.11], [601.59, 271.65], [602.0, 272.23], [602.79, 272.18]]], [[[641.21, 435.66], [641.91, 436.84], [641.76, 438.48], [641.21, 440.0], [640.12, 441.62], [639.75, 442.67], [638.76, 443.26], [638.06, 445.18], [637.95, 446.33], [638.29, 448.05], [638.99, 449.01], [639.5, 450.51], [639.25, 451.23], [639.41, 453.32], [640.15, 454.26], [640.57, 455.44], [641.59, 456.2], [643.13, 456.55], [644.45, 457.37], [645.46, 457.34], [647.59, 456.18], [649.48, 455.91], [650.49, 455.33], [650.96, 454.68], [652.2, 451.62], [653.35, 446.92], [654.85, 443.24], [656.73, 437.16], [658.18, 433.16], [658.56, 431.71], [658.48, 429.53], [658.97, 428.52], [659.55, 428.14], [659.44, 427.77], [659.79, 427.04], [659.77, 426.27], [659.37, 425.66], [659.21, 423.81], [659.47, 423.57], [659.97, 423.6], [660.64, 425.06], [661.01, 425.27], [661.91, 423.35], [661.78, 422.56], [661.1, 421.17], [660.89, 418.85], [660.1, 415.58], [658.01, 412.41], [657.67, 412.27], [656.78, 413.5], [656.3, 413.61], [656.74, 414.83], [656.34, 416.28], [655.04, 417.2], [654.55, 417.8], [653.83, 417.39], [653.35, 417.84], [653.37, 418.26], [653.68, 418.6], [652.94, 419.96], [653.07, 420.55], [653.58, 420.98], [652.95, 420.86], [651.97, 422.11], [651.81, 422.07], [652.03, 421.47], [651.92, 421.12], [651.55, 421.3], [650.69, 422.58], [650.71, 423.52], [650.47, 423.58], [650.2, 422.8], [648.63, 423.75], [648.15, 424.41], [648.18, 424.75], [648.51, 425.03], [648.37, 425.12], [647.57, 424.49], [646.05, 424.73], [645.71, 425.34], [644.86, 425.49], [644.46, 425.19], [643.42, 425.96], [641.88, 426.2], [641.82, 427.76], [640.36, 430.07], [640.24, 430.7], [640.57, 433.06], [641.2, 434.55], [641.21, 435.66]]]]}}, {"type": "Feature", "properties": {"id": "australia", "type": "LAND", "name_ru": "Австралия", "area_cm2": 273.2, "parts": 2, "note": "область «Новая Зеландия» нарезается из восточной половины, как в черновике и оригинале"}, "geometry": {"type": "MultiPolygon", "coordinates": [[[[101.56, 294.97], [101.72, 298.28], [102.48, 300.43], [106.2, 304.27], [109.1, 301.59], [109.87, 299.98], [110.51, 300.05], [111.19, 298.17], [108.9, 295.09], [106.82, 296.89], [105.88, 296.58], [104.52, 297.51], [103.39, 297.41], [101.56, 294.97]]], [[[214.81, 395.56], [213.09, 394.72], [211.28, 392.97], [209.67, 390.48], [209.26, 383.74], [208.52, 382.15], [208.24, 382.28], [208.1, 383.61], [205.39, 380.63], [204.99, 381.7], [205.15, 383.55], [204.36, 382.32], [203.75, 382.71], [202.81, 379.52], [202.45, 376.12], [201.8, 375.34], [201.15, 372.66], [198.44, 368.49], [198.69, 367.63], [199.49, 367.73], [198.84, 366.27], [198.01, 365.17], [196.8, 364.73], [193.55, 362.3], [191.87, 359.31], [190.41, 359.42], [189.71, 358.38], [188.09, 357.85], [186.49, 356.24], [186.04, 355.21], [186.23, 353.01], [185.65, 352.67], [184.66, 350.86], [185.15, 345.99], [183.99, 341.67], [184.04, 340.47], [183.22, 340.22], [181.51, 336.6], [181.68, 333.93], [180.71, 329.5], [180.79, 325.42], [177.47, 321.98], [176.56, 319.99], [175.19, 320.52], [173.9, 321.75], [172.83, 320.88], [171.75, 316.24], [171.95, 313.96], [170.99, 307.82], [170.22, 305.97], [169.47, 305.25], [169.83, 302.59], [168.84, 302.31], [168.24, 301.57], [167.76, 296.17], [166.58, 294.33], [166.85, 293.37], [166.08, 293.06], [165.4, 294.41], [164.58, 294.88], [163.5, 303.35], [163.03, 302.75], [162.08, 305.62], [162.03, 306.69], [162.93, 307.35], [163.34, 308.59], [163.29, 309.07], [162.57, 308.88], [161.69, 310.14], [161.86, 312.55], [160.96, 316.67], [161.59, 319.38], [161.22, 321.81], [161.76, 326.29], [160.85, 330.48], [160.65, 334.03], [160.02, 337.04], [158.33, 341.25], [157.62, 344.3], [155.96, 345.91], [153.49, 346.51], [149.4, 343.65], [148.16, 340.37], [144.18, 338.99], [142.46, 337.14], [141.37, 335.28], [137.72, 332.57], [136.59, 332.69], [136.14, 332.24], [136.18, 331.09], [135.55, 331.25], [134.03, 330.21], [133.58, 328.94], [129.67, 325.27], [129.42, 324.01], [131.91, 319.38], [132.28, 317.72], [132.46, 316.76], [132.14, 312.9], [134.04, 311.63], [134.91, 312.29], [135.6, 310.6], [135.31, 308.93], [137.44, 305.61], [137.18, 304.79], [136.25, 304.66], [135.32, 302.61], [134.82, 302.56], [133.81, 304.26], [134.22, 305.27], [133.87, 306.25], [132.94, 306.16], [132.56, 304.4], [132.19, 304.1], [131.18, 304.78], [130.98, 304.54], [131.94, 302.88], [131.65, 302.56], [132.11, 301.6], [128.45, 304.63], [127.47, 304.41], [125.91, 302.81], [124.29, 303.34], [121.62, 301.65], [119.69, 301.53], [117.88, 300.68], [116.72, 298.4], [116.18, 298.28], [115.27, 299.16], [113.46, 297.0], [113.09, 296.85], [112.53, 297.67], [111.52, 296.67], [110.8, 297.6], [112.42, 299.12], [114.19, 299.05], [115.23, 300.25], [115.0, 303.2], [115.43, 303.88], [114.38, 303.96], [113.86, 305.19], [113.04, 304.35], [112.06, 305.08], [111.14, 304.71], [108.8, 305.05], [108.3, 304.54], [108.04, 303.45], [107.67, 304.29], [106.63, 304.57], [106.65, 305.55], [105.87, 305.74], [105.84, 307.2], [105.15, 306.2], [104.56, 306.23], [104.54, 307.88], [103.41, 308.19], [102.98, 309.68], [102.2, 310.25], [102.03, 311.69], [102.68, 312.88], [102.03, 314.0], [100.49, 314.95], [99.82, 318.06], [98.52, 319.85], [98.1, 321.21], [99.29, 322.49], [99.76, 322.47], [99.27, 323.16], [100.54, 324.55], [99.44, 324.72], [99.43, 326.92], [98.51, 325.35], [97.52, 324.87], [97.25, 327.08], [96.99, 325.76], [96.43, 324.97], [93.92, 324.13], [93.06, 324.55], [91.84, 326.19], [92.25, 328.14], [91.74, 327.58], [91.29, 328.37], [91.35, 326.53], [91.97, 323.96], [88.11, 318.46], [85.23, 316.26], [84.57, 316.6], [84.59, 317.87], [83.5, 319.44], [82.63, 318.36], [81.88, 319.46], [81.49, 318.23], [80.81, 318.04], [81.11, 319.09], [80.64, 321.99], [79.97, 322.94], [79.6, 321.8], [79.18, 321.61], [78.78, 322.26], [79.0, 320.44], [78.6, 320.18], [78.35, 321.91], [76.82, 322.68], [76.27, 323.68], [76.6, 325.43], [77.33, 325.97], [77.19, 326.77], [75.54, 325.89], [75.46, 326.4], [74.5, 327.08], [74.86, 328.22], [75.72, 328.2], [75.66, 329.24], [75.42, 329.42], [73.74, 327.95], [73.73, 328.6], [73.06, 329.65], [72.42, 329.63], [72.12, 331.65], [72.76, 333.29], [73.51, 332.01], [73.51, 332.5], [73.14, 334.37], [72.3, 334.52], [72.24, 335.78], [74.15, 336.57], [71.7, 336.46], [70.37, 335.52], [69.41, 336.42], [68.73, 334.97], [68.1, 335.21], [68.19, 336.68], [67.49, 337.25], [69.49, 340.52], [69.26, 342.06], [68.03, 341.37], [67.87, 345.12], [65.68, 340.09], [64.79, 336.83], [64.51, 336.8], [63.49, 339.52], [61.1, 342.17], [60.58, 343.53], [60.51, 345.33], [60.98, 348.54], [61.62, 349.06], [61.54, 349.63], [58.88, 352.42], [56.3, 358.86], [54.53, 361.04], [51.6, 362.85], [47.19, 364.35], [44.69, 364.02], [42.86, 366.06], [39.99, 366.93], [35.86, 369.57], [34.48, 368.96], [32.23, 369.06], [28.61, 371.93], [25.73, 375.46], [21.85, 377.99], [20.12, 381.95], [18.89, 383.03], [19.01, 381.81], [18.64, 380.73], [18.8, 378.03], [18.28, 378.44], [16.51, 384.21], [17.09, 386.33], [16.9, 390.18], [15.51, 393.63], [15.13, 397.95], [16.45, 402.09], [19.27, 408.77], [19.28, 412.12], [18.63, 412.91], [18.12, 412.36], [17.4, 410.02], [16.94, 411.13], [16.72, 410.9], [16.67, 408.61], [15.31, 406.84], [15.02, 407.71], [16.02, 410.66], [17.39, 412.44], [17.31, 413.73], [16.77, 414.45], [15.98, 414.17], [14.81, 410.52], [14.64, 411.77], [13.92, 411.3], [18.3, 420.2], [19.02, 425.8], [20.95, 429.33], [21.42, 431.85], [22.61, 433.92], [23.14, 436.14], [23.19, 440.79], [23.76, 444.75], [26.99, 453.42], [27.13, 458.81], [27.04, 460.09], [26.57, 460.85], [26.91, 464.86], [26.04, 467.45], [25.22, 468.28], [24.3, 468.31], [23.32, 467.33], [23.4, 472.99], [24.02, 473.64], [24.8, 473.35], [26.29, 474.29], [28.49, 477.11], [31.24, 478.58], [36.78, 479.42], [38.24, 479.09], [39.66, 478.57], [43.6, 474.7], [45.44, 474.52], [46.49, 473.85], [47.45, 471.8], [48.59, 470.84], [51.52, 470.75], [56.65, 469.71], [60.06, 470.07], [60.53, 470.97], [63.78, 470.2], [65.29, 470.27], [66.02, 470.94], [66.84, 470.31], [67.58, 470.39], [69.45, 467.95], [71.41, 463.51], [74.08, 462.49], [80.1, 458.02], [87.4, 457.77], [91.28, 456.26], [95.85, 453.48], [102.0, 452.53], [105.4, 452.72], [107.27, 451.9], [110.27, 453.43], [112.84, 455.8], [115.66, 455.42], [118.02, 457.15], [120.38, 457.33], [123.34, 459.94], [123.3, 461.33], [122.64, 461.47], [123.68, 464.65], [125.28, 464.84], [125.86, 465.34], [126.74, 468.18], [128.45, 470.72], [129.66, 475.47], [129.29, 475.6], [128.44, 474.76], [127.96, 475.51], [129.0, 475.94], [130.68, 478.21], [131.44, 477.63], [132.36, 478.53], [131.95, 476.08], [134.75, 471.26], [138.95, 468.2], [140.01, 464.87], [141.82, 462.04], [141.78, 460.17], [142.46, 461.64], [142.87, 464.11], [142.14, 464.92], [142.56, 467.82], [141.09, 469.95], [140.28, 472.26], [140.28, 475.6], [139.75, 478.01], [137.79, 478.03], [137.11, 480.5], [141.31, 479.76], [142.26, 476.59], [142.49, 474.52], [143.37, 472.33], [145.46, 476.87], [145.57, 478.86], [144.99, 481.16], [143.87, 483.35], [145.62, 483.58], [147.46, 482.77], [149.11, 481.33], [149.58, 481.54], [149.8, 481.93], [149.61, 483.34], [149.03, 482.67], [148.46, 483.25], [147.95, 483.11], [150.53, 486.39], [151.9, 489.15], [152.57, 491.37], [151.95, 494.41], [152.19, 495.83], [154.41, 498.86], [155.34, 500.81], [156.57, 501.81], [158.56, 502.18], [160.71, 504.37], [161.59, 504.56], [162.27, 503.67], [163.31, 503.76], [164.68, 504.65], [166.07, 504.55], [170.08, 507.27], [171.7, 507.87], [173.12, 506.93], [174.63, 505.13], [177.56, 503.2], [176.15, 502.64], [178.73, 500.83], [179.92, 502.29], [178.84, 504.22], [177.83, 504.2], [179.09, 505.42], [180.29, 504.53], [180.82, 503.41], [181.77, 503.46], [182.12, 504.6], [181.36, 505.69], [182.45, 506.61], [183.41, 506.69], [184.16, 508.49], [184.86, 507.97], [185.32, 508.21], [186.57, 510.35], [187.01, 509.73], [186.92, 508.02], [186.24, 508.43], [185.63, 507.15], [188.95, 506.66], [191.75, 503.27], [194.25, 501.09], [196.26, 500.3], [202.59, 499.85], [204.3, 498.14], [204.94, 497.99], [205.22, 495.93], [205.08, 492.77], [206.3, 485.04], [208.24, 480.31], [208.88, 480.03], [208.91, 478.99], [209.47, 478.77], [209.82, 474.85], [210.28, 473.3], [211.69, 471.26], [211.13, 471.07], [211.94, 470.47], [212.0, 467.83], [212.73, 467.38], [213.0, 466.05], [214.71, 462.63], [216.54, 461.54], [216.39, 460.93], [216.8, 460.93], [218.13, 459.1], [218.59, 456.1], [219.77, 454.12], [220.59, 451.43], [221.13, 447.4], [221.04, 444.77], [222.3, 439.65], [222.69, 435.05], [224.02, 431.72], [223.87, 427.02], [221.49, 419.03], [221.72, 417.41], [221.32, 412.23], [221.74, 409.63], [221.03, 408.91], [220.47, 407.53], [220.43, 405.57], [219.08, 403.81], [218.06, 400.75], [216.36, 399.19], [214.81, 395.56]]]]}}, {"type": "Feature", "properties": {"id": "antarctica", "type": "LAND", "name_ru": "Антарктида", "area_cm2": 166.4, "parts": 2}, "geometry": {"type": "MultiPolygon", "coordinates": [[[[470.14, 497.94], [468.74, 498.58], [466.1, 498.29], [465.17, 498.51], [465.58, 498.89], [467.43, 499.34], [466.34, 499.55], [463.72, 499.4], [463.75, 499.79], [464.32, 500.11], [464.05, 500.31], [462.04, 499.55], [461.53, 499.83], [461.62, 500.55], [459.73, 500.22], [459.11, 500.58], [458.98, 501.31], [460.57, 502.25], [461.52, 502.22], [462.68, 502.68], [463.9, 502.09], [463.12, 501.48], [463.26, 501.4], [465.52, 501.69], [467.1, 500.53], [468.48, 501.29], [471.14, 501.63], [470.57, 502.14], [468.27, 502.48], [468.9, 503.0], [469.56, 503.14], [471.9, 502.65], [472.78, 502.91], [472.18, 503.29], [471.0, 503.47], [466.03, 503.12], [465.1, 503.63], [465.63, 504.19], [466.58, 504.36], [467.02, 504.68], [470.86, 504.45], [471.88, 504.66], [475.43, 504.14], [475.59, 503.71], [477.21, 502.63], [478.01, 501.29], [477.76, 497.42], [477.45, 497.27], [477.43, 496.73], [475.75, 494.36], [474.88, 492.33], [474.1, 491.28], [473.56, 491.07], [473.11, 491.24], [473.04, 489.84], [472.21, 489.16], [468.34, 489.76], [467.84, 490.0], [467.63, 490.71], [467.78, 491.07], [468.68, 491.69], [468.75, 492.1], [468.32, 493.64], [468.72, 494.21], [470.34, 494.79], [472.45, 494.64], [474.34, 495.59], [472.45, 495.44], [470.5, 496.15], [470.15, 496.64], [470.2, 496.85], [470.88, 497.14], [473.66, 497.5], [473.8, 497.89], [473.67, 498.5], [472.31, 497.79], [470.14, 497.94]]], [[[863.35, 491.96], [862.69, 491.95], [862.1, 492.3], [861.92, 492.9], [861.42, 493.4], [858.59, 493.52], [856.91, 492.97], [855.27, 493.4], [853.93, 494.38], [853.72, 494.96], [853.76, 495.58], [852.85, 496.39], [851.48, 496.83], [851.13, 497.21], [850.31, 498.62], [849.81, 500.5], [849.28, 500.95], [848.05, 501.37], [847.93, 501.72], [846.3, 502.53], [845.22, 503.5], [842.19, 504.06], [841.0, 505.0], [841.0, 506.34], [839.27, 507.2], [837.26, 506.84], [837.07, 506.5], [838.12, 505.79], [839.56, 502.01], [841.18, 499.56], [843.4, 498.14], [844.24, 496.82], [844.41, 495.72], [844.17, 495.34], [842.57, 495.65], [840.92, 495.69], [839.12, 495.09], [841.55, 493.35], [843.06, 493.69], [843.96, 493.47], [844.24, 492.62], [843.42, 491.88], [843.49, 491.49], [844.73, 491.33], [845.42, 490.93], [845.15, 490.1], [845.46, 489.73], [845.2, 489.43], [845.16, 488.95], [846.36, 487.86], [845.35, 486.16], [845.49, 485.46], [845.23, 485.05], [841.95, 485.56], [838.88, 485.07], [834.97, 484.87], [829.61, 484.03], [828.38, 484.11], [826.92, 484.59], [823.25, 484.16], [821.04, 483.54], [817.76, 483.94], [816.39, 482.92], [813.43, 482.06], [811.12, 482.29], [809.51, 483.06], [808.57, 482.8], [810.14, 481.9], [810.38, 481.44], [810.31, 481.12], [809.49, 480.5], [809.88, 480.41], [811.29, 480.85], [812.26, 480.45], [811.39, 479.69], [810.06, 479.49], [807.21, 477.82], [802.89, 477.43], [798.13, 478.08], [793.99, 479.78], [793.76, 480.41], [793.92, 481.01], [794.5, 481.28], [794.72, 482.6], [794.58, 482.78], [793.12, 482.7], [791.1, 481.77], [789.99, 481.75], [789.02, 482.17], [789.68, 482.87], [791.03, 482.91], [789.46, 484.08], [789.51, 485.18], [789.25, 485.71], [788.78, 485.95], [788.64, 485.14], [788.34, 484.8], [787.67, 484.64], [786.42, 484.91], [785.43, 484.29], [786.19, 483.64], [786.05, 483.45], [783.94, 483.07], [783.29, 483.61], [783.3, 483.91], [783.61, 484.13], [783.51, 484.47], [781.3, 484.95], [780.31, 484.92], [778.11, 485.85], [774.35, 486.38], [772.88, 487.41], [770.07, 488.06], [768.64, 488.89], [767.03, 489.22], [766.1, 489.87], [765.67, 491.7], [763.42, 494.02], [763.49, 494.69], [762.46, 494.22], [761.51, 493.3], [760.56, 492.9], [758.77, 493.24], [757.36, 492.55], [754.09, 492.73], [753.73, 492.55], [753.49, 491.95], [752.06, 490.38], [749.97, 490.4], [749.86, 490.08], [751.05, 489.16], [750.98, 488.81], [749.05, 488.68], [748.13, 488.76], [746.85, 489.48], [746.65, 490.3], [747.55, 491.51], [747.78, 492.5], [747.3, 493.64], [746.8, 494.0], [743.49, 494.9], [739.82, 495.2], [736.91, 496.33], [730.48, 498.08], [729.08, 498.15], [725.84, 497.57], [724.85, 496.82], [724.85, 496.15], [723.89, 495.65], [723.3, 495.62], [722.93, 496.3], [722.24, 496.89], [721.1, 497.24], [719.23, 496.78], [719.11, 496.57], [719.55, 496.25], [719.47, 495.9], [718.39, 495.2], [717.71, 495.03], [716.73, 495.98], [716.02, 497.37], [711.59, 497.67], [711.2, 497.61], [710.57, 496.7], [711.02, 495.17], [710.52, 494.85], [708.99, 495.16], [708.45, 496.07], [708.16, 496.16], [704.39, 495.59], [704.06, 494.82], [703.52, 494.58], [702.57, 494.77], [701.99, 495.3], [696.7, 495.37], [695.3, 494.92], [694.68, 494.21], [693.51, 494.26], [693.43, 494.47], [694.32, 494.85], [693.07, 495.48], [691.05, 497.07], [689.1, 496.75], [687.09, 496.03], [685.48, 495.08], [684.23, 494.73], [683.36, 495.56], [682.58, 495.9], [680.32, 495.43], [679.59, 495.98], [673.49, 496.62], [664.95, 498.01], [661.3, 499.1], [658.42, 500.85], [657.84, 500.52], [657.48, 499.4], [657.02, 499.06], [656.62, 499.14], [656.26, 499.55], [654.5, 499.73], [652.91, 499.28], [649.97, 499.5], [643.56, 499.3], [643.66, 498.62], [644.97, 497.43], [644.69, 496.98], [644.05, 496.85], [641.64, 497.38], [640.18, 497.15], [639.2, 497.37], [638.88, 497.76], [639.56, 498.49], [639.64, 498.89], [639.31, 500.19], [638.77, 500.54], [636.82, 500.69], [635.27, 498.7], [632.95, 497.71], [632.5, 497.74], [632.26, 497.93], [632.33, 498.1], [633.13, 498.52], [631.83, 499.18], [631.02, 500.21], [630.63, 500.24], [628.08, 499.15], [626.95, 499.56], [627.49, 500.45], [629.66, 501.14], [630.53, 501.03], [630.66, 501.61], [629.23, 503.65], [625.9, 504.52], [624.67, 505.14], [621.76, 504.93], [622.56, 506.0], [621.7, 506.49], [619.87, 506.19], [618.3, 506.39], [616.07, 507.7], [615.84, 508.58], [617.4, 509.03], [616.48, 509.47], [616.64, 509.66], [617.9, 509.78], [620.93, 509.41], [621.03, 509.75], [618.1, 511.63], [616.08, 511.3], [613.4, 511.52], [611.31, 513.9], [610.52, 514.21], [609.9, 514.97], [610.52, 515.56], [611.09, 515.73], [607.92, 516.16], [605.27, 515.97], [604.48, 516.38], [602.75, 516.73], [601.41, 516.69], [601.24, 514.8], [587.91, 517.2], [577.25, 521.2], [569.06, 523.7], [568.73, 524.01], [563.93, 525.6], [545.28, 526.8], [541.48, 526.31], [538.53, 525.53], [534.54, 525.16], [533.73, 525.31], [526.62, 524.4], [510.63, 519.2], [497.28, 511.91], [498.1, 511.23], [497.88, 510.96], [496.42, 511.31], [495.06, 511.16], [495.79, 510.78], [496.7, 510.83], [497.2, 510.49], [496.46, 510.14], [495.07, 510.13], [495.46, 509.7], [496.23, 509.58], [496.77, 509.83], [497.57, 509.48], [497.87, 508.85], [497.63, 508.45], [497.1, 508.15], [496.23, 507.87], [495.61, 508.0], [495.21, 507.02], [494.62, 506.59], [496.17, 506.77], [497.09, 507.31], [497.59, 507.28], [498.48, 506.85], [499.65, 507.1], [500.09, 506.12], [499.95, 505.75], [498.95, 506.03], [498.55, 505.33], [498.55, 504.69], [497.47, 504.8], [496.55, 504.4], [496.56, 503.87], [498.03, 503.7], [498.2, 503.45], [498.06, 502.29], [496.48, 502.45], [493.96, 502.07], [494.81, 501.61], [497.21, 501.28], [497.44, 500.99], [497.32, 500.65], [496.74, 500.26], [495.81, 500.7], [494.75, 500.63], [497.3, 499.28], [497.41, 498.98], [496.64, 498.01], [496.47, 497.47], [494.75, 497.6], [494.54, 497.21], [494.66, 496.91], [495.45, 496.7], [496.0, 496.28], [495.96, 495.96], [494.64, 495.99], [493.64, 495.46], [494.06, 494.93], [494.61, 495.12], [494.82, 494.8], [494.75, 494.48], [494.1, 494.11], [493.56, 493.31], [493.44, 492.34], [493.08, 491.91], [491.99, 491.32], [490.76, 490.17], [490.7, 489.8], [491.06, 489.24], [489.99, 488.82], [489.92, 488.53], [492.16, 487.77], [489.51, 487.99], [488.86, 488.33], [489.1, 489.08], [486.92, 488.69], [486.0, 488.33], [486.66, 487.63], [485.44, 487.35], [487.1, 486.51], [487.04, 486.33], [484.94, 486.52], [485.4, 486.04], [485.05, 485.5], [485.53, 484.64], [485.31, 484.11], [485.31, 483.51], [485.72, 483.24], [487.13, 483.23], [487.03, 482.97], [486.58, 482.86], [487.22, 482.49], [486.97, 482.1], [487.48, 481.23], [489.2, 481.71], [489.97, 481.49], [489.82, 481.04], [489.11, 480.62], [490.23, 479.53], [489.97, 479.11], [491.29, 479.06], [492.97, 480.82], [493.21, 480.83], [493.2, 480.48], [492.9, 480.22], [492.91, 479.45], [492.63, 479.24], [492.83, 478.95], [494.33, 478.84], [494.98, 479.18], [495.06, 479.61], [495.29, 479.72], [495.51, 479.0], [496.16, 478.58], [496.91, 478.85], [496.95, 479.16], [497.23, 479.35], [497.57, 478.76], [497.28, 478.44], [497.69, 478.26], [497.99, 478.42], [498.47, 477.92], [497.54, 477.68], [497.2, 477.97], [496.6, 477.92], [496.35, 478.24], [494.63, 478.45], [494.19, 478.13], [493.83, 477.36], [494.67, 476.36], [495.29, 476.28], [494.5, 475.83], [494.26, 475.33], [494.78, 474.77], [495.54, 474.95], [495.77, 474.74], [495.35, 474.13], [495.43, 473.95], [496.42, 474.1], [497.15, 473.93], [499.07, 472.2], [500.07, 471.73], [500.6, 471.81], [500.68, 472.24], [500.92, 472.33], [501.11, 472.12], [501.01, 471.76], [501.41, 471.38], [503.21, 472.1], [502.89, 471.41], [503.17, 471.17], [502.51, 470.94], [503.07, 470.75], [504.6, 469.05], [506.42, 468.19], [507.56, 467.92], [507.65, 468.55], [508.41, 468.52], [508.55, 468.29], [508.16, 468.02], [507.76, 467.05], [506.93, 466.91], [504.73, 467.81], [502.98, 468.21], [502.54, 468.68], [501.28, 469.28], [497.67, 470.29], [497.09, 471.26], [496.25, 471.71], [495.62, 472.42], [493.99, 472.99], [493.57, 472.57], [493.3, 472.63], [493.11, 473.02], [493.24, 473.33], [491.66, 473.77], [491.82, 474.56], [489.95, 474.13], [489.21, 474.72], [489.18, 475.67], [489.85, 475.92], [489.8, 476.13], [488.14, 476.56], [488.27, 476.83], [488.05, 477.12], [487.59, 476.99], [487.57, 477.47], [487.94, 477.84], [487.68, 478.08], [486.37, 477.83], [485.94, 477.98], [486.19, 478.47], [485.0, 478.54], [484.58, 479.15], [484.84, 479.61], [484.61, 480.5], [483.17, 480.37], [482.64, 480.76], [482.65, 483.16], [482.36, 482.83], [481.58, 483.02], [481.44, 481.94], [481.23, 481.78], [480.0, 482.45], [479.76, 483.74], [479.87, 484.14], [480.99, 483.94], [482.18, 484.24], [481.54, 484.77], [480.92, 486.1], [481.87, 486.96], [481.21, 487.81], [481.01, 488.3], [481.17, 488.69], [480.96, 489.08], [480.52, 489.08], [480.28, 489.44], [481.26, 490.11], [481.39, 490.64], [480.51, 491.27], [480.33, 491.65], [478.28, 491.39], [476.77, 491.73], [477.4, 492.58], [477.58, 494.08], [478.95, 495.69], [479.47, 496.74], [479.97, 498.23], [479.91, 499.14], [480.09, 500.11], [481.45, 501.59], [481.78, 502.36], [480.5, 504.44], [479.54, 505.34], [475.24, 506.68], [465.52, 507.79], [462.68, 508.8], [461.08, 508.86], [459.22, 508.56], [456.56, 509.22], [454.54, 509.38], [454.31, 509.27], [455.3, 508.27], [455.07, 507.84], [452.56, 508.07], [449.1, 516.16], [445.93, 525.11], [446.68, 525.2], [446.68, 526.24], [445.62, 526.03], [444.66, 528.96], [445.9, 529.29], [446.68, 529.25], [446.68, 531.08], [445.37, 531.28], [445.25, 532.05], [444.3, 532.01], [443.81, 531.63], [441.22, 540.0], [881.03, 540.0], [874.83, 515.45], [870.34, 499.98], [866.98, 490.43], [866.5, 490.7], [865.57, 490.82], [863.35, 491.96]]]]}}, {"type": "Feature", "properties": {"id": "ocean", "type": "OCEAN", "name_ru": "Мировой океан", "area_cm2": 2590.9, "note": "одним объектом: деление на шесть океанов — этап областей"}, "geometry": {"type": "Polygon", "coordinates": [[[890.0, 10.0], [10.0, 10.0], [10.0, 540.0], [441.22, 540.0], [443.81, 531.63], [444.3, 532.01], [445.25, 532.05], [445.37, 531.28], [446.68, 531.08], [446.68, 529.25], [445.9, 529.29], [444.66, 528.96], [445.62, 526.03], [446.68, 526.24], [446.68, 525.2], [445.93, 525.11], [449.1, 516.16], [452.56, 508.07], [455.07, 507.84], [455.3, 508.27], [454.31, 509.27], [454.54, 509.38], [456.56, 509.22], [459.22, 508.56], [461.08, 508.86], [462.68, 508.8], [465.52, 507.79], [475.24, 506.68], [479.54, 505.34], [480.5, 504.44], [481.78, 502.36], [481.45, 501.59], [480.09, 500.11], [479.91, 499.14], [479.97, 498.23], [479.47, 496.74], [478.95, 495.69], [477.58, 494.08], [477.4, 492.58], [476.77, 491.73], [478.28, 491.39], [480.33, 491.65], [480.51, 491.27], [481.39, 490.64], [481.26, 490.11], [480.28, 489.44], [480.52, 489.08], [480.96, 489.08], [481.17, 488.69], [481.01, 488.3], [481.21, 487.81], [481.87, 486.96], [480.92, 486.1], [481.54, 484.77], [482.18, 484.24], [480.99, 483.94], [479.87, 484.14], [479.76, 483.74], [480.0, 482.45], [481.23, 481.78], [481.44, 481.94], [481.58, 483.02], [482.36, 482.83], [482.65, 483.16], [482.64, 480.76], [483.17, 480.37], [484.61, 480.5], [484.84, 479.61], [484.58, 479.15], [485.0, 478.54], [486.19, 478.47], [485.94, 477.98], [486.37, 477.83], [487.68, 478.08], [487.94, 477.84], [487.57, 477.47], [487.59, 476.99], [488.05, 477.12], [488.27, 476.83], [488.14, 476.56], [489.8, 476.13], [489.85, 475.92], [489.18, 475.67], [489.21, 474.72], [489.95, 474.13], [491.82, 474.56], [491.66, 473.77], [493.24, 473.33], [493.11, 473.02], [493.3, 472.63], [493.57, 472.57], [493.99, 472.99], [495.62, 472.42], [496.25, 471.71], [497.09, 471.26], [497.67, 470.29], [501.28, 469.28], [502.54, 468.68], [502.98, 468.21], [504.73, 467.81], [506.93, 466.91], [507.76, 467.05], [508.16, 468.02], [508.55, 468.29], [508.41, 468.52], [507.65, 468.55], [507.56, 467.92], [506.42, 468.19], [504.6, 469.05], [503.07, 470.75], [502.51, 470.94], [503.17, 471.17], [502.89, 471.41], [503.21, 472.1], [501.41, 471.38], [501.01, 471.76], [501.11, 472.12], [500.92, 472.33], [500.68, 472.24], [500.6, 471.81], [500.07, 471.73], [499.07, 472.2], [497.15, 473.93], [496.42, 474.1], [495.43, 473.95], [495.35, 474.13], [495.77, 474.74], [495.54, 474.95], [494.78, 474.77], [494.26, 475.33], [494.5, 475.83], [495.29, 476.28], [494.67, 476.36], [493.83, 477.36], [494.19, 478.13], [494.63, 478.45], [496.35, 478.24], [496.6, 477.92], [497.2, 477.97], [497.54, 477.68], [498.47, 477.92], [497.99, 478.42], [497.69, 478.26], [497.28, 478.44], [497.57, 478.76], [497.23, 479.35], [496.95, 479.16], [496.91, 478.85], [496.16, 478.58], [495.51, 479.0], [495.29, 479.72], [495.06, 479.61], [494.98, 479.18], [494.33, 478.84], [492.83, 478.95], [492.63, 479.24], [492.91, 479.45], [492.9, 480.22], [493.2, 480.48], [493.21, 480.83], [492.97, 480.82], [491.29, 479.06], [489.97, 479.11], [490.23, 479.53], [489.11, 480.62], [489.82, 481.04], [489.97, 481.49], [489.2, 481.71], [487.48, 481.23], [486.97, 482.1], [487.22, 482.49], [486.58, 482.86], [487.03, 482.97], [487.13, 483.23], [485.72, 483.24], [485.31, 483.51], [485.31, 484.11], [485.53, 484.64], [485.05, 485.5], [485.4, 486.04], [484.94, 486.52], [487.04, 486.33], [486.93, 486.67], [485.44, 487.35], [486.66, 487.63], [486.0, 488.33], [486.92, 488.69], [489.1, 489.08], [488.86, 488.33], [489.51, 487.99], [492.16, 487.77], [489.92, 488.53], [489.99, 488.82], [491.06, 489.24], [490.7, 489.8], [490.76, 490.17], [491.99, 491.32], [493.08, 491.91], [493.44, 492.34], [493.56, 493.31], [494.1, 494.11], [494.75, 494.48], [494.82, 494.8], [494.61, 495.12], [494.06, 494.93], [493.64, 495.46], [494.64, 495.99], [495.96, 495.96], [496.0, 496.28], [495.45, 496.7], [494.66, 496.91], [494.54, 497.21], [494.75, 497.6], [496.47, 497.47], [496.64, 498.01], [497.41, 498.98], [497.3, 499.28], [494.75, 500.63], [495.81, 500.7], [496.74, 500.26], [497.32, 500.65], [497.44, 500.99], [497.21, 501.28], [494.81, 501.61], [493.96, 502.07], [496.48, 502.45], [498.06, 502.29], [498.2, 503.45], [498.03, 503.7], [496.56, 503.87], [496.55, 504.4], [497.47, 504.8], [498.55, 504.69], [498.55, 505.33], [498.95, 506.03], [499.95, 505.75], [500.09, 506.12], [499.65, 507.1], [498.48, 506.85], [497.59, 507.28], [497.09, 507.31], [496.17, 506.77], [494.62, 506.59], [495.21, 507.02], [495.61, 508.0], [496.23, 507.87], [497.1, 508.15], [497.63, 508.45], [497.87, 508.85], [497.57, 509.48], [496.77, 509.83], [496.23, 509.58], [495.46, 509.7], [495.07, 510.13], [496.46, 510.14], [497.2, 510.49], [496.7, 510.83], [495.79, 510.78], [495.06, 511.16], [496.42, 511.31], [497.88, 510.96], [498.1, 511.23], [497.28, 511.91], [510.63, 519.2], [526.62, 524.4], [533.73, 525.31], [534.54, 525.16], [538.53, 525.53], [541.48, 526.31], [545.28, 526.8], [563.93, 525.6], [568.73, 524.01], [569.06, 523.7], [577.25, 521.2], [587.91, 517.2], [601.24, 514.8], [601.41, 516.69], [602.75, 516.73], [604.48, 516.38], [605.27, 515.97], [607.92, 516.16], [611.09, 515.73], [610.52, 515.56], [609.9, 514.97], [610.52, 514.21], [611.31, 513.9], [613.4, 511.52], [616.08, 511.3], [618.1, 511.63], [621.03, 509.75], [620.93, 509.41], [617.9, 509.78], [616.64, 509.66], [616.48, 509.47], [617.4, 509.03], [615.84, 508.58], [616.07, 507.7], [618.3, 506.39], [619.87, 506.19], [621.7, 506.49], [622.56, 506.0], [621.76, 504.93], [624.67, 505.14], [625.9, 504.52], [629.23, 503.65], [630.66, 501.61], [630.53, 501.03], [629.66, 501.14], [627.49, 500.45], [626.95, 499.56], [628.08, 499.15], [630.63, 500.24], [631.02, 500.21], [631.83, 499.18], [633.13, 498.52], [632.33, 498.1], [632.26, 497.93], [632.5, 497.74], [632.95, 497.71], [635.27, 498.7], [636.82, 500.69], [638.77, 500.54], [639.31, 500.19], [639.64, 498.89], [639.56, 498.49], [638.88, 497.76], [639.2, 497.37], [640.18, 497.15], [641.64, 497.38], [644.05, 496.85], [644.69, 496.98], [644.97, 497.43], [643.66, 498.62], [643.56, 499.3], [649.97, 499.5], [652.91, 499.28], [654.5, 499.73], [656.26, 499.55], [656.62, 499.14], [657.02, 499.06], [657.48, 499.4], [657.84, 500.52], [658.42, 500.85], [661.3, 499.1], [664.95, 498.01], [673.49, 496.62], [679.59, 495.98], [680.32, 495.43], [682.58, 495.9], [683.36, 495.56], [684.23, 494.73], [685.48, 495.08], [687.09, 496.03], [689.1, 496.75], [691.05, 497.07], [693.07, 495.48], [694.32, 494.85], [693.43, 494.47], [693.51, 494.26], [694.68, 494.21], [695.3, 494.92], [696.7, 495.37], [701.99, 495.3], [702.57, 494.77], [703.52, 494.58], [704.06, 494.82], [704.39, 495.59], [708.16, 496.16], [708.45, 496.07], [708.99, 495.16], [710.52, 494.85], [711.02, 495.17], [710.57, 496.7], [711.2, 497.61], [711.59, 497.67], [716.02, 497.37], [716.73, 495.98], [717.71, 495.03], [718.39, 495.2], [719.47, 495.9], [719.55, 496.25], [719.11, 496.57], [719.23, 496.78], [721.1, 497.24], [722.24, 496.89], [722.93, 496.3], [723.3, 495.62], [723.89, 495.65], [724.85, 496.15], [724.85, 496.82], [725.84, 497.57], [729.08, 498.15], [730.48, 498.08], [736.91, 496.33], [739.82, 495.2], [743.49, 494.9], [746.8, 494.0], [747.3, 493.64], [747.78, 492.5], [747.55, 491.51], [746.65, 490.3], [746.85, 489.48], [748.13, 488.76], [749.05, 488.68], [750.98, 488.81], [751.05, 489.16], [749.86, 490.08], [749.97, 490.4], [752.06, 490.38], [753.49, 491.95], [753.73, 492.55], [754.09, 492.73], [757.36, 492.55], [758.77, 493.24], [760.56, 492.9], [761.51, 493.3], [762.46, 494.22], [763.49, 494.69], [763.42, 494.02], [765.67, 491.7], [766.1, 489.87], [767.03, 489.22], [768.64, 488.89], [770.07, 488.06], [772.88, 487.41], [774.35, 486.38], [778.11, 485.85], [780.31, 484.92], [781.3, 484.95], [783.51, 484.47], [783.61, 484.13], [783.3, 483.91], [783.29, 483.61], [783.94, 483.07], [786.05, 483.45], [786.19, 483.64], [785.43, 484.29], [786.42, 484.91], [787.67, 484.64], [788.34, 484.8], [788.64, 485.14], [788.78, 485.95], [789.25, 485.71], [789.51, 485.18], [789.46, 484.08], [791.03, 482.91], [789.68, 482.87], [789.02, 482.17], [789.99, 481.75], [791.1, 481.77], [793.12, 482.7], [794.58, 482.78], [794.72, 482.6], [794.5, 481.28], [793.92, 481.01], [793.76, 480.41], [793.99, 479.78], [798.13, 478.08], [802.89, 477.43], [807.21, 477.82], [810.06, 479.49], [811.39, 479.69], [812.26, 480.45], [811.29, 480.85], [809.88, 480.41], [809.49, 480.5], [810.31, 481.12], [810.38, 481.44], [810.14, 481.9], [808.57, 482.8], [809.51, 483.06], [811.12, 482.29], [813.43, 482.06], [816.39, 482.92], [817.76, 483.94], [821.04, 483.54], [823.25, 484.16], [826.92, 484.59], [828.38, 484.11], [829.61, 484.03], [834.97, 484.87], [838.88, 485.07], [841.95, 485.56], [845.23, 485.05], [845.49, 485.46], [845.35, 486.16], [846.36, 487.86], [845.16, 488.95], [845.2, 489.43], [845.46, 489.73], [845.15, 490.1], [845.42, 490.93], [844.73, 491.33], [843.49, 491.49], [843.42, 491.88], [844.24, 492.62], [843.96, 493.47], [843.06, 493.69], [841.55, 493.35], [839.12, 495.09], [840.92, 495.69], [842.57, 495.65], [844.17, 495.34], [844.41, 495.72], [844.24, 496.82], [843.4, 498.14], [841.18, 499.56], [839.56, 502.01], [838.12, 505.79], [837.07, 506.5], [837.26, 506.84], [839.27, 507.2], [841.0, 506.34], [841.0, 505.0], [842.19, 504.06], [845.22, 503.5], [846.3, 502.53], [847.93, 501.72], [848.05, 501.37], [849.28, 500.95], [849.81, 500.5], [850.31, 498.62], [851.13, 497.21], [851.48, 496.83], [852.85, 496.39], [853.76, 495.58], [853.72, 494.96], [853.93, 494.38], [855.27, 493.4], [856.91, 492.97], [858.59, 493.52], [861.42, 493.4], [861.92, 492.9], [862.1, 492.3], [862.69, 491.95], [863.35, 491.96], [865.57, 490.82], [866.5, 490.7], [866.98, 490.43], [869.45, 497.24], [873.03, 508.94], [876.62, 522.29], [881.03, 540.0], [890.0, 540.0], [890.0, 10.0]], [[210.81, 38.94], [209.93, 38.59], [208.93, 38.59], [207.94, 38.32], [209.74, 38.23], [208.52, 37.72], [208.54, 37.36], [212.93, 37.79], [212.1, 37.33], [210.23, 37.1], [210.88, 36.72], [215.45, 36.47], [215.45, 36.23], [213.81, 36.19], [213.49, 36.02], [215.75, 35.83], [218.62, 36.15], [222.49, 37.51], [222.59, 37.74], [224.57, 37.97], [225.91, 37.89], [226.4, 38.07], [226.24, 38.2], [226.39, 38.32], [226.27, 38.56], [227.83, 38.86], [227.65, 38.25], [228.96, 38.15], [230.1, 38.29], [230.26, 38.75], [229.59, 38.98], [231.35, 39.11], [231.93, 39.48], [231.4, 40.24], [233.58, 40.12], [234.41, 40.5], [235.31, 40.18], [236.84, 40.97], [232.0, 41.71], [230.35, 42.44], [229.57, 42.25], [229.42, 41.62], [229.25, 41.65], [228.95, 41.8], [228.95, 42.27], [228.75, 42.45], [229.39, 42.59], [229.45, 42.79], [229.04, 42.93], [227.53, 42.67], [227.9, 43.14], [227.37, 43.64], [226.68, 43.59], [224.31, 42.63], [224.23, 42.79], [225.69, 43.68], [222.91, 43.24], [222.87, 43.4], [223.57, 43.65], [220.83, 43.64], [218.45, 43.34], [217.17, 42.97], [218.06, 42.9], [218.05, 42.69], [216.1, 42.6], [215.14, 42.25], [215.39, 42.23], [215.4, 42.07], [213.77, 41.7], [217.53, 41.19], [217.88, 40.96], [218.68, 40.9], [218.68, 40.75], [217.19, 40.56], [214.37, 40.93], [213.93, 40.87], [214.27, 40.63], [211.4, 40.92], [209.79, 40.6], [209.98, 40.34], [210.96, 40.25], [210.96, 40.06], [209.47, 39.98], [207.89, 39.53], [207.01, 38.77], [210.81, 38.94]], [[238.03, 41.48], [239.39, 41.27], [236.27, 40.05], [234.35, 39.91], [233.35, 39.61], [232.82, 38.92], [233.09, 38.58], [233.57, 38.43], [240.12, 38.66], [245.33, 40.01], [246.93, 40.11], [246.95, 39.97], [241.97, 38.43], [247.05, 38.15], [255.05, 37.27], [255.05, 37.04], [252.79, 36.94], [253.83, 36.43], [253.76, 36.22], [251.57, 36.53], [250.14, 37.19], [246.98, 37.64], [242.22, 37.81], [243.34, 37.5], [243.32, 37.37], [240.91, 37.48], [238.84, 37.9], [236.5, 37.94], [232.77, 37.66], [233.69, 37.28], [236.11, 36.83], [236.08, 36.64], [234.88, 36.69], [230.96, 37.56], [229.99, 37.59], [226.93, 37.22], [226.07, 36.96], [226.88, 36.88], [226.87, 36.64], [225.16, 36.67], [224.24, 36.44], [225.81, 36.18], [225.0, 35.94], [225.95, 35.72], [225.92, 35.53], [222.62, 35.68], [224.28, 35.11], [222.5, 35.08], [220.84, 35.3], [219.82, 35.12], [221.63, 34.61], [225.52, 34.37], [228.74, 33.86], [230.44, 33.99], [231.47, 34.26], [232.44, 34.03], [235.79, 34.46], [235.83, 34.2], [232.38, 33.56], [237.01, 33.2], [240.15, 33.4], [241.87, 33.86], [242.91, 33.66], [244.97, 33.97], [245.01, 33.73], [243.14, 33.31], [244.96, 33.1], [244.03, 32.78], [247.29, 32.9], [246.43, 32.51], [246.84, 32.43], [250.23, 32.58], [249.01, 32.11], [249.67, 32.03], [255.76, 32.18], [259.52, 33.05], [260.63, 32.88], [256.62, 31.86], [263.46, 31.85], [266.72, 32.53], [265.91, 32.01], [267.48, 31.67], [269.31, 31.58], [270.77, 31.86], [272.35, 31.61], [274.63, 31.57], [275.88, 31.83], [283.67, 32.08], [282.72, 32.38], [282.74, 32.52], [285.47, 32.31], [286.57, 32.43], [287.52, 32.16], [288.57, 32.48], [291.12, 32.45], [290.78, 32.66], [292.2, 33.03], [291.8, 33.32], [293.75, 33.16], [295.68, 33.25], [296.95, 33.67], [294.5, 34.32], [288.97, 35.13], [286.95, 35.11], [285.81, 35.38], [283.47, 35.44], [282.2, 36.09], [285.82, 35.8], [288.26, 35.83], [285.28, 36.72], [278.42, 37.69], [276.13, 38.42], [273.73, 38.16], [273.69, 38.28], [274.49, 38.69], [272.72, 38.91], [273.76, 39.25], [271.81, 39.66], [272.51, 39.84], [271.87, 40.07], [269.25, 40.23], [266.26, 39.89], [267.24, 40.43], [266.55, 40.66], [261.09, 40.73], [259.08, 40.58], [259.05, 40.78], [260.83, 41.15], [263.73, 41.2], [263.61, 41.62], [258.6, 41.45], [260.36, 42.0], [262.22, 42.1], [263.96, 42.45], [263.72, 42.72], [262.93, 42.92], [259.98, 42.93], [259.97, 43.11], [262.3, 43.49], [260.45, 44.32], [254.79, 44.26], [254.6, 44.5], [254.63, 45.29], [253.55, 45.64], [248.21, 45.75], [246.24, 45.38], [246.2, 45.53], [246.44, 45.62], [246.26, 45.78], [249.14, 46.16], [250.99, 46.05], [251.39, 46.14], [251.55, 46.32], [251.48, 46.58], [251.74, 46.69], [252.87, 46.83], [254.19, 46.61], [255.03, 46.94], [255.11, 47.18], [254.32, 47.61], [248.02, 48.5], [247.26, 48.41], [247.67, 48.05], [247.32, 47.81], [245.43, 47.75], [243.98, 47.31], [244.13, 47.82], [239.95, 47.84], [239.09, 47.31], [238.97, 48.07], [236.27, 48.18], [234.32, 47.89], [233.46, 47.53], [232.89, 48.03], [231.2, 47.86], [230.85, 47.53], [230.83, 48.0], [228.57, 47.96], [228.29, 47.07], [228.01, 47.37], [228.19, 47.92], [225.6, 47.75], [225.75, 46.95], [228.09, 46.34], [232.32, 46.07], [230.24, 45.44], [229.2, 44.76], [229.4, 44.61], [231.38, 44.35], [232.59, 44.42], [234.05, 44.7], [235.54, 45.39], [238.32, 45.61], [240.53, 45.43], [241.32, 45.12], [241.26, 44.93], [240.1, 45.21], [238.31, 45.14], [236.94, 45.36], [236.28, 45.15], [236.28, 44.66], [235.64, 44.27], [238.03, 43.62], [238.01, 43.5], [237.25, 43.52], [237.54, 42.81], [236.95, 43.34], [235.55, 43.83], [233.95, 43.9], [234.71, 43.26], [232.19, 43.79], [230.58, 43.67], [230.71, 43.08], [232.39, 42.2], [236.93, 41.86], [241.32, 42.21], [242.46, 41.92], [238.43, 41.66], [238.03, 41.48]], [[185.95, 43.28], [185.54, 42.92], [186.31, 42.74], [187.74, 42.79], [189.58, 42.36], [189.57, 42.23], [187.79, 42.13], [188.66, 41.77], [187.84, 41.52], [185.71, 42.04], [185.48, 41.9], [186.1, 41.4], [183.73, 41.34], [183.59, 41.1], [184.19, 40.55], [189.1, 40.48], [191.39, 40.8], [192.12, 41.17], [191.92, 41.53], [192.3, 41.6], [192.37, 41.79], [192.78, 41.61], [192.85, 41.38], [194.2, 41.05], [196.54, 41.42], [196.38, 41.87], [198.35, 41.79], [200.42, 42.4], [201.19, 42.11], [199.79, 41.19], [200.28, 40.92], [201.76, 40.99], [204.07, 41.16], [208.24, 41.8], [209.45, 42.38], [212.91, 42.54], [215.22, 43.13], [213.32, 43.69], [215.03, 44.31], [213.87, 44.74], [206.09, 45.38], [205.77, 45.16], [205.96, 44.96], [204.18, 44.64], [203.17, 44.19], [205.23, 44.03], [205.23, 43.86], [202.45, 43.6], [200.68, 42.69], [200.27, 42.99], [200.5, 43.32], [202.9, 44.21], [202.33, 44.65], [200.03, 44.83], [198.2, 44.55], [196.78, 43.71], [194.02, 43.53], [192.55, 43.69], [192.07, 43.53], [192.15, 43.34], [188.76, 43.72], [185.95, 43.28]], [[211.16, 48.28], [209.23, 47.75], [209.75, 47.63], [207.03, 47.06], [208.06, 47.01], [207.22, 46.71], [207.35, 46.57], [210.17, 46.35], [214.83, 46.73], [216.38, 47.11], [216.46, 47.58], [221.21, 47.3], [223.74, 47.88], [223.72, 48.03], [226.31, 48.2], [226.43, 48.35], [226.0, 48.47], [223.29, 48.59], [226.55, 49.57], [225.52, 49.99], [226.41, 49.99], [227.37, 50.26], [227.65, 50.14], [227.49, 49.84], [228.01, 49.76], [229.15, 50.12], [230.31, 49.96], [230.83, 50.19], [231.51, 49.86], [232.66, 50.17], [234.9, 50.41], [234.93, 50.28], [234.53, 50.14], [238.18, 49.77], [239.86, 49.36], [241.61, 49.53], [244.33, 49.33], [246.61, 49.52], [246.91, 49.57], [246.87, 49.73], [249.55, 49.99], [249.22, 50.2], [250.77, 50.27], [251.21, 50.72], [249.13, 51.25], [249.16, 51.41], [250.86, 51.29], [251.53, 51.54], [249.73, 51.67], [249.3, 52.33], [245.11, 52.6], [242.63, 52.38], [242.13, 52.08], [242.17, 51.79], [241.1, 51.59], [241.55, 51.91], [241.08, 52.33], [238.86, 52.52], [237.22, 52.28], [237.05, 52.5], [236.29, 52.3], [235.38, 52.54], [233.02, 52.4], [233.19, 52.57], [228.8, 52.56], [228.45, 52.38], [228.96, 51.87], [228.48, 51.76], [227.69, 52.09], [227.45, 51.86], [226.81, 51.97], [226.81, 52.22], [225.92, 52.42], [223.45, 52.29], [222.37, 52.05], [222.58, 51.8], [221.96, 51.95], [221.96, 52.2], [221.04, 52.2], [219.84, 51.86], [219.26, 51.25], [219.5, 51.07], [218.65, 50.73], [218.55, 50.38], [219.34, 49.76], [219.0, 49.3], [216.7, 48.08], [215.24, 48.27], [211.16, 48.28]], [[160.31, 51.02], [159.53, 51.38], [157.63, 50.9], [156.29, 50.93], [154.78, 50.66], [155.6, 50.19], [158.02, 50.12], [158.02, 49.9], [155.79, 49.72], [156.66, 49.4], [158.19, 49.29], [156.97, 48.93], [157.25, 48.78], [157.14, 48.59], [158.1, 48.35], [159.37, 48.36], [159.38, 48.13], [159.05, 48.1], [159.67, 47.74], [161.13, 47.6], [163.01, 47.6], [163.31, 47.94], [163.84, 48.13], [165.29, 47.89], [166.46, 48.01], [168.78, 48.8], [168.35, 49.08], [169.7, 49.15], [170.54, 49.72], [171.15, 49.9], [176.37, 50.11], [176.77, 49.91], [176.62, 49.61], [174.16, 49.0], [175.73, 48.67], [173.25, 48.1], [172.96, 47.83], [175.41, 46.96], [176.72, 46.83], [177.65, 47.02], [177.28, 47.41], [177.57, 47.76], [178.33, 47.98], [178.5, 48.21], [177.92, 48.66], [179.17, 48.62], [179.49, 48.78], [178.9, 49.3], [179.98, 49.02], [181.17, 49.12], [181.74, 49.62], [181.71, 49.34], [181.94, 49.29], [181.72, 48.87], [182.81, 48.58], [184.87, 48.92], [185.45, 49.58], [184.88, 50.94], [184.37, 51.19], [181.78, 51.59], [180.01, 51.4], [178.36, 51.54], [176.96, 51.34], [175.56, 51.63], [173.09, 51.74], [171.65, 52.14], [167.65, 52.66], [165.11, 52.63], [162.94, 52.06], [166.76, 51.31], [169.73, 51.22], [171.18, 50.76], [171.15, 50.6], [168.3, 50.93], [167.3, 50.72], [166.45, 50.99], [164.55, 51.1], [164.21, 50.99], [164.16, 50.63], [164.84, 50.25], [164.05, 50.34], [163.69, 50.19], [163.39, 50.69], [162.53, 50.62], [162.94, 50.86], [162.72, 51.07], [161.31, 51.35], [160.31, 51.02]], [[200.04, 56.42], [199.39, 55.89], [198.68, 55.79], [198.64, 55.65], [199.43, 55.38], [199.39, 55.22], [197.71, 55.46], [196.0, 54.94], [197.65, 54.69], [197.24, 54.32], [198.93, 54.18], [199.59, 53.89], [201.89, 54.41], [205.82, 54.02], [206.88, 54.18], [207.41, 54.54], [206.29, 54.84], [206.87, 55.2], [205.59, 55.44], [203.78, 56.22], [206.15, 56.03], [207.72, 56.64], [207.81, 56.95], [209.23, 56.78], [209.92, 57.38], [209.24, 57.64], [210.13, 57.88], [210.08, 58.2], [211.14, 58.6], [209.43, 58.97], [207.19, 58.96], [208.17, 59.36], [207.8, 59.6], [205.69, 59.63], [203.4, 59.21], [200.08, 58.1], [196.99, 57.65], [193.18, 56.44], [193.57, 55.9], [194.4, 55.78], [195.17, 55.87], [197.1, 56.75], [199.08, 56.66], [199.09, 56.17], [200.04, 56.42]], [[155.82, 59.89], [154.9, 59.77], [156.17, 59.37], [156.15, 59.24], [152.95, 59.29], [152.52, 59.02], [152.5, 58.6], [154.14, 57.93], [153.32, 57.54], [154.51, 56.85], [156.19, 56.32], [162.73, 55.2], [163.88, 55.37], [164.37, 55.89], [164.36, 56.37], [163.47, 57.06], [165.84, 56.86], [165.94, 56.37], [166.84, 56.06], [171.82, 56.8], [171.18, 57.35], [170.58, 57.53], [171.26, 57.65], [172.09, 57.28], [172.49, 57.5], [173.15, 57.11], [174.8, 56.7], [173.28, 56.35], [172.91, 56.15], [172.94, 56.01], [174.59, 56.04], [176.91, 56.59], [181.59, 58.67], [182.82, 58.85], [183.3, 58.51], [180.75, 57.33], [178.83, 55.57], [178.9, 55.38], [179.55, 55.28], [179.21, 55.13], [179.33, 54.96], [181.55, 55.32], [182.33, 55.12], [186.42, 56.28], [187.67, 57.11], [194.14, 59.71], [197.1, 60.09], [200.67, 60.36], [201.38, 60.38], [201.4, 60.23], [205.81, 60.66], [210.67, 60.67], [211.95, 61.18], [211.89, 61.4], [212.52, 62.1], [212.43, 62.56], [209.97, 62.16], [209.18, 62.59], [209.65, 62.92], [209.6, 63.16], [207.21, 62.77], [207.17, 62.95], [208.62, 63.41], [209.09, 64.34], [210.31, 63.42], [211.23, 63.36], [211.94, 63.56], [211.84, 63.88], [212.08, 64.16], [213.03, 64.42], [213.13, 64.99], [210.49, 65.71], [208.82, 65.78], [206.12, 65.34], [205.64, 65.53], [203.93, 65.39], [203.67, 65.27], [203.87, 64.81], [200.59, 64.52], [199.85, 64.31], [199.39, 63.77], [198.31, 63.6], [197.92, 64.49], [197.28, 65.09], [194.68, 65.38], [192.04, 66.31], [182.21, 67.09], [181.61, 66.86], [180.51, 65.96], [179.35, 64.45], [177.31, 64.24], [173.65, 64.2], [170.79, 63.75], [165.96, 62.16], [168.31, 61.41], [171.92, 61.07], [178.82, 61.27], [180.47, 60.95], [179.06, 60.72], [175.79, 60.65], [172.78, 60.36], [164.78, 60.67], [160.19, 61.41], [158.26, 61.37], [155.63, 61.0], [156.75, 60.41], [161.92, 59.52], [162.16, 59.18], [155.82, 59.89]], [[235.02, 59.89], [236.76, 59.93], [236.77, 59.72], [233.93, 59.53], [233.91, 59.71], [233.82, 59.52], [232.06, 59.3], [229.0, 58.06], [227.59, 57.27], [227.44, 56.92], [227.61, 55.85], [228.67, 55.37], [228.75, 55.17], [231.56, 54.33], [234.15, 54.11], [237.47, 54.22], [237.94, 54.42], [235.54, 55.37], [234.23, 56.38], [234.27, 56.64], [237.17, 58.36], [239.92, 58.9], [239.96, 58.64], [238.22, 58.29], [238.95, 57.8], [240.2, 57.99], [240.25, 57.75], [239.85, 57.66], [240.22, 57.52], [238.38, 57.4], [237.32, 56.99], [236.96, 56.5], [237.62, 56.04], [237.08, 55.84], [237.99, 55.31], [239.49, 55.03], [241.11, 55.12], [240.75, 54.87], [243.31, 54.43], [246.43, 54.48], [247.18, 54.7], [247.73, 55.22], [247.33, 54.36], [247.55, 54.11], [251.76, 54.43], [254.89, 54.32], [257.57, 54.61], [258.92, 55.0], [260.63, 55.68], [260.68, 55.94], [261.51, 56.27], [260.78, 56.5], [259.33, 56.47], [259.32, 56.66], [263.76, 57.17], [264.69, 57.53], [264.63, 58.04], [264.33, 58.12], [264.41, 58.7], [264.75, 58.15], [265.65, 57.89], [267.84, 58.07], [268.06, 58.35], [267.14, 58.66], [267.91, 58.7], [268.7, 59.1], [268.45, 58.74], [269.83, 58.34], [270.59, 58.38], [270.5, 59.16], [271.22, 58.65], [272.55, 58.85], [272.68, 58.23], [275.59, 58.29], [279.19, 59.08], [280.14, 59.45], [280.48, 59.98], [281.67, 59.93], [280.59, 59.51], [282.15, 59.69], [282.29, 59.36], [285.5, 59.71], [286.47, 59.92], [286.82, 60.18], [288.47, 60.37], [288.58, 60.08], [288.39, 59.93], [287.68, 59.85], [297.69, 60.17], [298.89, 60.36], [297.01, 60.92], [297.5, 61.16], [300.36, 60.85], [301.12, 60.99], [301.19, 61.54], [302.57, 61.59], [303.1, 61.02], [302.14, 60.85], [301.48, 60.5], [303.46, 60.45], [308.86, 60.81], [310.36, 61.36], [310.56, 61.76], [306.17, 62.04], [305.12, 62.75], [307.86, 63.11], [310.24, 62.93], [311.19, 63.05], [312.8, 63.36], [313.19, 63.66], [313.25, 63.93], [312.89, 64.09], [309.82, 64.13], [308.39, 63.9], [306.72, 64.06], [309.56, 64.66], [309.76, 65.07], [309.58, 65.65], [307.34, 65.53], [307.32, 65.75], [308.72, 65.97], [309.72, 66.68], [310.58, 66.56], [313.67, 66.92], [312.74, 67.43], [313.38, 67.88], [313.12, 68.5], [313.69, 68.23], [313.9, 68.63], [314.06, 68.31], [313.97, 67.89], [315.18, 67.61], [315.03, 68.6], [314.33, 69.39], [314.72, 69.47], [316.01, 68.47], [315.92, 68.94], [316.26, 69.08], [316.74, 68.81], [317.32, 68.88], [317.24, 69.73], [317.65, 70.1], [317.6, 69.25], [318.82, 68.59], [319.2, 68.83], [318.69, 69.21], [318.57, 69.49], [318.71, 69.65], [319.74, 69.46], [321.14, 70.36], [321.52, 70.23], [322.04, 70.59], [321.41, 70.87], [321.65, 71.47], [319.72, 71.51], [320.66, 71.84], [322.16, 71.8], [322.19, 71.59], [322.82, 71.35], [324.4, 71.93], [324.07, 72.18], [323.83, 72.78], [322.72, 73.58], [324.69, 73.08], [326.41, 73.23], [327.13, 72.64], [328.96, 73.69], [329.62, 74.35], [328.98, 74.58], [327.84, 74.13], [327.2, 74.29], [328.62, 74.82], [328.87, 75.17], [328.02, 75.62], [325.93, 75.3], [326.37, 75.67], [325.99, 76.05], [327.67, 76.77], [325.74, 76.92], [326.28, 77.2], [326.5, 77.65], [325.82, 78.12], [325.69, 78.46], [324.2, 78.42], [323.35, 77.62], [323.48, 78.21], [322.83, 78.41], [323.73, 78.58], [323.7, 80.17], [323.01, 81.44], [322.15, 80.7], [321.39, 80.9], [320.83, 80.46], [321.02, 79.55], [320.22, 80.7], [318.65, 79.26], [317.79, 78.02], [318.4, 77.29], [319.33, 76.98], [320.47, 75.73], [319.87, 75.85], [318.9, 76.72], [317.73, 77.07], [316.54, 77.07], [316.35, 76.97], [316.44, 76.7], [317.02, 76.2], [315.85, 76.51], [314.67, 75.89], [313.78, 74.74], [313.2, 74.44], [313.25, 74.78], [312.94, 74.87], [312.26, 74.69], [312.6, 75.26], [312.51, 75.78], [310.61, 75.13], [311.13, 75.96], [312.66, 76.92], [312.19, 77.36], [310.82, 77.21], [308.98, 76.04], [308.15, 76.25], [309.7, 76.74], [309.61, 77.32], [309.82, 77.6], [310.74, 78.0], [310.56, 78.86], [311.59, 78.54], [312.91, 79.37], [312.28, 79.77], [313.06, 80.19], [313.34, 80.86], [313.73, 80.9], [314.11, 81.98], [314.29, 81.21], [315.45, 81.82], [315.23, 82.14], [315.48, 82.37], [316.26, 81.69], [317.49, 82.43], [317.72, 82.34], [318.18, 82.73], [317.45, 83.27], [318.46, 83.24], [318.75, 83.54], [318.37, 84.09], [317.32, 84.14], [317.98, 84.39], [318.56, 84.99], [318.5, 85.24], [319.89, 85.23], [319.87, 85.51], [319.56, 85.7], [320.19, 85.78], [320.67, 86.57], [320.23, 86.68], [320.36, 88.42], [319.93, 88.5], [319.17, 87.02], [318.44, 86.33], [318.97, 88.13], [318.78, 88.43], [319.92, 89.84], [319.36, 90.02], [318.52, 89.8], [318.86, 90.76], [318.69, 91.07], [315.48, 89.09], [315.47, 89.58], [314.95, 89.43], [314.27, 88.44], [314.32, 89.2], [314.15, 89.25], [313.23, 88.22], [312.54, 88.12], [310.75, 86.48], [311.23, 87.78], [309.06, 86.52], [308.01, 86.41], [307.87, 86.61], [310.06, 88.82], [311.37, 89.15], [311.2, 89.5], [312.25, 89.9], [313.36, 90.78], [314.31, 91.19], [315.34, 92.44], [316.19, 92.83], [315.76, 93.28], [315.96, 94.06], [315.4, 94.26], [312.05, 93.07], [308.99, 92.62], [307.31, 91.93], [305.94, 90.5], [304.13, 90.53], [301.65, 89.54], [302.1, 89.05], [301.23, 89.38], [300.52, 89.03], [299.11, 87.83], [300.19, 87.71], [300.86, 87.14], [299.56, 86.54], [298.27, 86.53], [298.59, 85.84], [297.68, 86.13], [297.17, 85.31], [294.92, 83.75], [295.43, 82.99], [293.61, 83.01], [293.51, 83.47], [293.2, 83.64], [292.99, 82.88], [292.05, 82.73], [291.4, 81.97], [290.72, 82.24], [291.55, 83.1], [291.4, 83.35], [290.34, 83.52], [288.5, 83.24], [288.38, 83.78], [285.28, 84.44], [282.58, 83.92], [281.35, 82.93], [281.28, 82.37], [281.68, 81.4], [283.76, 80.46], [283.48, 79.8], [283.86, 79.39], [286.26, 79.73], [288.71, 80.5], [288.23, 80.02], [290.0, 80.08], [290.53, 79.67], [291.93, 79.7], [293.33, 79.1], [294.58, 79.23], [293.97, 78.07], [292.43, 77.06], [291.99, 76.43], [295.14, 74.32], [295.85, 74.09], [296.49, 72.83], [297.61, 72.42], [297.97, 71.93], [296.18, 69.68], [294.16, 67.84], [294.22, 67.48], [293.16, 67.75], [292.58, 67.48], [292.34, 67.22], [292.35, 66.48], [292.0, 66.17], [291.31, 66.16], [291.89, 66.75], [290.74, 66.61], [289.52, 65.75], [288.81, 65.72], [289.12, 65.37], [288.31, 65.22], [288.81, 64.89], [288.31, 64.84], [287.62, 65.43], [286.64, 65.27], [285.31, 66.08], [284.23, 66.22], [283.55, 65.09], [285.34, 64.97], [285.48, 64.35], [284.74, 63.97], [281.82, 63.32], [281.44, 62.77], [281.12, 62.76], [280.86, 63.15], [279.64, 62.94], [279.47, 62.87], [279.54, 62.49], [277.51, 62.19], [276.13, 61.59], [274.3, 61.09], [271.71, 61.28], [272.88, 61.7], [272.78, 61.92], [271.57, 62.1], [267.89, 61.55], [265.57, 61.62], [265.56, 61.77], [268.75, 62.38], [268.75, 62.59], [265.7, 61.97], [264.57, 62.24], [260.98, 61.78], [257.4, 61.82], [255.23, 61.5], [254.14, 61.48], [253.28, 61.77], [248.44, 60.74], [248.43, 60.97], [247.06, 61.06], [247.03, 61.21], [245.13, 60.87], [235.02, 59.89]], [[261.95, 78.66], [261.59, 79.12], [262.12, 79.42], [262.5, 80.16], [263.64, 79.35], [264.82, 80.35], [266.47, 80.72], [267.19, 81.42], [268.68, 82.24], [270.08, 82.63], [271.23, 83.7], [271.66, 84.73], [271.1, 85.35], [272.61, 85.12], [273.5, 85.3], [274.05, 85.06], [274.82, 85.7], [274.54, 85.82], [275.68, 86.24], [273.5, 87.65], [269.76, 86.62], [269.49, 85.71], [267.88, 85.31], [267.77, 84.75], [267.12, 84.8], [266.36, 85.15], [265.98, 86.16], [264.35, 87.11], [263.44, 88.26], [261.34, 89.03], [261.06, 88.94], [260.32, 86.59], [258.15, 86.69], [257.22, 87.06], [256.43, 86.79], [257.12, 85.7], [258.94, 84.77], [258.48, 83.03], [259.49, 78.34], [260.17, 77.61], [260.67, 77.48], [261.71, 78.16], [261.95, 78.66]], [[33.25, 82.93], [32.3, 82.32], [32.48, 81.5], [31.04, 80.53], [32.16, 80.54], [32.38, 80.16], [33.09, 80.12], [33.1, 79.98], [29.69, 79.43], [28.05, 78.82], [27.77, 78.44], [28.21, 78.07], [28.25, 78.35], [29.69, 77.61], [30.62, 77.54], [31.54, 76.81], [32.53, 76.42], [35.22, 76.49], [34.11, 76.0], [34.19, 75.82], [35.21, 75.31], [36.3, 75.2], [38.0, 74.57], [40.07, 74.45], [40.32, 74.62], [40.04, 74.62], [39.58, 75.44], [39.6, 75.83], [39.21, 76.12], [40.16, 76.67], [45.14, 76.84], [45.47, 76.8], [46.49, 75.85], [47.68, 76.23], [47.43, 75.63], [46.24, 75.32], [45.44, 75.48], [45.19, 75.3], [45.27, 74.97], [44.41, 74.13], [43.63, 73.95], [43.23, 73.29], [43.93, 73.07], [44.9, 73.75], [44.81, 74.24], [45.21, 74.69], [46.11, 75.11], [47.33, 74.96], [48.76, 75.47], [49.95, 75.27], [49.86, 74.63], [49.58, 74.47], [48.78, 74.5], [48.16, 74.22], [46.65, 74.72], [45.36, 74.1], [45.29, 73.67], [46.02, 72.94], [45.74, 72.77], [43.84, 72.77], [43.79, 72.42], [43.3, 72.77], [40.62, 72.42], [40.09, 72.04], [38.95, 70.32], [35.39, 68.49], [33.77, 68.03], [32.99, 67.52], [31.45, 67.18], [32.59, 66.9], [33.14, 65.36], [33.07, 64.99], [38.45, 64.78], [40.62, 63.8], [41.67, 62.89], [41.86, 61.97], [42.26, 61.35], [45.29, 58.96], [45.83, 59.46], [47.79, 59.07], [50.51, 57.76], [50.37, 57.7], [51.5, 57.07], [52.54, 56.69], [52.89, 56.76], [52.47, 57.09], [52.72, 57.23], [56.51, 56.76], [58.16, 56.01], [59.69, 54.84], [60.57, 54.47], [60.78, 54.52], [60.3, 54.75], [62.9, 55.41], [63.08, 55.67], [62.45, 56.19], [61.48, 56.47], [61.97, 56.83], [63.08, 56.61], [64.25, 55.76], [65.64, 56.23], [65.32, 56.62], [66.99, 57.01], [69.71, 56.47], [72.34, 56.82], [72.54, 56.97], [71.96, 57.29], [71.87, 57.62], [72.71, 58.03], [73.85, 58.01], [73.35, 58.46], [75.39, 58.6], [76.97, 58.22], [78.07, 58.54], [79.21, 58.22], [80.91, 58.26], [82.55, 58.61], [83.14, 59.02], [84.09, 58.87], [85.33, 59.44], [90.64, 59.68], [92.41, 60.31], [94.04, 60.42], [98.0, 59.87], [99.44, 60.21], [100.6, 60.89], [102.29, 61.31], [103.11, 61.79], [107.15, 61.93], [109.39, 62.38], [113.09, 64.15], [116.35, 65.0], [118.03, 65.02], [120.48, 65.84], [119.97, 65.19], [118.67, 64.84], [118.59, 64.56], [119.57, 64.42], [118.62, 64.07], [119.24, 63.24], [120.38, 63.25], [120.81, 62.58], [122.73, 62.54], [122.63, 62.14], [122.87, 61.69], [124.36, 62.42], [123.53, 63.48], [126.38, 62.73], [127.28, 61.83], [127.79, 61.82], [128.26, 61.47], [129.18, 61.61], [131.2, 60.74], [132.04, 60.79], [132.62, 60.2], [133.35, 59.89], [135.35, 60.06], [136.06, 59.67], [136.45, 60.04], [136.16, 60.47], [132.9, 61.86], [129.82, 62.32], [128.71, 63.26], [127.34, 63.68], [125.64, 65.2], [127.66, 65.31], [128.15, 65.06], [127.57, 64.86], [127.62, 64.21], [129.87, 63.34], [130.24, 63.0], [130.24, 62.75], [131.48, 62.75], [131.53, 63.05], [132.26, 62.69], [132.52, 63.69], [133.8, 62.2], [134.9, 61.58], [137.67, 60.95], [138.25, 60.61], [138.15, 60.98], [137.54, 61.29], [137.84, 61.7], [139.62, 60.68], [139.86, 60.1], [141.36, 59.59], [140.36, 59.29], [140.48, 59.17], [139.99, 58.93], [140.03, 58.37], [138.27, 58.03], [136.6, 57.47], [137.11, 56.92], [136.9, 56.78], [136.79, 56.32], [138.0, 56.02], [137.02, 55.81], [137.01, 55.65], [139.26, 54.19], [138.15, 53.82], [136.48, 52.58], [144.93, 52.36], [149.8, 53.23], [150.8, 53.25], [151.09, 53.71], [152.48, 53.13], [155.09, 53.17], [160.11, 54.53], [160.78, 54.91], [160.48, 55.11], [151.87, 56.91], [150.78, 57.83], [149.36, 57.98], [149.58, 59.19], [149.44, 59.39], [147.31, 59.3], [146.74, 59.61], [145.48, 59.75], [141.9, 58.99], [141.84, 59.15], [142.53, 59.49], [144.28, 61.82], [144.76, 62.2], [145.77, 62.93], [147.48, 63.5], [147.89, 63.25], [147.34, 62.31], [147.53, 62.09], [147.46, 61.74], [147.69, 61.83], [147.94, 61.36], [147.51, 61.15], [147.91, 60.94], [148.24, 61.08], [149.13, 62.19], [149.88, 62.51], [149.48, 63.39], [149.91, 63.62], [151.75, 63.69], [152.25, 63.2], [152.16, 62.31], [155.42, 62.49], [157.8, 62.99], [160.05, 64.21], [162.81, 64.67], [169.64, 65.59], [173.24, 65.77], [172.53, 65.27], [174.89, 65.37], [177.46, 66.08], [179.65, 67.4], [179.33, 67.94], [177.47, 67.91], [176.53, 68.46], [176.38, 68.66], [176.46, 68.92], [175.74, 69.4], [176.64, 69.73], [180.18, 70.18], [184.1, 70.28], [187.71, 69.72], [188.31, 69.84], [190.78, 69.03], [192.16, 70.07], [193.88, 70.22], [194.54, 71.3], [194.83, 70.66], [195.1, 70.6], [195.94, 71.38], [197.04, 71.96], [197.31, 72.34], [197.09, 72.62], [196.44, 72.81], [195.65, 72.64], [198.02, 74.48], [197.83, 73.15], [198.17, 72.98], [199.49, 73.49], [198.93, 72.78], [199.09, 72.58], [198.25, 71.89], [197.9, 70.94], [196.92, 70.19], [196.84, 69.72], [197.44, 69.14], [197.21, 68.83], [199.6, 68.53], [200.27, 68.12], [201.0, 68.17], [201.0, 67.69], [202.28, 67.18], [202.63, 66.61], [202.11, 66.43], [200.7, 66.91], [200.36, 67.55], [199.63, 67.44], [198.49, 67.78], [197.6, 67.63], [197.27, 67.82], [197.49, 68.15], [197.34, 68.27], [195.62, 68.38], [194.47, 67.79], [195.31, 66.58], [197.8, 66.24], [201.05, 65.37], [202.48, 65.73], [203.02, 66.15], [203.78, 67.33], [204.66, 67.78], [206.02, 68.03], [206.03, 68.36], [206.56, 68.71], [208.17, 68.82], [209.38, 68.51], [211.29, 69.57], [212.79, 70.05], [215.0, 70.22], [218.64, 69.66], [221.97, 70.15], [223.68, 69.79], [222.78, 69.15], [222.69, 68.85], [222.93, 68.72], [225.05, 70.19], [226.48, 70.55], [227.18, 70.23], [227.27, 69.83], [226.0, 69.18], [224.19, 69.34], [223.27, 68.54], [223.59, 68.48], [222.72, 67.54], [223.91, 67.74], [225.0, 67.48], [224.47, 67.0], [225.1, 66.81], [223.29, 66.2], [222.86, 65.79], [221.49, 65.91], [220.77, 65.5], [219.77, 65.8], [218.4, 65.17], [218.33, 64.85], [220.02, 64.65], [221.14, 63.98], [220.28, 63.52], [220.58, 63.45], [219.92, 63.12], [221.25, 63.38], [220.06, 62.46], [220.84, 62.15], [222.8, 62.49], [223.04, 62.61], [222.87, 62.75], [223.22, 62.87], [223.66, 62.69], [224.65, 62.99], [227.46, 63.93], [231.17, 65.8], [231.81, 65.67], [232.05, 65.86], [228.52, 67.36], [226.22, 67.03], [227.49, 67.97], [228.41, 68.01], [228.9, 67.78], [228.28, 68.86], [230.29, 68.01], [229.93, 70.16], [229.58, 70.99], [230.19, 71.52], [230.37, 71.93], [231.58, 71.74], [231.48, 72.27], [232.1, 72.14], [232.51, 72.38], [232.67, 73.1], [232.89, 71.96], [232.11, 70.57], [231.5, 70.07], [231.88, 68.92], [233.82, 68.74], [235.97, 67.09], [237.06, 66.56], [236.52, 66.49], [235.99, 65.55], [235.29, 65.13], [235.18, 65.9], [233.99, 66.08], [233.49, 65.87], [233.39, 65.48], [234.35, 64.7], [233.76, 64.61], [233.29, 64.05], [234.7, 63.71], [234.69, 64.26], [234.95, 64.36], [235.34, 63.86], [234.28, 63.36], [232.8, 63.56], [230.97, 62.95], [230.66, 63.2], [226.34, 62.36], [221.83, 61.08], [220.92, 60.68], [221.43, 60.6], [220.63, 60.37], [220.16, 60.51], [217.27, 60.31], [214.65, 59.83], [214.13, 59.58], [214.62, 59.15], [214.15, 59.04], [214.19, 58.86], [214.85, 58.25], [214.24, 58.23], [211.4, 56.35], [210.89, 54.62], [211.03, 54.41], [211.47, 54.34], [212.87, 54.5], [212.04, 54.04], [212.0, 53.79], [212.36, 53.65], [216.28, 53.32], [219.47, 53.84], [222.46, 53.77], [224.51, 54.12], [223.57, 55.17], [223.17, 55.45], [222.42, 55.57], [222.8, 55.68], [222.37, 55.98], [220.47, 56.71], [215.73, 56.62], [217.48, 57.37], [217.02, 57.77], [217.25, 58.22], [216.12, 58.31], [217.49, 58.7], [218.9, 58.75], [219.22, 58.94], [227.28, 60.13], [231.58, 60.42], [235.36, 60.93], [236.57, 60.78], [238.63, 61.04], [236.69, 61.44], [237.41, 61.58], [236.12, 62.8], [237.94, 62.74], [239.61, 63.22], [241.93, 62.68], [242.11, 62.71], [241.33, 63.16], [243.61, 63.18], [244.3, 63.42], [243.75, 63.5], [243.46, 64.34], [244.24, 64.67], [245.29, 65.51], [245.53, 67.06], [246.54, 67.9], [247.42, 66.99], [247.28, 65.02], [247.56, 64.2], [248.01, 64.2], [251.91, 65.82], [252.88, 67.25], [253.0, 67.84], [252.68, 68.05], [252.0, 67.64], [251.73, 67.84], [252.0, 69.22], [252.44, 69.96], [254.58, 71.63], [255.09, 72.33], [257.05, 71.16], [257.02, 69.98], [257.98, 68.9], [258.34, 67.39], [258.17, 66.51], [258.79, 66.05], [260.11, 65.98], [259.93, 65.48], [260.27, 65.28], [260.1, 64.89], [257.97, 64.39], [256.81, 63.28], [256.13, 62.94], [255.84, 62.5], [255.32, 62.29], [258.56, 62.32], [261.38, 62.7], [265.14, 62.9], [265.17, 63.29], [264.57, 63.45], [266.22, 63.69], [267.04, 64.24], [267.72, 64.14], [269.46, 64.48], [269.81, 64.71], [268.92, 65.51], [270.44, 65.66], [271.04, 66.05], [271.12, 66.37], [269.78, 67.1], [268.9, 66.92], [267.9, 67.18], [269.14, 68.36], [269.72, 68.16], [269.56, 68.88], [269.72, 69.24], [272.17, 70.96], [272.27, 71.51], [272.0, 72.65], [270.8, 73.02], [269.87, 74.0], [266.53, 75.6], [266.01, 75.53], [264.81, 74.12], [263.86, 73.91], [263.74, 73.74], [263.99, 73.67], [263.21, 73.13], [262.1, 72.82], [262.24, 72.97], [261.64, 73.39], [261.92, 73.53], [262.68, 73.28], [264.16, 74.32], [265.35, 75.94], [265.44, 76.16], [265.24, 76.26], [264.02, 75.94], [263.52, 76.41], [263.09, 76.29], [261.76, 75.8], [260.74, 74.93], [260.26, 74.81], [257.17, 74.99], [257.08, 75.43], [257.27, 75.66], [258.9, 76.22], [259.36, 76.65], [256.42, 79.4], [255.38, 79.82], [253.94, 79.77], [251.68, 78.43], [248.78, 77.38], [248.23, 77.39], [248.52, 77.64], [248.4, 77.66], [247.04, 77.57], [247.01, 77.78], [248.33, 78.02], [251.09, 79.78], [256.59, 80.41], [256.6, 80.97], [253.74, 84.56], [251.76, 85.33], [250.64, 84.85], [250.88, 85.43], [249.47, 85.19], [248.87, 84.59], [248.08, 84.79], [248.79, 85.5], [247.88, 85.43], [248.35, 86.13], [247.94, 86.61], [247.31, 86.9], [246.65, 86.76], [246.02, 87.1], [242.83, 86.39], [242.67, 86.12], [241.13, 86.35], [242.18, 86.67], [241.72, 87.1], [243.07, 86.64], [245.56, 87.69], [246.31, 88.26], [246.35, 89.25], [246.13, 89.64], [244.25, 90.34], [242.57, 90.1], [241.65, 90.29], [241.82, 90.73], [242.82, 90.99], [242.89, 91.21], [242.69, 91.42], [241.94, 91.24], [241.14, 91.41], [240.53, 92.1], [241.23, 92.97], [240.4, 92.63], [239.67, 93.07], [239.81, 93.3], [239.64, 93.44], [238.84, 93.58], [239.05, 93.87], [238.88, 93.99], [238.16, 93.96], [238.93, 94.68], [237.22, 95.89], [237.29, 96.46], [236.74, 96.63], [236.79, 97.31], [235.54, 99.55], [234.82, 99.99], [235.15, 100.34], [234.76, 102.27], [234.76, 105.12], [234.48, 106.03], [234.79, 106.15], [235.08, 106.78], [236.17, 107.43], [236.09, 108.66], [236.21, 108.68], [236.63, 107.34], [239.24, 107.42], [241.39, 113.26], [240.78, 114.71], [241.77, 114.4], [241.63, 114.71], [245.07, 113.62], [246.51, 113.7], [248.82, 114.7], [251.55, 115.39], [253.7, 116.82], [255.35, 118.69], [260.43, 120.46], [261.77, 121.49], [261.38, 122.6], [262.22, 121.75], [263.75, 121.86], [265.46, 121.63], [268.08, 121.97], [269.77, 122.65], [270.28, 123.7], [269.7, 126.07], [270.23, 126.9], [270.51, 127.84], [270.47, 130.15], [270.09, 131.12], [272.05, 133.62], [272.02, 134.07], [271.41, 134.48], [272.43, 134.57], [274.72, 136.42], [275.32, 137.97], [274.99, 138.28], [276.28, 138.41], [277.37, 139.27], [277.46, 138.14], [278.0, 137.21], [278.57, 136.99], [278.66, 137.28], [279.29, 137.65], [279.68, 138.75], [279.81, 137.98], [280.16, 137.51], [279.46, 136.35], [280.96, 134.32], [280.74, 134.12], [280.65, 133.37], [280.12, 132.69], [280.18, 131.85], [279.68, 131.07], [279.11, 128.51], [279.27, 127.84], [279.54, 127.79], [279.17, 127.37], [279.39, 127.08], [278.69, 126.68], [278.98, 126.44], [278.36, 126.0], [277.66, 124.6], [277.33, 124.31], [280.86, 122.88], [282.83, 121.71], [284.54, 120.16], [285.68, 118.77], [286.13, 117.92], [286.35, 116.66], [286.23, 113.82], [285.35, 111.4], [284.6, 110.31], [283.48, 109.4], [280.71, 107.72], [280.91, 106.68], [282.85, 104.66], [282.56, 104.26], [282.92, 103.82], [282.94, 103.43], [284.02, 103.81], [283.64, 103.38], [284.07, 102.92], [283.94, 102.39], [284.18, 101.98], [283.32, 101.72], [283.7, 101.47], [283.04, 100.31], [283.56, 99.82], [282.73, 99.42], [283.28, 98.63], [281.59, 98.69], [282.81, 97.25], [282.87, 96.1], [283.51, 95.6], [282.02, 94.47], [281.69, 93.32], [281.71, 92.59], [282.4, 91.97], [283.91, 91.35], [285.3, 91.55], [288.92, 92.76], [289.67, 92.43], [291.68, 93.25], [291.52, 92.96], [291.65, 92.85], [294.3, 91.75], [296.64, 93.2], [297.19, 93.2], [297.35, 93.61], [296.95, 94.39], [297.7, 94.05], [298.49, 94.43], [299.13, 95.19], [299.51, 95.02], [300.16, 95.32], [300.22, 95.5], [299.55, 96.06], [300.15, 96.17], [299.87, 96.48], [300.8, 97.22], [302.77, 97.65], [304.04, 97.59], [304.39, 97.79], [304.57, 98.37], [304.86, 98.47], [305.67, 98.22], [305.91, 97.66], [306.34, 97.82], [306.53, 98.5], [305.86, 99.16], [305.54, 100.01], [305.56, 100.66], [305.88, 101.22], [305.75, 101.73], [304.93, 101.98], [304.18, 101.97], [304.16, 102.15], [305.58, 102.39], [306.01, 103.4], [305.7, 104.18], [305.72, 104.8], [306.66, 104.97], [306.36, 105.48], [306.46, 105.87], [306.13, 106.78], [305.8, 106.98], [305.43, 106.41], [305.19, 106.83], [304.38, 107.23], [305.41, 107.52], [306.86, 106.72], [308.46, 106.65], [309.36, 107.32], [309.8, 108.39], [309.65, 108.97], [310.39, 108.39], [310.84, 109.31], [311.14, 108.72], [311.37, 110.44], [311.67, 109.51], [314.07, 108.36], [315.07, 107.11], [315.85, 107.66], [316.11, 108.6], [316.33, 108.02], [315.98, 106.98], [316.52, 106.87], [316.33, 106.59], [316.56, 106.33], [316.95, 106.35], [316.9, 106.13], [317.86, 105.97], [317.23, 105.76], [316.96, 105.34], [317.23, 105.34], [317.5, 104.76], [317.79, 104.91], [317.61, 104.26], [318.55, 104.42], [317.8, 103.97], [317.58, 103.52], [317.73, 102.98], [318.14, 102.81], [318.52, 102.91], [318.47, 102.44], [319.47, 100.68], [320.36, 100.94], [320.59, 101.35], [319.6, 102.01], [320.97, 101.79], [321.26, 102.17], [321.14, 103.13], [321.63, 102.79], [322.51, 104.08], [321.95, 104.63], [322.42, 104.76], [322.43, 105.07], [323.1, 104.84], [323.44, 105.42], [322.68, 105.98], [323.9, 105.95], [323.73, 106.13], [323.99, 106.54], [323.81, 106.79], [324.46, 106.75], [324.95, 107.61], [323.86, 108.29], [324.23, 108.69], [325.75, 108.43], [325.14, 109.56], [324.16, 110.26], [326.07, 109.75], [326.58, 110.51], [327.56, 110.77], [327.73, 110.99], [327.46, 111.37], [327.63, 111.79], [327.53, 112.02], [326.4, 112.59], [327.66, 112.82], [327.86, 113.04], [327.5, 113.54], [328.48, 113.82], [329.31, 114.54], [329.21, 115.9], [326.8, 115.8], [328.18, 116.54], [327.25, 116.9], [329.06, 117.23], [327.72, 117.74], [329.23, 117.83], [329.41, 118.54], [328.99, 118.75], [329.73, 118.92], [330.01, 119.3], [330.99, 118.99], [331.5, 119.88], [331.74, 119.56], [332.12, 119.65], [331.93, 120.21], [332.54, 120.91], [331.35, 122.65], [332.49, 121.92], [333.77, 121.62], [333.97, 122.09], [334.68, 122.18], [334.3, 122.69], [334.44, 122.81], [335.18, 122.08], [335.92, 122.29], [336.54, 123.58], [337.62, 123.85], [338.19, 123.47], [338.85, 123.43], [338.95, 123.86], [339.24, 124.09], [340.43, 124.63], [339.6, 125.47], [338.32, 125.62], [337.28, 126.28], [336.95, 126.87], [336.14, 126.94], [334.52, 127.76], [333.59, 127.76], [332.93, 128.18], [332.68, 128.75], [332.04, 128.54], [332.81, 129.21], [332.27, 129.6], [332.38, 129.8], [332.16, 130.13], [332.67, 129.96], [333.58, 129.13], [335.01, 128.55], [336.9, 127.17], [338.67, 126.72], [337.84, 126.6], [337.72, 126.44], [337.89, 126.24], [340.4, 126.41], [341.19, 127.95], [340.09, 128.7], [340.48, 128.91], [340.64, 129.29], [342.02, 128.17], [342.92, 128.06], [343.41, 128.65], [344.1, 128.81], [344.51, 129.3], [344.98, 130.39], [344.71, 131.26], [344.89, 131.77], [344.76, 132.36], [344.96, 132.75], [343.48, 133.15], [345.12, 133.45], [345.23, 133.64], [345.03, 133.9], [344.37, 133.77], [345.33, 134.62], [344.35, 135.7], [341.64, 137.67], [340.27, 137.62], [338.49, 138.28], [337.3, 138.34], [335.45, 140.48], [333.62, 141.98], [333.42, 142.41], [332.87, 142.66], [330.82, 142.69], [328.22, 143.3], [327.67, 142.76], [325.42, 142.48], [323.95, 142.73], [322.21, 142.43], [321.31, 142.62], [318.21, 142.41], [316.81, 142.66], [316.27, 142.52], [315.79, 142.9], [314.74, 142.86], [313.48, 143.77], [312.27, 146.46], [309.7, 147.09], [309.87, 147.29], [308.96, 147.68], [307.87, 148.62], [306.61, 150.47], [305.76, 151.25], [304.53, 150.91], [305.48, 151.67], [304.86, 153.17], [303.58, 154.48], [302.85, 155.67], [301.17, 157.18], [301.25, 157.29], [303.37, 156.12], [304.65, 154.67], [306.34, 152.22], [308.19, 150.56], [309.82, 149.47], [314.45, 147.38], [317.49, 146.8], [319.43, 147.11], [320.19, 147.47], [321.19, 148.43], [321.21, 148.71], [320.34, 148.57], [321.1, 149.19], [321.08, 149.78], [320.81, 150.31], [320.01, 150.58], [319.47, 151.26], [318.24, 151.99], [317.62, 151.95], [316.35, 151.3], [315.91, 151.65], [314.63, 151.61], [316.57, 152.45], [317.25, 153.46], [318.97, 152.72], [318.84, 152.94], [319.81, 153.23], [319.39, 153.87], [319.22, 154.71], [318.07, 155.83], [318.43, 156.04], [319.45, 155.99], [319.24, 156.72], [319.41, 157.25], [321.07, 155.03], [321.12, 155.87], [320.71, 156.64], [321.51, 157.57], [321.41, 158.14], [321.87, 158.44], [322.26, 157.84], [324.36, 158.62], [328.03, 158.26], [328.56, 158.63], [326.65, 159.85], [326.59, 160.82], [326.84, 160.98], [325.59, 161.13], [325.22, 160.6], [324.76, 160.61], [325.25, 160.29], [324.63, 159.73], [324.93, 159.22], [323.82, 159.86], [324.27, 159.93], [324.04, 160.09], [322.69, 159.81], [322.07, 159.37], [321.81, 158.93], [321.97, 158.76], [320.63, 158.6], [320.53, 157.63], [319.71, 157.43], [319.96, 158.93], [320.26, 159.41], [322.03, 159.72], [322.27, 159.97], [321.64, 160.32], [322.63, 161.0], [323.18, 160.93], [323.79, 161.44], [325.46, 161.49], [325.32, 161.88], [326.08, 161.99], [327.57, 160.96], [328.08, 161.84], [329.01, 161.69], [328.87, 160.65], [329.11, 159.71], [329.59, 159.16], [330.64, 157.11], [331.48, 156.26], [331.94, 156.24], [332.15, 157.35], [331.63, 159.59], [330.12, 160.55], [330.65, 160.47], [330.17, 160.9], [330.35, 161.08], [329.77, 161.71], [331.01, 161.43], [331.8, 160.53], [331.11, 160.68], [331.65, 159.57], [332.25, 159.11], [332.46, 159.59], [333.48, 159.73], [333.28, 160.31], [333.58, 160.53], [332.01, 161.82], [331.2, 162.1], [329.28, 162.19], [329.47, 162.73], [328.97, 163.05], [329.97, 163.12], [330.18, 163.35], [323.75, 166.04], [322.91, 165.88], [323.08, 166.45], [322.89, 166.71], [322.3, 166.59], [321.79, 166.04], [321.5, 166.69], [321.32, 166.28], [320.98, 166.43], [320.83, 166.86], [321.01, 167.32], [319.35, 169.26], [318.72, 169.85], [318.3, 169.86], [318.03, 170.11], [317.99, 170.6], [317.6, 170.74], [316.87, 170.56], [316.45, 169.59], [316.19, 169.5], [316.02, 169.8], [315.78, 169.5], [315.59, 168.13], [315.86, 167.2], [316.34, 166.58], [315.72, 166.91], [315.88, 166.63], [319.24, 164.07], [320.52, 163.51], [320.53, 163.17], [320.86, 163.29], [320.79, 164.0], [321.41, 164.48], [321.28, 163.97], [321.53, 163.67], [323.46, 163.09], [319.9, 162.86], [319.97, 162.98], [319.68, 163.23], [319.21, 163.02], [320.9, 161.1], [320.43, 161.22], [320.26, 160.98], [319.59, 161.92], [316.47, 163.65], [315.97, 163.35], [314.9, 164.18], [314.7, 163.98], [313.68, 164.3], [313.55, 163.97], [312.96, 163.87], [313.02, 165.05], [313.35, 165.29], [312.78, 165.92], [312.29, 165.83], [311.47, 166.38], [310.95, 166.32], [310.75, 166.83], [310.33, 167.11], [310.06, 166.63], [309.44, 166.87], [309.22, 166.61], [308.99, 167.64], [308.2, 167.31], [308.49, 166.88], [308.25, 166.83], [308.34, 166.36], [307.78, 166.92], [307.48, 168.31], [307.03, 168.78], [306.7, 168.72], [306.2, 169.16], [306.1, 168.81], [305.91, 169.23], [305.83, 168.76], [305.61, 169.36], [305.42, 169.11], [305.39, 169.69], [305.21, 169.5], [304.92, 169.63], [304.94, 169.35], [304.34, 169.72], [304.08, 170.12], [304.27, 170.31], [302.77, 172.62], [302.5, 173.64], [302.76, 174.29], [303.08, 174.28], [303.11, 174.48], [302.49, 174.78], [301.88, 175.7], [302.75, 176.13], [303.09, 176.91], [302.98, 177.13], [303.29, 177.33], [303.38, 177.89], [303.63, 178.08], [304.0, 178.2], [304.84, 177.79], [304.53, 176.95], [304.16, 176.7], [304.53, 176.75], [304.9, 177.23], [304.98, 178.4], [303.69, 178.61], [302.97, 178.99], [302.85, 178.25], [301.53, 179.18], [301.39, 178.28], [301.24, 178.39], [301.05, 178.12], [300.53, 179.64], [296.57, 180.03], [294.71, 181.14], [293.57, 182.28], [293.58, 181.87], [292.79, 183.22], [292.86, 183.52], [293.54, 183.52], [293.61, 183.74], [293.31, 186.28], [293.24, 185.75], [292.81, 187.02], [292.6, 187.35], [292.38, 187.3], [292.32, 187.97], [291.9, 188.27], [291.29, 189.59], [290.93, 189.84], [291.0, 188.99], [290.33, 188.73], [289.23, 187.56], [289.47, 186.23], [289.05, 186.93], [289.05, 187.54], [289.55, 188.43], [289.83, 189.74], [290.46, 190.52], [290.18, 191.29], [290.5, 191.34], [290.59, 191.97], [290.49, 192.22], [290.37, 192.06], [290.25, 192.68], [289.7, 193.47], [289.04, 195.59], [288.41, 196.16], [288.07, 197.3], [287.89, 196.84], [287.95, 196.28], [288.84, 193.95], [288.3, 193.88], [288.46, 193.4], [288.09, 193.06], [288.28, 192.25], [287.74, 192.6], [287.14, 191.95], [287.14, 191.27], [287.84, 191.16], [287.29, 190.61], [286.92, 190.82], [287.04, 190.36], [287.41, 190.22], [287.21, 189.84], [286.95, 189.99], [287.01, 189.57], [287.31, 189.63], [287.22, 188.81], [288.25, 187.47], [287.97, 187.5], [288.04, 186.76], [287.81, 186.73], [287.61, 187.8], [287.11, 188.26], [286.95, 187.92], [286.7, 188.67], [286.28, 188.49], [286.68, 189.08], [286.55, 189.48], [286.31, 189.34], [286.49, 189.84], [286.47, 191.55], [286.77, 192.23], [286.08, 191.88], [286.73, 192.65], [286.92, 193.41], [285.71, 192.68], [285.43, 192.15], [285.31, 192.95], [286.33, 193.38], [287.14, 194.22], [286.91, 195.13], [286.21, 195.08], [287.02, 195.56], [286.85, 195.73], [287.13, 195.88], [287.14, 196.45], [286.75, 196.33], [286.77, 196.69], [286.48, 196.88], [287.08, 197.72], [286.75, 197.97], [286.04, 196.93], [285.89, 197.02], [286.44, 198.22], [286.17, 198.43], [287.19, 198.13], [287.88, 198.29], [288.56, 201.14], [289.19, 202.84], [288.75, 201.9], [287.46, 200.94], [287.46, 201.5], [287.12, 201.32], [287.24, 201.63], [286.8, 201.56], [286.3, 202.05], [285.82, 201.69], [285.83, 202.29], [287.68, 202.23], [287.67, 202.75], [288.29, 202.27], [288.56, 202.75], [288.51, 203.57], [287.38, 204.79], [286.49, 204.62], [286.25, 204.06], [285.65, 204.59], [286.42, 205.14], [286.1, 205.97], [285.26, 206.64], [286.58, 206.32], [286.85, 206.54], [286.63, 206.93], [285.8, 207.49], [284.67, 207.49], [284.21, 207.93], [283.89, 207.4], [283.97, 208.25], [282.92, 209.25], [282.36, 210.8], [281.06, 210.77], [279.84, 211.59], [279.0, 212.92], [278.85, 213.6], [278.7, 213.33], [278.61, 214.05], [277.74, 214.61], [277.66, 214.99], [277.12, 215.5], [276.76, 215.41], [276.87, 215.74], [276.73, 216.0], [275.54, 216.7], [274.78, 216.66], [275.23, 217.02], [274.93, 217.59], [274.74, 217.14], [274.49, 217.5], [274.61, 217.89], [274.17, 218.31], [273.96, 219.02], [273.43, 219.3], [273.56, 219.68], [273.19, 220.03], [273.27, 220.42], [273.02, 220.72], [273.25, 220.75], [272.92, 221.42], [272.67, 221.49], [272.93, 221.86], [272.72, 222.24], [272.5, 222.13], [272.29, 223.79], [273.04, 227.99], [274.02, 231.09], [275.08, 233.44], [274.91, 234.33], [275.28, 236.49], [276.38, 240.41], [276.16, 244.48], [276.07, 244.3], [275.51, 246.59], [275.18, 247.02], [273.44, 247.42], [273.27, 247.04], [273.42, 246.46], [272.69, 244.52], [271.69, 243.87], [271.27, 241.99], [271.01, 241.76], [271.38, 240.97], [270.79, 241.5], [270.73, 240.1], [270.88, 239.81], [270.41, 239.91], [270.41, 240.31], [270.1, 240.19], [268.89, 237.56], [269.12, 237.46], [269.78, 236.16], [269.3, 235.72], [269.04, 236.64], [268.81, 236.68], [268.52, 236.11], [269.05, 233.44], [269.07, 231.77], [268.73, 231.08], [267.26, 229.4], [266.13, 227.44], [265.15, 226.7], [264.39, 226.86], [264.18, 227.51], [261.53, 228.45], [261.27, 228.09], [261.27, 227.45], [260.41, 226.48], [258.34, 225.47], [259.27, 225.44], [258.89, 225.07], [256.23, 225.71], [256.84, 225.33], [256.81, 224.75], [256.6, 225.04], [256.32, 224.88], [255.98, 225.77], [255.45, 225.9], [255.53, 225.49], [255.04, 226.02], [253.96, 226.17], [254.57, 225.91], [254.19, 225.26], [253.94, 224.24], [253.59, 225.6], [252.02, 225.65], [251.42, 225.4], [250.25, 225.69], [249.49, 226.44], [247.69, 225.55], [247.16, 226.55], [247.83, 227.01], [249.07, 226.42], [249.28, 226.65], [248.85, 227.1], [249.37, 227.53], [249.76, 226.89], [250.02, 226.94], [250.15, 227.88], [249.65, 228.08], [249.11, 228.72], [249.69, 229.54], [250.62, 229.89], [251.08, 230.43], [250.69, 231.21], [250.46, 230.95], [250.07, 231.36], [250.13, 230.99], [249.89, 230.48], [248.91, 229.9], [248.67, 229.39], [247.87, 229.05], [248.17, 229.49], [247.93, 230.72], [247.71, 230.85], [247.46, 230.22], [246.89, 230.03], [246.18, 230.73], [244.66, 230.07], [245.06, 229.95], [244.79, 228.94], [244.56, 229.15], [244.04, 228.97], [243.6, 228.18], [243.17, 228.16], [242.97, 227.81], [242.29, 228.37], [242.43, 228.81], [241.93, 228.96], [240.77, 228.8], [239.35, 228.05], [236.74, 228.5], [234.87, 229.69], [235.54, 229.01], [234.82, 229.01], [234.97, 227.6], [234.51, 228.48], [234.14, 228.37], [234.55, 229.89], [233.8, 230.59], [233.42, 231.44], [231.79, 232.8], [230.72, 233.43], [231.35, 232.84], [230.32, 232.74], [230.11, 233.0], [229.57, 232.52], [229.9, 233.44], [230.19, 233.57], [229.47, 234.05], [229.19, 233.72], [229.01, 234.66], [228.86, 234.82], [228.74, 234.54], [228.12, 234.88], [228.16, 235.22], [228.46, 235.08], [228.35, 235.53], [228.07, 235.98], [227.34, 236.16], [227.74, 236.85], [227.32, 238.28], [227.08, 238.34], [226.39, 237.74], [226.6, 238.45], [227.19, 238.66], [226.99, 239.79], [227.32, 241.79], [227.94, 243.53], [228.15, 243.69], [228.08, 244.83], [227.12, 247.92], [226.66, 250.53], [226.44, 256.57], [226.13, 257.89], [226.39, 260.06], [226.9, 261.3], [227.66, 262.31], [227.37, 263.63], [228.02, 265.85], [230.08, 269.38], [230.56, 271.58], [232.09, 273.97], [233.68, 274.26], [234.16, 274.81], [234.77, 275.05], [235.5, 276.47], [235.75, 276.5], [236.52, 276.39], [238.32, 275.42], [240.21, 275.25], [240.7, 274.65], [241.45, 274.38], [242.77, 274.21], [243.03, 274.54], [242.94, 274.99], [244.01, 275.29], [244.74, 274.59], [244.73, 274.19], [244.48, 273.83], [244.55, 273.44], [244.2, 273.72], [244.29, 273.49], [245.64, 272.39], [246.25, 271.56], [246.39, 269.99], [246.96, 269.08], [246.99, 266.55], [247.38, 264.68], [248.9, 263.58], [251.55, 262.99], [252.7, 262.33], [253.97, 262.17], [256.09, 262.82], [256.27, 262.41], [255.75, 262.29], [256.7, 262.22], [257.3, 262.93], [257.44, 264.05], [256.98, 265.55], [255.54, 267.85], [255.45, 269.38], [254.78, 270.33], [254.89, 270.67], [255.48, 270.53], [255.32, 271.11], [254.94, 271.43], [255.26, 271.76], [254.32, 276.04], [253.76, 274.98], [253.82, 273.66], [253.37, 274.16], [252.96, 275.68], [253.56, 275.71], [253.69, 276.23], [253.18, 278.8], [253.36, 279.19], [253.13, 280.04], [253.09, 282.0], [254.35, 282.0], [254.83, 284.03], [257.02, 284.84], [257.82, 284.84], [258.9, 284.23], [259.85, 284.02], [261.13, 284.22], [262.63, 284.08], [264.86, 284.74], [265.69, 285.29], [266.74, 286.6], [267.78, 287.46], [268.48, 288.72], [268.68, 289.64], [268.5, 290.9], [268.59, 292.44], [267.93, 295.14], [267.81, 300.38], [267.51, 301.55], [267.51, 302.56], [268.69, 304.14], [269.3, 304.44], [273.53, 303.51], [275.02, 302.92], [276.59, 302.75], [279.17, 302.86], [280.96, 303.19], [282.0, 303.64], [282.0, 305.39], [282.46, 305.58], [283.08, 306.43], [282.83, 306.66], [282.98, 307.03], [283.71, 307.63], [284.99, 307.66], [289.12, 307.14], [292.58, 307.03], [293.17, 307.24], [293.17, 307.59], [294.1, 308.33], [297.3, 308.94], [298.58, 308.85], [301.64, 307.71], [303.19, 307.76], [303.67, 307.59], [303.12, 307.4], [301.42, 307.42], [301.26, 307.1], [311.76, 306.98], [311.58, 307.16], [310.19, 307.3], [309.53, 307.56], [307.21, 307.58], [308.17, 308.35], [308.26, 308.63], [307.9, 309.07], [308.36, 308.93], [308.51, 309.26], [308.53, 308.57], [308.75, 308.63], [309.75, 309.93], [310.2, 309.62], [310.5, 309.8], [310.5, 309.32], [310.84, 309.32], [311.61, 309.66], [312.38, 310.39], [312.25, 309.83], [312.87, 309.83], [313.03, 309.59], [314.23, 310.4], [315.51, 310.63], [316.52, 311.21], [316.32, 311.51], [315.53, 311.84], [314.57, 313.53], [312.93, 313.54], [314.31, 314.12], [316.56, 313.55], [318.02, 313.68], [318.67, 313.42], [319.44, 313.46], [320.27, 313.72], [320.9, 314.22], [321.64, 314.25], [323.71, 315.11], [325.54, 316.1], [327.08, 317.36], [327.06, 318.27], [326.6, 318.88], [326.2, 320.27], [327.35, 318.85], [327.86, 318.76], [329.26, 319.05], [331.31, 320.4], [332.77, 320.84], [332.97, 322.87], [333.55, 321.58], [333.95, 321.41], [338.79, 322.03], [338.78, 321.69], [339.16, 321.46], [343.64, 321.37], [347.15, 321.95], [347.16, 322.85], [347.42, 322.38], [348.07, 322.04], [349.79, 322.74], [352.3, 323.17], [354.99, 324.68], [354.85, 325.2], [355.31, 324.92], [356.03, 325.36], [356.54, 326.08], [356.83, 325.61], [357.07, 325.61], [357.88, 327.36], [358.36, 326.59], [359.36, 326.85], [359.84, 327.26], [360.47, 328.57], [360.84, 330.37], [362.25, 333.03], [362.09, 333.26], [362.56, 333.35], [363.24, 334.18], [364.47, 334.3], [365.52, 334.67], [365.88, 335.4], [365.81, 336.19], [364.01, 337.2], [361.94, 339.07], [360.99, 339.35], [360.39, 339.84], [359.57, 340.01], [359.02, 340.95], [357.67, 342.08], [357.59, 342.86], [356.68, 343.35], [356.41, 343.92], [355.29, 343.9], [353.59, 344.48], [354.93, 344.5], [355.44, 344.75], [356.56, 344.59], [361.32, 342.61], [361.57, 342.92], [361.21, 343.15], [362.29, 344.76], [362.24, 345.12], [363.54, 345.89], [365.37, 345.33], [366.63, 345.62], [368.46, 345.02], [367.0, 347.85], [367.81, 347.38], [368.92, 345.59], [369.91, 345.32], [371.19, 344.28], [371.69, 344.28], [372.31, 344.66], [372.38, 344.37], [372.82, 344.26], [372.28, 343.99], [372.55, 343.49], [372.36, 343.23], [373.01, 342.91], [372.96, 342.67], [373.88, 341.99], [374.25, 341.89], [374.57, 342.08], [375.26, 341.76], [375.81, 341.95], [376.39, 341.78], [376.67, 341.9], [377.11, 341.64], [378.34, 342.0], [379.77, 342.1], [380.64, 342.69], [382.43, 342.88], [382.45, 343.09], [383.21, 343.09], [385.03, 343.82], [385.88, 343.84], [386.47, 344.95], [387.15, 344.29], [387.63, 344.16], [389.54, 345.02], [390.04, 345.98], [389.49, 346.52], [389.05, 346.64], [389.47, 346.97], [389.85, 346.53], [390.5, 346.34], [390.74, 346.94], [390.11, 347.07], [389.8, 347.58], [389.2, 349.51], [390.49, 348.71], [391.07, 347.46], [391.43, 347.26], [391.99, 347.33], [391.16, 348.55], [392.77, 347.6], [394.93, 347.36], [395.27, 346.97], [397.27, 347.24], [400.37, 348.24], [401.5, 348.28], [402.06, 348.1], [403.84, 348.62], [408.38, 348.25], [410.67, 348.45], [414.97, 350.05], [416.44, 350.87], [417.38, 351.06], [419.32, 352.56], [421.25, 353.7], [422.72, 354.07], [423.28, 354.69], [424.28, 354.76], [425.92, 355.26], [428.68, 355.12], [430.9, 355.48], [432.0, 356.7], [433.82, 361.16], [433.95, 361.97], [433.62, 363.37], [433.81, 364.06], [432.3, 367.02], [431.48, 367.92], [429.6, 369.34], [429.03, 369.29], [429.22, 369.55], [429.05, 369.78], [426.75, 371.71], [425.08, 372.28], [423.61, 373.45], [423.21, 373.49], [423.21, 373.86], [422.12, 374.77], [420.93, 376.63], [418.42, 378.91], [417.69, 379.28], [417.25, 379.25], [417.14, 378.65], [416.4, 378.22], [416.16, 378.61], [415.68, 378.73], [416.07, 379.09], [415.75, 379.82], [414.87, 380.48], [414.61, 381.16], [414.85, 381.07], [415.06, 381.24], [414.79, 382.55], [414.97, 382.72], [415.26, 382.51], [414.73, 384.41], [415.53, 388.1], [414.07, 392.11], [414.26, 393.73], [412.76, 394.6], [412.02, 395.39], [411.61, 396.57], [411.78, 398.52], [411.42, 399.4], [410.45, 399.91], [408.69, 402.43], [406.92, 403.45], [406.18, 404.46], [405.75, 405.28], [405.94, 406.8], [402.77, 407.73], [401.54, 408.55], [401.72, 409.19], [401.26, 409.67], [397.12, 409.73], [396.57, 409.53], [396.64, 409.13], [396.24, 408.99], [395.85, 409.2], [395.92, 409.81], [392.87, 410.14], [392.53, 410.01], [393.88, 409.86], [393.03, 409.56], [391.75, 409.87], [389.54, 410.0], [389.37, 410.47], [389.83, 410.68], [388.11, 411.0], [386.41, 411.67], [385.77, 412.29], [383.5, 412.26], [379.48, 413.59], [378.25, 414.37], [374.41, 416.02], [374.78, 416.12], [374.68, 416.42], [373.45, 417.18], [373.27, 417.14], [373.53, 416.85], [372.55, 416.74], [372.22, 417.26], [371.11, 417.23], [371.09, 417.37], [372.56, 417.73], [371.91, 418.39], [371.36, 418.48], [371.77, 418.76], [371.57, 419.5], [370.98, 419.77], [371.42, 420.19], [371.3, 421.1], [371.86, 422.6], [371.45, 423.71], [371.53, 425.3], [370.72, 426.42], [370.71, 426.82], [368.6, 427.71], [366.45, 429.21], [365.14, 430.55], [363.94, 432.45], [361.16, 434.98], [356.12, 437.58], [356.01, 436.71], [356.78, 436.83], [357.74, 436.54], [359.58, 435.64], [360.02, 435.22], [360.08, 434.55], [360.89, 434.48], [361.07, 433.89], [362.2, 433.29], [362.09, 432.44], [362.68, 432.48], [362.77, 431.92], [360.7, 432.26], [360.64, 431.93], [360.01, 431.78], [359.48, 431.24], [359.55, 431.88], [360.11, 432.24], [359.52, 432.94], [359.54, 433.43], [359.2, 433.19], [358.53, 434.5], [356.43, 435.35], [355.43, 436.88], [355.72, 437.74], [354.75, 438.57], [353.35, 440.69], [349.88, 442.65], [348.22, 444.48], [346.5, 445.36], [343.18, 446.17], [339.72, 445.68], [337.36, 446.08], [334.39, 445.37], [332.96, 444.69], [329.99, 444.76], [327.41, 443.04], [327.24, 442.45], [327.64, 440.56], [327.31, 440.6], [326.75, 442.28], [327.45, 443.9], [326.85, 444.21], [327.94, 445.39], [331.26, 446.42], [332.95, 447.46], [333.01, 447.9], [332.13, 448.55], [332.03, 449.1], [332.53, 449.84], [333.38, 450.31], [334.99, 450.6], [335.2, 451.66], [334.93, 452.34], [333.32, 453.82], [331.92, 454.73], [331.23, 455.77], [328.36, 456.85], [320.94, 458.06], [315.15, 458.52], [311.83, 458.43], [309.63, 457.93], [309.46, 458.09], [309.78, 458.5], [309.81, 459.28], [310.9, 459.68], [310.33, 459.7], [310.79, 459.95], [310.53, 461.07], [309.83, 461.28], [309.31, 462.2], [309.34, 463.0], [309.99, 463.66], [309.33, 464.32], [306.8, 464.97], [303.82, 465.12], [298.27, 464.06], [298.73, 463.7], [297.29, 464.03], [297.0, 464.26], [296.9, 464.95], [297.52, 466.36], [297.33, 467.58], [297.66, 467.99], [299.68, 468.45], [299.53, 468.95], [300.21, 469.0], [301.64, 468.89], [301.83, 468.49], [300.96, 468.44], [303.02, 468.03], [303.77, 468.55], [303.81, 469.81], [303.46, 470.15], [301.92, 470.38], [301.49, 470.32], [300.63, 469.43], [299.9, 469.25], [297.72, 469.71], [297.46, 470.0], [300.63, 470.65], [298.28, 471.32], [296.42, 472.48], [296.19, 473.14], [296.47, 473.94], [296.16, 474.27], [296.35, 474.64], [295.92, 475.24], [294.65, 475.79], [294.42, 476.2], [294.87, 476.44], [294.69, 476.84], [292.22, 476.7], [290.44, 477.37], [288.83, 477.59], [285.86, 480.01], [286.29, 481.2], [289.57, 482.92], [293.73, 483.39], [294.24, 483.96], [294.07, 484.64], [293.58, 485.05], [292.52, 485.31], [293.36, 485.43], [293.92, 485.78], [291.3, 487.0], [288.41, 487.86], [286.45, 488.85], [285.47, 489.75], [285.02, 491.61], [284.43, 492.0], [282.88, 492.36], [281.84, 491.97], [281.04, 491.28], [281.07, 492.07], [282.14, 492.52], [279.81, 493.2], [279.13, 493.82], [278.84, 494.67], [278.5, 494.86], [279.24, 496.01], [279.27, 496.75], [278.3, 496.81], [278.29, 496.97], [279.69, 497.15], [282.25, 499.07], [282.03, 499.22], [278.45, 498.76], [277.52, 498.95], [276.74, 499.54], [271.44, 500.47], [270.57, 502.31], [270.74, 502.91], [270.52, 503.55], [269.16, 503.87], [265.2, 503.11], [264.28, 502.62], [264.12, 502.25], [264.61, 501.95], [266.25, 501.89], [266.65, 502.05], [266.89, 502.79], [267.16, 501.88], [269.2, 501.28], [269.77, 500.83], [269.48, 500.6], [268.76, 500.46], [264.88, 501.51], [263.76, 502.07], [263.5, 502.59], [261.23, 501.93], [261.85, 501.55], [262.02, 500.49], [261.38, 500.85], [261.37, 501.25], [260.92, 501.4], [259.95, 501.35], [258.57, 500.68], [260.18, 500.33], [260.09, 500.49], [260.99, 500.15], [260.69, 500.07], [261.35, 499.62], [260.65, 499.61], [260.38, 500.03], [259.76, 499.94], [258.84, 500.22], [256.9, 500.08], [256.79, 499.36], [256.27, 499.3], [255.61, 498.5], [257.71, 498.85], [258.3, 498.74], [258.39, 498.37], [259.07, 498.6], [260.3, 498.61], [262.4, 497.98], [263.02, 498.28], [263.76, 497.66], [263.46, 497.07], [263.28, 497.52], [261.8, 497.7], [259.75, 498.34], [259.14, 498.26], [258.08, 497.51], [257.08, 497.48], [256.07, 497.16], [256.65, 496.85], [257.28, 496.97], [257.44, 496.09], [257.24, 495.89], [253.29, 495.27], [252.03, 494.11], [254.19, 494.04], [253.46, 493.47], [254.05, 493.14], [255.31, 493.52], [256.34, 494.53], [257.84, 494.89], [257.76, 494.58], [258.14, 494.16], [258.69, 494.02], [258.43, 493.83], [258.52, 493.54], [257.07, 494.55], [256.07, 493.89], [256.15, 493.35], [255.05, 493.1], [254.12, 492.63], [255.46, 491.96], [257.01, 492.01], [255.51, 491.37], [255.66, 490.82], [257.49, 490.74], [256.55, 490.29], [256.92, 489.23], [256.79, 489.17], [255.97, 490.51], [255.32, 490.2], [255.43, 487.75], [256.93, 487.39], [256.2, 487.24], [255.43, 487.44], [254.83, 487.35], [254.37, 486.77], [254.34, 485.93], [255.47, 485.98], [255.28, 485.42], [254.02, 485.03], [254.56, 484.62], [255.88, 484.96], [256.37, 484.69], [254.79, 484.21], [256.26, 483.45], [256.04, 483.15], [256.29, 482.81], [255.57, 482.24], [254.93, 482.18], [254.67, 482.54], [252.45, 482.1], [252.25, 481.75], [252.56, 481.4], [250.06, 481.96], [250.74, 482.46], [250.54, 482.68], [249.62, 482.46], [249.31, 481.98], [249.54, 481.69], [252.83, 480.32], [252.16, 479.85], [252.19, 479.45], [256.27, 479.13], [256.62, 478.86], [256.44, 478.3], [257.19, 478.02], [257.78, 478.16], [257.17, 479.34], [256.71, 479.68], [256.89, 480.01], [256.16, 480.62], [257.1, 480.38], [257.53, 479.38], [258.18, 479.27], [258.3, 480.06], [257.84, 480.99], [257.22, 481.47], [257.57, 481.54], [257.55, 481.7], [258.56, 480.7], [258.82, 479.54], [258.82, 479.17], [258.08, 478.94], [258.21, 478.26], [259.02, 478.27], [260.3, 477.85], [261.16, 478.04], [261.2, 477.91], [260.75, 477.7], [260.98, 477.6], [259.5, 477.52], [259.87, 476.73], [261.14, 476.56], [262.67, 475.99], [262.94, 475.57], [263.01, 475.09], [260.3, 474.27], [260.49, 473.44], [261.19, 473.33], [261.51, 472.63], [261.04, 472.09], [261.15, 471.69], [261.77, 471.35], [262.04, 470.86], [262.59, 470.83], [262.18, 469.7], [262.52, 469.2], [263.16, 469.22], [262.52, 468.45], [263.16, 468.27], [264.24, 469.12], [263.76, 467.6], [262.68, 467.65], [262.29, 467.38], [263.03, 466.88], [263.66, 466.75], [261.71, 466.19], [260.42, 466.99], [259.14, 466.97], [259.75, 468.15], [259.67, 468.43], [259.22, 468.55], [259.51, 469.05], [257.97, 469.44], [259.67, 470.59], [259.17, 471.04], [258.16, 471.31], [258.22, 471.74], [257.69, 471.99], [256.41, 471.96], [255.08, 471.55], [255.93, 470.4], [256.15, 468.39], [256.69, 467.69], [256.82, 466.84], [258.06, 467.02], [258.71, 466.38], [257.88, 466.18], [257.13, 464.51], [258.02, 462.98], [258.51, 461.45], [259.66, 460.92], [260.49, 459.2], [259.18, 457.02], [259.43, 455.59], [258.57, 454.54], [258.83, 453.88], [258.57, 453.45], [258.83, 452.99], [259.84, 453.11], [260.55, 452.94], [260.99, 451.48], [261.49, 451.34], [262.1, 450.57], [262.56, 449.3], [263.42, 448.63], [263.27, 448.1], [265.05, 446.62], [265.8, 445.16], [266.04, 443.79], [266.8, 442.75], [267.54, 442.24], [267.67, 441.83], [267.2, 440.54], [267.88, 440.16], [268.5, 439.22], [268.63, 438.39], [268.22, 437.84], [267.35, 433.03], [267.53, 432.12], [268.74, 431.55], [269.13, 430.05], [269.08, 429.42], [268.36, 428.67], [268.23, 427.83], [269.2, 427.05], [269.76, 426.15], [270.23, 424.43], [270.95, 423.75], [271.08, 422.52], [272.18, 419.93], [272.23, 418.9], [271.89, 418.26], [273.05, 416.65], [272.5, 414.8], [272.8, 412.49], [273.31, 411.52], [272.43, 410.91], [272.41, 410.57], [272.55, 409.97], [273.05, 409.9], [273.58, 409.33], [274.67, 405.21], [274.18, 402.87], [274.39, 400.07], [273.81, 398.44], [273.42, 395.79], [268.98, 393.64], [268.69, 392.84], [268.09, 392.45], [265.48, 391.56], [263.88, 390.66], [258.18, 389.13], [256.27, 388.25], [251.97, 386.72], [250.02, 385.17], [248.17, 384.38], [246.61, 382.83], [246.6, 382.26], [246.25, 381.99], [246.78, 381.81], [247.12, 380.93], [246.94, 380.49], [245.68, 379.32], [244.21, 377.38], [242.73, 376.52], [242.39, 375.32], [240.52, 374.17], [240.11, 372.78], [238.1, 370.5], [235.4, 366.05], [234.28, 364.8], [232.68, 363.65], [231.59, 362.01], [229.86, 360.41], [229.35, 360.04], [224.83, 358.2], [224.73, 357.65], [225.04, 357.46], [225.75, 357.55], [225.95, 356.93], [224.72, 355.49], [225.0, 355.06], [224.08, 353.95], [224.52, 352.64], [226.37, 351.12], [229.89, 349.58], [231.21, 347.61], [230.8, 346.93], [230.74, 346.17], [230.33, 347.52], [229.86, 347.54], [229.97, 346.92], [228.72, 347.99], [226.91, 347.05], [226.23, 346.91], [225.71, 346.41], [226.56, 346.07], [226.64, 345.63], [226.37, 344.7], [226.52, 343.95], [226.05, 343.03], [226.3, 342.72], [227.57, 342.33], [228.06, 341.53], [228.41, 341.58], [228.0, 340.86], [230.05, 339.26], [229.97, 337.34], [231.57, 336.75], [232.11, 336.78], [235.31, 336.07], [235.67, 335.79], [235.59, 335.31], [234.91, 334.8], [235.23, 334.41], [235.97, 334.12], [236.91, 334.35], [237.06, 333.89], [236.75, 333.49], [237.07, 332.58], [237.91, 332.19], [239.35, 332.12], [240.29, 331.46], [240.53, 331.49], [241.23, 331.0], [241.23, 330.52], [241.79, 330.41], [244.04, 328.11], [242.46, 328.0], [242.22, 326.46], [242.43, 325.67], [243.49, 323.67], [244.67, 322.14], [245.48, 321.68], [248.68, 320.65], [257.98, 319.14], [259.63, 318.21], [259.86, 317.66], [259.73, 316.03], [260.04, 314.87], [259.77, 314.23], [258.66, 313.91], [257.2, 314.78], [255.92, 314.92], [254.81, 314.56], [253.7, 313.79], [252.68, 312.07], [252.44, 311.27], [252.32, 310.03], [252.48, 308.55], [253.62, 305.64], [254.57, 304.6], [256.07, 303.99], [256.41, 303.31], [255.89, 302.06], [253.3, 299.03], [251.82, 298.65], [249.76, 297.54], [248.27, 297.14], [246.36, 295.86], [244.81, 295.72], [243.99, 295.43], [242.22, 294.16], [240.68, 292.48], [239.17, 290.14], [238.0, 288.7], [238.0, 286.2], [237.54, 285.63], [235.14, 284.65], [235.27, 284.06], [234.77, 284.3], [234.77, 283.98], [234.47, 283.76], [234.12, 284.34], [234.74, 284.62], [233.79, 284.75], [232.85, 285.58], [230.71, 286.73], [229.86, 286.89], [228.0, 285.85], [226.39, 285.62], [225.31, 284.63], [224.25, 284.23], [223.58, 283.28], [220.96, 282.51], [220.02, 281.68], [217.7, 280.51], [215.57, 278.63], [214.68, 277.35], [213.83, 277.36], [212.47, 276.92], [210.39, 275.84], [209.05, 273.73], [206.17, 271.74], [204.63, 268.95], [204.09, 267.23], [204.45, 266.77], [205.25, 266.43], [205.06, 265.71], [204.54, 265.47], [205.31, 264.18], [205.39, 262.63], [204.76, 262.1], [204.14, 260.56], [204.15, 259.14], [203.74, 257.89], [202.02, 255.52], [200.5, 252.66], [198.16, 250.2], [198.83, 250.66], [198.88, 250.12], [197.64, 249.6], [197.45, 248.9], [196.7, 247.65], [197.1, 247.92], [197.35, 247.72], [195.53, 246.4], [195.27, 245.75], [194.59, 245.99], [194.48, 245.7], [194.75, 245.54], [194.99, 244.94], [194.12, 245.53], [193.59, 244.97], [193.47, 243.69], [194.2, 242.39], [193.89, 241.6], [193.31, 240.87], [192.54, 240.9], [192.16, 240.14], [192.0, 239.33], [191.06, 238.98], [190.5, 238.31], [190.11, 236.93], [190.35, 236.05], [189.25, 235.95], [188.68, 235.62], [187.69, 233.89], [187.1, 233.53], [185.74, 231.24], [185.57, 230.19], [185.13, 229.87], [185.03, 229.08], [184.11, 227.21], [183.87, 225.9], [183.21, 224.43], [183.04, 222.78], [183.25, 222.61], [183.24, 222.23], [181.61, 221.54], [181.59, 221.03], [181.23, 220.65], [180.7, 220.35], [180.54, 220.79], [180.13, 220.86], [177.91, 219.22], [178.32, 220.28], [178.06, 222.32], [178.56, 223.96], [178.76, 225.03], [178.72, 226.16], [179.0, 227.06], [181.24, 229.79], [181.83, 230.89], [181.96, 231.62], [182.3, 231.54], [182.47, 232.1], [182.79, 232.16], [183.11, 233.35], [183.74, 233.72], [184.13, 236.21], [185.27, 237.47], [185.66, 238.88], [186.19, 239.33], [186.17, 239.79], [186.72, 240.61], [186.78, 240.16], [187.41, 240.87], [188.09, 243.3], [188.2, 244.7], [188.6, 245.61], [188.93, 245.8], [189.33, 247.39], [189.91, 248.55], [189.78, 249.7], [189.99, 250.74], [190.81, 251.74], [191.01, 251.35], [190.93, 250.89], [191.11, 250.73], [192.38, 252.41], [192.76, 253.57], [193.23, 253.83], [193.48, 254.32], [193.27, 255.64], [192.34, 256.62], [191.82, 256.73], [191.33, 254.89], [190.82, 253.8], [190.07, 253.26], [188.94, 251.73], [187.11, 249.84], [186.77, 249.89], [186.64, 249.36], [186.0, 248.65], [185.84, 247.81], [186.01, 245.61], [185.71, 244.19], [185.14, 242.93], [184.34, 242.5], [183.32, 241.39], [183.04, 240.83], [182.93, 239.88], [182.61, 240.52], [181.69, 240.81], [181.0, 239.8], [180.56, 239.71], [180.24, 239.21], [179.3, 238.75], [179.03, 237.86], [177.75, 236.59], [177.63, 236.15], [178.94, 236.39], [179.7, 236.02], [179.7, 236.42], [180.36, 236.84], [180.06, 236.19], [180.11, 235.82], [179.8, 235.76], [180.29, 234.57], [180.42, 233.71], [180.14, 232.97], [177.91, 229.85], [177.26, 229.54], [175.84, 228.17], [175.46, 227.32], [175.44, 225.88], [174.93, 225.42], [174.73, 223.79], [174.07, 223.09], [173.96, 222.13], [173.04, 220.62], [172.87, 219.91], [173.14, 219.82], [173.15, 219.43], [172.51, 218.82], [172.33, 217.98], [171.9, 217.37], [171.69, 216.1], [171.39, 216.03], [171.18, 214.22], [170.76, 213.4], [169.03, 211.62], [168.1, 211.53], [168.15, 211.05], [167.83, 210.39], [166.91, 210.36], [166.02, 209.99], [165.67, 209.39], [164.72, 208.72], [162.25, 208.49], [161.78, 208.04], [161.74, 205.78], [161.18, 205.42], [161.07, 204.52], [159.98, 203.47], [158.32, 200.74], [158.2, 199.73], [158.56, 199.07], [158.51, 198.57], [158.3, 198.21], [157.5, 197.99], [156.84, 197.09], [156.55, 195.69], [156.5, 194.74], [156.66, 194.65], [155.33, 193.55], [155.14, 193.83], [155.21, 192.64], [154.79, 191.91], [153.15, 190.0], [152.82, 188.08], [152.94, 187.47], [152.78, 186.38], [151.4, 184.4], [151.27, 183.4], [151.51, 182.49], [151.69, 182.54], [151.94, 181.4], [152.11, 179.36], [151.62, 177.99], [151.71, 177.17], [151.31, 176.6], [151.17, 174.67], [150.8, 173.71], [151.89, 170.05], [152.51, 162.19], [152.32, 159.26], [152.1, 159.26], [152.18, 157.9], [152.46, 158.62], [152.62, 157.67], [152.11, 157.32], [151.99, 156.82], [152.75, 156.41], [152.0, 156.1], [151.92, 156.44], [151.26, 153.5], [150.45, 152.18], [150.32, 150.49], [152.37, 151.38], [154.67, 151.44], [155.2, 151.78], [155.75, 151.51], [156.21, 152.93], [156.3, 152.39], [156.44, 152.42], [156.47, 153.05], [156.17, 153.36], [156.22, 153.69], [156.04, 153.7], [156.38, 154.32], [156.32, 155.03], [155.95, 154.93], [155.78, 155.34], [155.61, 154.85], [155.05, 155.67], [156.18, 155.65], [156.42, 155.1], [156.95, 154.7], [156.81, 152.98], [157.26, 152.04], [156.77, 151.32], [156.83, 151.73], [156.55, 151.54], [156.48, 151.13], [156.79, 150.86], [156.08, 150.22], [156.55, 149.98], [156.41, 148.9], [156.01, 148.77], [155.62, 147.79], [155.23, 147.6], [154.91, 147.99], [154.9, 147.37], [154.57, 147.3], [154.48, 146.83], [155.32, 146.68], [154.34, 146.48], [154.6, 145.08], [154.21, 145.5], [154.18, 146.0], [153.63, 146.26], [152.45, 145.68], [152.15, 145.15], [152.32, 144.84], [152.82, 145.47], [153.1, 145.3], [152.65, 144.84], [152.59, 144.01], [151.9, 144.61], [151.14, 144.67], [150.32, 143.92], [149.32, 141.99], [149.87, 141.08], [149.87, 140.21], [149.31, 141.6], [148.13, 141.67], [147.96, 141.03], [147.67, 141.79], [145.71, 141.59], [145.67, 141.8], [147.97, 142.31], [149.66, 144.86], [149.96, 145.7], [152.32, 146.98], [152.81, 147.56], [153.72, 149.65], [153.88, 149.2], [154.03, 149.29], [154.25, 150.37], [153.87, 150.3], [153.51, 150.74], [152.54, 150.47], [149.15, 148.9], [149.11, 148.64], [149.87, 147.84], [148.47, 147.91], [148.11, 148.18], [147.15, 147.52], [147.67, 147.13], [147.13, 146.75], [146.8, 146.87], [146.85, 146.23], [146.61, 146.37], [145.98, 146.06], [145.81, 146.31], [145.41, 146.02], [145.2, 146.25], [145.13, 145.44], [146.28, 145.1], [145.18, 144.9], [144.73, 144.25], [144.11, 143.97], [143.52, 144.23], [143.14, 143.16], [142.86, 143.51], [142.53, 143.05], [141.42, 143.19], [141.48, 142.5], [141.13, 142.28], [141.41, 141.56], [140.86, 141.65], [140.27, 141.19], [140.04, 140.63], [140.33, 140.28], [141.25, 140.15], [144.68, 141.59], [145.65, 141.8], [145.39, 141.29], [146.48, 140.94], [145.2, 140.91], [145.6, 140.25], [145.18, 140.13], [145.19, 139.33], [144.87, 139.92], [143.67, 140.12], [142.83, 139.79], [141.84, 138.94], [141.89, 138.13], [142.48, 137.28], [142.35, 137.16], [141.95, 137.58], [141.43, 136.76], [141.4, 136.14], [141.78, 135.43], [141.41, 135.44], [141.61, 134.5], [141.44, 134.45], [140.72, 136.28], [140.46, 135.4], [140.0, 134.73], [140.9, 134.07], [140.85, 133.39], [140.24, 133.88], [140.86, 131.6], [139.98, 131.95], [139.73, 131.74], [139.53, 130.64], [139.17, 130.21], [137.96, 129.69], [137.71, 129.0], [138.13, 128.34], [138.6, 128.29], [138.45, 128.89], [139.59, 129.54], [139.72, 129.35], [139.1, 128.91], [138.85, 128.11], [139.5, 127.65], [139.01, 127.4], [138.3, 127.72], [137.6, 128.55], [137.46, 129.48], [136.61, 130.17], [135.87, 129.49], [135.62, 128.92], [134.42, 128.2], [135.12, 127.16], [135.27, 126.28], [134.54, 125.93], [134.14, 125.3], [134.37, 124.32], [134.74, 124.01], [135.33, 122.85], [134.96, 122.21], [134.74, 122.64], [134.78, 123.11], [133.85, 123.93], [132.96, 123.69], [132.39, 122.23], [132.57, 121.87], [133.24, 121.56], [132.93, 121.41], [132.76, 119.82], [132.17, 118.89], [132.43, 118.35], [130.31, 119.23], [129.86, 120.58], [129.29, 120.5], [129.6, 120.97], [128.47, 120.36], [128.04, 121.0], [128.81, 120.95], [129.73, 121.79], [129.57, 122.32], [130.39, 122.4], [130.38, 124.53], [130.08, 125.02], [129.63, 124.9], [128.98, 123.91], [128.34, 123.75], [128.08, 122.78], [127.8, 122.81], [127.79, 123.34], [127.51, 123.24], [126.31, 121.77], [126.88, 121.41], [126.44, 120.83], [126.61, 120.38], [125.67, 120.29], [125.42, 119.85], [124.77, 119.83], [124.32, 119.33], [125.58, 119.03], [125.87, 118.63], [125.7, 118.11], [124.3, 118.5], [124.04, 118.2], [124.84, 117.44], [124.61, 117.06], [124.71, 116.42], [126.0, 116.52], [126.44, 117.19], [126.38, 117.74], [128.16, 118.77], [128.97, 120.0], [130.15, 118.05], [130.94, 117.85], [130.02, 117.71], [129.64, 117.13], [129.19, 116.96], [128.69, 116.11], [128.36, 116.01], [128.33, 115.52], [127.44, 114.99], [127.37, 114.32], [125.57, 113.83], [125.65, 113.14], [125.05, 111.87], [125.32, 111.65], [126.46, 112.1], [125.37, 111.07], [125.57, 110.5], [124.84, 111.03], [123.97, 110.08], [123.91, 108.84], [123.46, 109.41], [122.18, 108.78], [121.39, 107.68], [121.27, 107.19], [120.86, 106.86], [120.2, 104.46], [120.06, 104.88], [119.86, 104.92], [120.1, 105.34], [119.81, 105.37], [120.14, 105.84], [121.06, 108.96], [120.98, 109.35], [120.38, 109.31], [119.61, 108.66], [118.76, 108.71], [119.65, 109.5], [119.47, 110.36], [120.48, 109.61], [121.84, 110.17], [121.79, 111.18], [120.58, 111.44], [121.76, 111.66], [122.04, 112.05], [121.92, 112.9], [119.73, 111.95], [119.29, 113.21], [118.54, 113.07], [117.96, 111.91], [116.26, 110.38], [116.45, 109.75], [116.81, 109.41], [114.05, 107.95], [112.7, 106.44], [111.19, 105.65], [111.32, 105.5], [107.68, 103.92], [108.49, 103.29], [108.29, 102.66], [108.49, 102.23], [109.0, 102.55], [109.11, 103.47], [109.31, 102.78], [109.97, 102.72], [109.25, 102.48], [108.71, 101.98], [107.34, 102.84], [105.92, 103.24], [104.73, 103.08], [103.13, 102.44], [103.46, 102.02], [103.12, 101.54], [103.02, 101.95], [102.39, 102.16], [98.78, 101.63], [95.39, 101.97], [95.55, 101.68], [95.28, 101.41], [93.99, 101.1], [93.26, 100.64], [93.56, 99.47], [92.28, 100.45], [90.44, 100.04], [91.07, 99.32], [89.73, 99.28], [89.44, 98.91], [88.54, 98.99], [89.05, 98.65], [88.35, 98.29], [88.51, 97.33], [87.68, 97.85], [86.77, 97.88], [86.3, 98.22], [85.72, 97.89], [85.47, 98.25], [85.04, 98.35], [84.52, 98.08], [85.2, 96.96], [84.36, 97.53], [84.0, 97.57], [83.53, 98.48], [82.93, 98.59], [83.77, 99.22], [83.57, 99.78], [84.16, 99.64], [84.6, 100.02], [83.98, 100.4], [83.94, 101.34], [83.56, 101.53], [83.28, 102.08], [82.38, 102.26], [81.33, 101.9], [80.92, 102.05], [80.56, 101.6], [79.98, 102.99], [79.66, 102.37], [79.43, 102.64], [79.46, 103.08], [78.83, 102.94], [78.94, 103.33], [78.29, 103.84], [77.13, 103.86], [76.93, 104.43], [76.21, 105.17], [75.5, 104.95], [75.54, 105.22], [73.93, 105.42], [73.34, 105.1], [73.62, 104.51], [74.89, 104.06], [75.89, 102.99], [74.75, 103.5], [73.86, 103.29], [73.61, 102.95], [73.95, 102.09], [74.9, 100.9], [75.14, 100.1], [75.11, 98.94], [77.6, 97.77], [78.53, 98.15], [79.89, 98.07], [80.86, 98.26], [80.9, 98.14], [78.7, 97.16], [79.19, 96.72], [77.12, 96.62], [74.35, 97.96], [73.82, 98.46], [73.9, 98.89], [72.43, 99.84], [72.46, 100.33], [71.67, 100.94], [70.3, 100.81], [71.32, 101.52], [71.33, 102.05], [71.05, 102.37], [69.78, 102.7], [70.3, 102.9], [70.11, 103.25], [69.34, 103.46], [69.2, 103.13], [68.53, 103.51], [68.65, 103.65], [68.25, 104.09], [67.3, 104.7], [67.04, 105.56], [69.19, 106.38], [69.45, 106.69], [69.14, 107.23], [67.49, 108.33], [67.31, 108.86], [67.0, 108.99], [66.85, 109.72], [64.7, 110.31], [64.31, 110.87], [63.06, 111.49], [62.53, 112.18], [61.9, 112.28], [61.74, 112.68], [61.21, 112.68], [60.67, 113.05], [60.55, 113.18], [60.77, 113.7], [60.12, 114.51], [59.69, 114.53], [58.68, 115.27], [57.83, 115.42], [57.44, 116.07], [56.62, 116.03], [56.03, 116.42], [56.45, 116.55], [55.08, 116.9], [54.69, 117.42], [55.16, 117.46], [55.47, 117.9], [54.9, 118.41], [54.58, 117.95], [54.02, 118.78], [51.95, 119.51], [51.56, 120.28], [51.51, 119.45], [51.25, 119.38], [49.55, 120.24], [49.19, 120.65], [48.07, 120.75], [47.27, 121.27], [46.47, 121.3], [46.66, 120.43], [46.32, 120.31], [45.93, 120.54], [45.68, 121.26], [44.74, 122.31], [43.86, 122.67], [43.66, 122.56], [43.79, 122.44], [43.55, 122.02], [43.17, 121.86], [43.2, 122.73], [43.05, 122.9], [42.51, 123.08], [41.79, 122.62], [41.76, 123.23], [41.19, 123.56], [41.35, 122.38], [42.39, 122.07], [44.51, 119.89], [45.81, 119.11], [47.17, 118.63], [47.24, 118.91], [48.07, 118.75], [47.76, 119.19], [48.34, 119.75], [48.61, 119.26], [49.78, 119.53], [49.08, 118.7], [49.75, 117.41], [51.21, 116.38], [52.63, 115.85], [53.66, 115.04], [53.72, 115.32], [54.34, 115.41], [54.38, 114.39], [55.34, 113.31], [56.68, 112.35], [57.77, 112.44], [57.1, 111.72], [57.35, 110.17], [57.51, 109.8], [58.53, 109.57], [57.7, 109.32], [57.6, 108.63], [58.43, 107.71], [59.15, 107.31], [58.96, 107.16], [59.53, 105.85], [58.67, 106.72], [55.71, 107.82], [55.39, 107.71], [54.83, 106.84], [55.05, 106.21], [55.93, 106.3], [55.16, 105.89], [55.24, 105.67], [54.33, 106.51], [53.96, 106.32], [54.06, 106.62], [53.82, 107.39], [54.02, 108.54], [53.56, 108.7], [51.53, 106.58], [50.83, 106.96], [49.58, 106.0], [48.29, 106.75], [47.08, 107.05], [46.76, 107.59], [45.65, 107.83], [44.55, 107.69], [45.73, 107.07], [45.55, 106.14], [45.96, 105.75], [45.26, 105.89], [45.01, 105.6], [44.89, 105.03], [45.31, 104.42], [45.44, 103.76], [44.27, 101.3], [43.76, 100.86], [44.68, 99.28], [44.55, 99.19], [43.02, 100.92], [43.46, 101.21], [43.34, 102.08], [41.51, 102.68], [39.57, 102.84], [38.9, 102.47], [38.93, 102.06], [37.43, 100.77], [36.31, 100.32], [36.41, 99.95], [35.48, 99.78], [37.1, 98.26], [38.4, 98.82], [38.55, 99.02], [38.25, 99.57], [39.3, 98.85], [40.07, 99.58], [40.94, 98.88], [39.57, 98.48], [40.47, 98.28], [40.01, 98.0], [39.32, 98.43], [36.16, 98.15], [35.98, 98.01], [36.85, 97.4], [36.26, 97.48], [36.12, 97.07], [35.9, 97.23], [35.37, 96.98], [35.4, 97.43], [34.88, 97.44], [34.53, 96.62], [34.04, 96.47], [33.92, 96.19], [34.23, 95.82], [34.09, 95.63], [33.39, 95.76], [33.18, 95.16], [34.19, 94.97], [33.43, 94.52], [34.75, 94.25], [34.43, 93.87], [34.48, 93.28], [35.93, 91.73], [36.48, 91.48], [37.16, 91.63], [36.92, 91.28], [37.09, 91.23], [36.91, 90.36], [37.04, 89.87], [37.39, 89.45], [38.22, 89.4], [37.82, 89.0], [38.15, 88.64], [39.46, 88.5], [40.39, 89.01], [40.04, 89.46], [40.7, 89.09], [41.31, 89.34], [42.27, 89.05], [43.19, 88.42], [44.15, 87.32], [44.63, 87.3], [45.02, 87.64], [47.02, 87.46], [47.98, 86.78], [48.4, 86.12], [47.81, 84.31], [47.15, 83.71], [46.39, 83.55], [46.6, 83.17], [47.97, 82.95], [48.24, 82.52], [48.09, 82.04], [47.41, 81.5], [46.46, 82.05], [45.63, 81.96], [44.01, 82.81], [42.94, 83.79], [42.67, 83.8], [42.47, 83.21], [42.11, 82.99], [41.72, 83.59], [40.11, 82.91], [38.44, 82.93], [36.54, 83.47], [33.25, 82.93]], [[266.98, 259.55], [265.52, 259.78], [265.11, 260.7], [263.74, 261.38], [263.78, 260.76], [262.69, 261.06], [264.3, 260.17], [264.25, 258.93], [265.19, 257.76], [267.42, 256.5], [269.07, 256.17], [269.94, 255.7], [272.99, 255.67], [273.32, 256.1], [274.71, 255.9], [275.52, 256.56], [276.35, 256.57], [277.09, 256.82], [277.0, 257.06], [278.64, 258.82], [280.33, 259.0], [283.26, 261.36], [283.66, 261.4], [283.42, 260.98], [283.67, 261.05], [284.82, 262.24], [284.04, 262.14], [284.38, 262.68], [284.83, 262.25], [285.61, 263.06], [285.51, 263.34], [285.94, 263.23], [286.17, 263.55], [287.31, 263.8], [287.84, 264.19], [288.86, 264.3], [289.19, 264.77], [288.96, 265.16], [289.13, 265.4], [288.71, 265.5], [288.72, 265.9], [291.12, 266.17], [292.14, 267.27], [293.19, 267.68], [293.22, 268.19], [292.91, 268.55], [291.76, 268.62], [290.34, 269.26], [290.24, 268.82], [289.83, 269.29], [287.34, 268.88], [282.86, 269.41], [283.34, 268.47], [284.66, 267.12], [284.35, 266.15], [281.8, 265.64], [280.77, 264.44], [280.55, 262.94], [280.12, 262.19], [278.31, 262.21], [275.79, 260.98], [275.12, 259.95], [275.07, 260.2], [273.54, 260.15], [273.15, 259.35], [272.84, 260.0], [272.41, 259.7], [271.27, 259.58], [270.66, 258.87], [271.7, 258.41], [271.73, 258.02], [271.36, 257.69], [268.85, 257.64], [266.98, 259.55]], [[101.56, 294.97], [103.39, 297.41], [104.52, 297.51], [105.88, 296.58], [106.82, 296.89], [108.9, 295.09], [111.19, 298.17], [110.51, 300.05], [109.87, 299.98], [109.1, 301.59], [106.2, 304.27], [102.48, 300.43], [101.72, 298.28], [101.56, 294.97]], [[213.09, 394.72], [214.81, 395.56], [216.36, 399.19], [218.06, 400.75], [219.08, 403.81], [220.43, 405.57], [220.47, 407.53], [221.03, 408.91], [221.74, 409.63], [221.32, 412.23], [221.72, 417.41], [221.49, 419.03], [223.87, 427.02], [224.09, 430.33], [224.02, 431.72], [222.69, 435.05], [222.3, 439.65], [221.04, 444.77], [221.13, 447.4], [220.59, 451.43], [219.77, 454.12], [218.59, 456.1], [218.13, 459.1], [216.8, 460.93], [216.39, 460.93], [216.54, 461.54], [214.71, 462.63], [213.0, 466.05], [212.73, 467.38], [212.0, 467.83], [211.94, 470.47], [211.13, 471.07], [211.69, 471.26], [210.28, 473.3], [209.82, 474.85], [209.47, 478.77], [208.91, 478.99], [208.88, 480.03], [208.24, 480.31], [206.3, 485.04], [205.08, 492.77], [205.22, 495.93], [204.94, 497.99], [204.3, 498.14], [202.59, 499.85], [196.26, 500.3], [194.25, 501.09], [191.75, 503.27], [188.95, 506.66], [185.63, 507.15], [186.24, 508.43], [186.92, 508.02], [187.01, 509.73], [186.57, 510.35], [185.32, 508.21], [184.86, 507.97], [184.16, 508.49], [183.41, 506.69], [182.45, 506.61], [181.36, 505.69], [182.12, 504.6], [181.77, 503.46], [180.82, 503.41], [180.29, 504.53], [179.09, 505.42], [177.83, 504.2], [178.84, 504.22], [179.92, 502.29], [178.73, 500.83], [176.15, 502.64], [177.56, 503.2], [174.63, 505.13], [173.12, 506.93], [171.7, 507.87], [170.08, 507.27], [166.07, 504.55], [164.68, 504.65], [163.31, 503.76], [162.27, 503.67], [161.59, 504.56], [160.71, 504.37], [158.56, 502.18], [156.57, 501.81], [155.34, 500.81], [154.41, 498.86], [152.19, 495.83], [151.95, 494.41], [152.57, 491.37], [151.9, 489.15], [150.53, 486.39], [147.95, 483.11], [148.46, 483.25], [149.03, 482.67], [149.61, 483.34], [149.8, 481.93], [149.58, 481.54], [149.11, 481.33], [147.46, 482.77], [145.62, 483.58], [143.87, 483.35], [144.99, 481.16], [145.57, 478.86], [145.46, 476.87], [143.37, 472.33], [142.49, 474.52], [142.26, 476.59], [141.31, 479.76], [137.11, 480.5], [137.79, 478.03], [139.75, 478.01], [140.28, 475.6], [140.28, 472.26], [141.09, 469.95], [142.56, 467.82], [142.14, 464.92], [142.87, 464.11], [142.46, 461.64], [141.78, 460.17], [141.82, 462.04], [140.01, 464.87], [138.95, 468.2], [134.75, 471.26], [131.95, 476.08], [132.36, 478.53], [131.44, 477.63], [130.68, 478.21], [129.0, 475.94], [127.96, 475.51], [128.44, 474.76], [129.29, 475.6], [129.66, 475.47], [128.45, 470.72], [126.74, 468.18], [125.86, 465.34], [125.28, 464.84], [123.68, 464.65], [122.64, 461.47], [123.3, 461.33], [123.34, 459.94], [120.38, 457.33], [118.02, 457.15], [115.66, 455.42], [112.84, 455.8], [110.27, 453.43], [107.27, 451.9], [105.4, 452.72], [102.0, 452.53], [95.85, 453.48], [91.28, 456.26], [87.4, 457.77], [80.1, 458.02], [74.08, 462.49], [71.41, 463.51], [69.45, 467.95], [67.58, 470.39], [66.84, 470.31], [66.02, 470.94], [65.29, 470.27], [63.78, 470.2], [60.53, 470.97], [60.06, 470.07], [56.65, 469.71], [51.52, 470.75], [48.59, 470.84], [47.45, 471.8], [46.49, 473.85], [45.44, 474.52], [43.6, 474.7], [39.66, 478.57], [38.24, 479.09], [36.78, 479.42], [31.24, 478.58], [28.49, 477.11], [26.29, 474.29], [24.8, 473.35], [24.02, 473.64], [23.4, 472.99], [23.32, 467.33], [24.3, 468.31], [25.22, 468.28], [26.04, 467.45], [26.91, 464.86], [26.57, 460.85], [27.04, 460.09], [27.13, 458.81], [26.99, 453.42], [23.76, 444.75], [23.19, 440.79], [23.14, 436.14], [22.61, 433.92], [21.42, 431.85], [20.95, 429.33], [19.02, 425.8], [18.3, 420.2], [13.92, 411.3], [14.64, 411.77], [14.81, 410.52], [15.98, 414.17], [16.77, 414.45], [17.31, 413.73], [17.39, 412.44], [16.02, 410.66], [15.02, 407.71], [15.31, 406.84], [16.67, 408.61], [16.72, 410.9], [16.94, 411.13], [17.4, 410.02], [18.12, 412.36], [18.63, 412.91], [19.28, 412.12], [19.27, 408.77], [16.45, 402.09], [15.13, 397.95], [15.51, 393.63], [16.9, 390.18], [17.09, 386.33], [16.51, 384.21], [18.28, 378.44], [18.8, 378.03], [18.64, 380.73], [19.01, 381.81], [18.89, 383.03], [20.12, 381.95], [21.85, 377.99], [25.73, 375.46], [28.61, 371.93], [32.23, 369.06], [34.48, 368.96], [35.86, 369.57], [39.99, 366.93], [42.86, 366.06], [44.69, 364.02], [47.19, 364.35], [51.6, 362.85], [54.53, 361.04], [56.3, 358.86], [58.88, 352.42], [61.54, 349.63], [61.62, 349.06], [60.98, 348.54], [60.51, 345.33], [60.58, 343.53], [61.1, 342.17], [63.49, 339.52], [64.51, 336.8], [64.79, 336.83], [65.68, 340.09], [67.87, 345.12], [68.03, 341.37], [69.26, 342.06], [69.49, 340.52], [67.49, 337.25], [68.19, 336.68], [68.1, 335.21], [68.73, 334.97], [69.41, 336.42], [70.37, 335.52], [71.7, 336.46], [74.15, 336.57], [72.24, 335.78], [72.3, 334.52], [73.14, 334.37], [73.51, 332.5], [73.51, 332.01], [72.76, 333.29], [72.12, 331.65], [72.42, 329.63], [73.06, 329.65], [73.73, 328.6], [73.74, 327.95], [75.42, 329.42], [75.66, 329.24], [75.72, 328.2], [74.86, 328.22], [74.5, 327.08], [75.46, 326.4], [75.54, 325.89], [77.19, 326.77], [77.33, 325.97], [76.6, 325.43], [76.27, 323.68], [76.82, 322.68], [78.35, 321.91], [78.6, 320.18], [79.0, 320.44], [78.78, 322.26], [79.18, 321.61], [79.6, 321.8], [79.97, 322.94], [80.64, 321.99], [81.11, 319.09], [80.81, 318.04], [81.49, 318.23], [81.88, 319.46], [82.63, 318.36], [83.5, 319.44], [84.59, 317.87], [84.57, 316.6], [85.23, 316.26], [88.11, 318.46], [91.97, 323.96], [91.35, 326.53], [91.29, 328.37], [91.74, 327.58], [92.25, 328.14], [91.84, 326.19], [93.06, 324.55], [93.92, 324.13], [96.43, 324.97], [96.99, 325.76], [97.25, 327.08], [97.52, 324.87], [98.51, 325.35], [99.43, 326.92], [99.44, 324.72], [100.54, 324.55], [99.27, 323.16], [99.76, 322.47], [99.29, 322.49], [98.1, 321.21], [98.52, 319.85], [99.82, 318.06], [100.49, 314.95], [102.03, 314.0], [102.68, 312.88], [102.03, 311.69], [102.2, 310.25], [102.98, 309.68], [103.41, 308.19], [104.54, 307.88], [104.56, 306.23], [105.15, 306.2], [105.84, 307.2], [105.87, 305.74], [106.65, 305.55], [106.63, 304.57], [107.67, 304.29], [108.04, 303.45], [108.3, 304.54], [108.8, 305.05], [111.14, 304.71], [112.06, 305.08], [113.04, 304.35], [113.86, 305.19], [114.38, 303.96], [115.43, 303.88], [115.0, 303.2], [115.23, 300.25], [114.19, 299.05], [112.42, 299.12], [110.8, 297.6], [111.52, 296.67], [112.53, 297.67], [113.09, 296.85], [113.46, 297.0], [115.27, 299.16], [116.18, 298.28], [116.72, 298.4], [117.88, 300.68], [119.69, 301.53], [121.62, 301.65], [124.29, 303.34], [125.91, 302.81], [127.47, 304.41], [128.45, 304.63], [132.11, 301.6], [131.65, 302.56], [131.94, 302.88], [130.98, 304.54], [131.18, 304.78], [132.19, 304.1], [132.56, 304.4], [132.94, 306.16], [133.87, 306.25], [134.22, 305.27], [133.81, 304.26], [134.82, 302.56], [135.32, 302.61], [136.25, 304.66], [137.18, 304.79], [137.44, 305.61], [135.31, 308.93], [135.6, 310.6], [134.91, 312.29], [134.04, 311.63], [132.14, 312.9], [132.46, 316.76], [132.28, 317.72], [131.91, 319.38], [129.42, 324.01], [129.67, 325.27], [133.58, 328.94], [134.03, 330.21], [135.55, 331.25], [136.18, 331.09], [136.14, 332.24], [136.59, 332.69], [137.72, 332.57], [141.37, 335.28], [142.46, 337.14], [144.18, 338.99], [148.16, 340.37], [149.4, 343.65], [153.49, 346.51], [155.96, 345.91], [157.62, 344.3], [158.33, 341.25], [160.02, 337.04], [160.65, 334.03], [160.85, 330.48], [161.76, 326.29], [161.22, 321.81], [161.59, 319.38], [160.96, 316.67], [161.86, 312.55], [161.69, 310.14], [162.57, 308.88], [163.29, 309.07], [163.34, 308.59], [162.93, 307.35], [162.03, 306.69], [162.08, 305.62], [163.03, 302.75], [163.5, 303.35], [164.58, 294.88], [165.4, 294.41], [166.08, 293.06], [166.85, 293.37], [166.58, 294.33], [167.76, 296.17], [168.24, 301.57], [168.84, 302.31], [169.83, 302.59], [169.47, 305.25], [170.22, 305.97], [170.99, 307.82], [171.95, 313.96], [171.75, 316.24], [172.83, 320.88], [173.9, 321.75], [175.19, 320.52], [176.56, 319.99], [177.47, 321.98], [180.79, 325.42], [180.71, 329.5], [181.68, 333.93], [181.51, 336.6], [183.22, 340.22], [184.04, 340.47], [183.99, 341.67], [185.15, 345.99], [184.66, 350.86], [185.65, 352.67], [186.23, 353.01], [186.04, 355.21], [186.49, 356.24], [188.09, 357.85], [189.71, 358.38], [190.41, 359.42], [191.87, 359.31], [193.55, 362.3], [196.8, 364.73], [198.01, 365.17], [198.84, 366.27], [199.49, 367.73], [198.69, 367.63], [198.44, 368.49], [201.15, 372.66], [201.8, 375.34], [202.45, 376.12], [202.81, 379.52], [203.75, 382.71], [204.36, 382.32], [205.15, 383.55], [204.99, 381.7], [205.39, 380.63], [208.1, 383.61], [208.24, 382.28], [208.52, 382.15], [209.26, 383.74], [209.67, 390.48], [211.28, 392.97], [213.09, 394.72]], [[274.06, 502.44], [273.53, 502.33], [272.94, 501.8], [273.26, 501.25], [274.43, 501.0], [273.31, 500.42], [274.17, 500.33], [275.31, 500.63], [277.29, 499.62], [277.67, 499.61], [278.78, 500.16], [280.48, 499.89], [282.5, 500.87], [282.95, 501.43], [282.53, 501.24], [282.09, 501.35], [281.69, 501.85], [282.26, 502.08], [283.31, 502.11], [284.01, 502.89], [287.25, 504.36], [292.01, 505.85], [294.2, 506.22], [296.72, 506.31], [295.96, 506.92], [295.41, 507.03], [293.25, 507.04], [290.73, 507.39], [288.84, 507.06], [283.03, 506.73], [279.13, 507.02], [277.3, 506.86], [276.24, 506.41], [274.85, 506.73], [273.72, 506.53], [272.75, 506.71], [268.49, 506.12], [266.74, 506.14], [266.31, 505.84], [266.89, 505.55], [267.76, 505.74], [268.89, 505.43], [270.13, 505.58], [271.41, 505.22], [271.86, 505.29], [271.84, 505.71], [273.97, 505.87], [272.58, 505.15], [271.87, 505.01], [271.86, 505.2], [271.12, 504.56], [271.1, 503.87], [272.11, 503.68], [271.88, 503.39], [272.62, 503.09], [273.3, 504.18], [272.18, 504.24], [272.6, 504.64], [273.9, 505.07], [273.91, 505.28], [275.05, 505.39], [276.18, 505.16], [277.88, 505.56], [278.11, 505.97], [279.32, 505.53], [275.07, 504.56], [274.33, 503.88], [274.34, 503.5], [274.6, 503.38], [277.94, 502.64], [277.76, 502.31], [276.12, 502.2], [274.06, 502.44]], [[422.07, 60.46], [419.53, 61.22], [418.06, 60.7], [418.64, 60.31], [419.32, 60.54], [419.04, 59.6], [420.25, 60.03], [421.09, 59.72], [420.02, 59.58], [419.7, 59.28], [420.48, 59.15], [419.84, 58.55], [419.94, 58.32], [420.71, 58.52], [420.29, 58.15], [420.67, 57.83], [421.66, 58.25], [421.77, 58.7], [422.68, 58.51], [422.8, 59.2], [423.24, 59.03], [423.23, 58.32], [421.95, 57.69], [423.13, 57.46], [422.62, 57.15], [421.52, 57.14], [422.1, 56.7], [423.28, 56.74], [425.87, 58.51], [425.59, 58.77], [426.12, 59.08], [425.95, 59.75], [425.23, 59.83], [425.98, 60.47], [425.81, 60.93], [426.32, 61.16], [426.58, 61.83], [427.06, 60.53], [427.41, 60.22], [427.73, 60.1], [428.3, 60.5], [428.55, 59.85], [428.55, 58.48], [428.93, 58.19], [430.75, 59.64], [431.03, 58.29], [432.39, 57.82], [433.84, 59.13], [434.26, 59.94], [434.51, 59.82], [433.74, 58.22], [433.79, 57.94], [434.78, 58.0], [435.69, 58.78], [436.7, 57.74], [437.5, 58.08], [438.4, 57.77], [438.55, 57.41], [438.26, 56.67], [439.55, 56.32], [440.8, 57.63], [442.55, 56.96], [443.21, 56.96], [442.41, 57.38], [441.88, 58.08], [442.95, 58.54], [442.98, 59.08], [442.59, 59.58], [443.73, 59.56], [443.92, 60.01], [443.52, 60.48], [444.3, 60.19], [445.7, 60.73], [445.57, 61.25], [445.22, 61.45], [445.64, 61.8], [445.35, 62.16], [445.79, 62.37], [445.82, 62.7], [445.1, 63.03], [445.1, 63.6], [444.61, 64.13], [443.75, 64.11], [443.77, 64.41], [443.54, 64.59], [443.63, 65.02], [443.13, 65.56], [442.13, 66.08], [440.06, 66.6], [438.01, 67.96], [435.01, 68.63], [434.68, 69.41], [433.9, 69.43], [433.98, 69.68], [432.88, 69.97], [428.95, 69.32], [428.2, 68.74], [428.3, 68.27], [427.8, 68.52], [426.56, 67.87], [426.64, 67.64], [425.77, 67.99], [422.7, 68.13], [422.47, 67.29], [422.58, 67.01], [423.07, 67.41], [423.89, 67.2], [424.7, 66.59], [425.38, 65.59], [424.23, 66.0], [424.61, 65.66], [424.36, 65.57], [424.55, 64.9], [424.09, 65.04], [423.54, 64.64], [423.73, 64.19], [423.17, 63.9], [420.93, 63.77], [419.73, 64.14], [419.21, 63.6], [422.36, 62.8], [424.64, 62.79], [424.97, 62.24], [424.11, 62.45], [423.07, 62.14], [424.76, 61.04], [422.07, 60.46]], [[318.17, 50.78], [317.14, 51.15], [316.26, 50.93], [315.44, 50.46], [316.07, 50.1], [314.43, 50.2], [313.17, 49.86], [312.24, 49.17], [312.59, 48.89], [312.4, 48.63], [312.76, 48.24], [313.93, 47.8], [314.97, 47.77], [317.79, 47.17], [317.61, 46.95], [318.52, 46.72], [319.96, 46.51], [321.76, 46.53], [322.12, 46.37], [322.87, 45.64], [323.57, 44.05], [324.34, 43.81], [324.3, 43.62], [322.14, 43.99], [320.68, 43.83], [320.27, 43.56], [320.2, 43.24], [320.47, 42.87], [322.37, 42.13], [323.97, 41.25], [325.08, 41.09], [326.02, 41.58], [325.77, 41.02], [326.11, 40.66], [328.31, 40.88], [328.78, 40.13], [328.64, 39.12], [329.73, 38.63], [331.34, 38.77], [332.88, 39.38], [332.97, 39.17], [331.36, 38.5], [332.14, 38.2], [336.61, 37.77], [338.02, 37.48], [338.81, 37.68], [339.25, 38.0], [339.42, 39.43], [340.14, 38.82], [340.3, 38.35], [340.06, 38.13], [340.17, 37.56], [340.52, 37.56], [343.17, 38.75], [345.08, 38.69], [343.42, 37.8], [343.03, 37.17], [344.38, 37.14], [346.03, 37.33], [351.86, 39.08], [352.14, 38.89], [351.99, 38.17], [352.12, 37.73], [352.55, 37.43], [352.43, 37.14], [350.69, 36.37], [353.76, 36.38], [353.77, 36.13], [349.88, 36.05], [349.4, 35.78], [349.83, 35.46], [350.9, 35.6], [354.29, 34.89], [356.7, 35.36], [358.03, 34.7], [360.04, 35.15], [361.13, 35.66], [361.44, 35.2], [360.59, 34.92], [360.29, 34.59], [361.74, 34.25], [363.03, 34.36], [363.31, 34.16], [367.21, 34.18], [368.42, 33.99], [372.69, 34.08], [378.56, 34.91], [374.0, 35.18], [374.0, 35.42], [376.85, 35.46], [379.5, 35.19], [380.42, 36.0], [383.16, 36.25], [384.34, 36.55], [384.58, 36.79], [383.91, 37.16], [382.33, 37.56], [373.22, 38.02], [372.78, 38.31], [372.89, 38.59], [373.27, 38.63], [375.67, 38.33], [379.46, 38.46], [380.25, 38.79], [380.67, 39.3], [381.79, 39.1], [382.24, 38.49], [382.58, 38.38], [384.84, 38.27], [385.13, 38.64], [385.11, 39.31], [384.6, 40.04], [382.31, 41.53], [382.37, 41.65], [385.47, 40.49], [387.25, 39.45], [387.82, 39.44], [387.92, 39.81], [390.31, 40.13], [392.2, 39.01], [393.14, 38.82], [394.85, 38.86], [397.4, 39.24], [398.81, 39.87], [396.41, 41.08], [394.43, 41.36], [394.85, 41.72], [394.46, 42.03], [391.29, 42.46], [392.45, 42.91], [391.67, 43.37], [389.44, 43.58], [387.53, 43.34], [386.51, 44.03], [386.62, 44.7], [387.63, 44.81], [387.55, 45.89], [387.92, 45.96], [388.14, 46.37], [387.11, 46.68], [386.65, 47.3], [385.85, 47.41], [385.12, 47.82], [385.37, 48.11], [384.28, 50.48], [384.5, 50.64], [384.78, 50.51], [385.51, 49.91], [387.44, 50.44], [387.72, 50.82], [386.49, 50.53], [385.76, 50.73], [386.39, 51.43], [387.71, 51.83], [388.92, 51.72], [389.13, 52.08], [389.07, 52.68], [388.69, 53.12], [386.91, 52.7], [386.04, 52.68], [385.39, 52.77], [384.44, 53.33], [383.43, 53.03], [383.05, 53.35], [384.07, 53.65], [384.24, 54.14], [384.62, 54.5], [385.47, 54.4], [386.58, 54.64], [386.92, 54.92], [386.78, 55.26], [387.42, 55.93], [387.6, 57.22], [387.39, 57.55], [387.01, 57.61], [386.44, 57.19], [386.04, 57.17], [385.24, 57.69], [385.6, 58.6], [385.05, 59.27], [385.86, 58.81], [386.13, 58.12], [386.42, 58.0], [386.74, 58.12], [387.38, 59.1], [387.73, 59.32], [387.75, 59.89], [387.22, 60.12], [386.36, 60.06], [386.4, 60.28], [385.13, 60.54], [383.97, 60.17], [384.19, 59.62], [383.43, 60.05], [383.63, 60.27], [383.43, 60.67], [383.71, 60.88], [386.2, 61.28], [386.0, 62.28], [385.82, 62.36], [384.54, 62.44], [383.41, 62.89], [382.16, 62.54], [381.42, 62.13], [380.86, 61.51], [379.24, 62.55], [381.22, 62.53], [383.85, 63.87], [383.8, 65.33], [383.51, 65.48], [383.49, 66.11], [380.98, 65.05], [380.19, 63.54], [379.86, 63.65], [380.17, 64.81], [379.99, 65.35], [380.27, 65.27], [383.2, 66.69], [383.38, 67.09], [383.96, 67.16], [383.19, 67.84], [383.28, 68.66], [383.48, 68.03], [383.96, 67.82], [384.25, 67.9], [384.57, 70.59], [383.98, 70.82], [383.36, 70.75], [383.3, 69.87], [383.15, 69.86], [382.93, 70.82], [382.03, 70.79], [381.12, 70.23], [380.71, 69.11], [380.29, 68.62], [378.26, 67.56], [378.73, 68.5], [378.24, 68.98], [377.25, 69.38], [375.42, 69.29], [375.47, 69.69], [375.24, 70.21], [374.26, 70.65], [376.01, 70.91], [377.21, 70.71], [377.54, 70.93], [376.06, 71.69], [375.97, 71.96], [376.31, 72.07], [376.81, 71.48], [378.04, 71.36], [378.92, 71.06], [381.55, 71.66], [383.61, 71.75], [383.29, 72.09], [382.37, 72.37], [382.42, 72.63], [381.27, 72.78], [381.45, 73.2], [380.66, 73.21], [380.66, 73.62], [379.4, 74.13], [379.54, 74.4], [378.9, 74.74], [378.69, 75.18], [377.58, 75.77], [373.68, 76.81], [372.81, 76.77], [372.35, 77.09], [371.61, 76.94], [371.76, 77.32], [371.24, 77.48], [370.62, 77.29], [369.34, 76.42], [369.55, 76.93], [369.28, 77.05], [369.57, 77.68], [368.24, 78.62], [366.84, 81.23], [366.6, 81.51], [366.39, 81.49], [366.09, 82.03], [365.3, 82.56], [364.99, 82.53], [364.35, 82.01], [364.68, 82.87], [363.63, 83.75], [363.55, 82.83], [363.22, 83.86], [362.85, 83.87], [362.66, 83.61], [362.31, 83.84], [362.17, 84.21], [361.69, 84.38], [361.34, 84.05], [361.64, 83.3], [362.36, 82.39], [361.2, 82.17], [361.69, 82.5], [361.16, 83.47], [361.02, 83.41], [361.06, 84.05], [360.45, 84.29], [358.28, 84.47], [359.12, 85.08], [358.17, 85.89], [357.58, 85.72], [356.99, 85.74], [356.99, 85.93], [357.16, 86.4], [357.6, 86.27], [358.27, 87.5], [357.85, 87.87], [357.54, 87.91], [357.42, 88.21], [356.33, 88.02], [357.07, 88.49], [357.65, 88.47], [357.75, 89.61], [357.44, 89.88], [357.43, 90.14], [357.05, 90.19], [356.96, 90.87], [356.57, 91.47], [355.77, 91.43], [356.22, 91.72], [355.83, 92.37], [354.62, 92.42], [355.49, 92.84], [355.25, 93.99], [355.55, 94.82], [354.88, 95.22], [355.25, 95.32], [354.69, 97.88], [354.23, 98.57], [352.91, 98.35], [353.99, 98.95], [354.11, 99.9], [353.83, 100.29], [352.94, 100.0], [353.36, 100.49], [353.0, 100.62], [352.71, 100.58], [352.78, 100.3], [352.29, 100.31], [352.19, 99.8], [352.01, 100.04], [350.93, 99.49], [350.95, 99.0], [351.16, 98.91], [349.99, 98.32], [349.86, 97.86], [350.28, 96.85], [349.24, 97.34], [348.83, 97.75], [347.53, 97.72], [347.62, 98.0], [347.48, 98.01], [346.9, 97.78], [347.56, 97.24], [346.69, 97.23], [346.63, 96.72], [345.93, 96.49], [345.76, 95.79], [345.42, 95.61], [345.55, 95.33], [345.29, 94.75], [345.85, 94.36], [344.95, 94.44], [344.89, 94.02], [345.05, 93.78], [343.96, 93.14], [344.02, 92.4], [342.35, 89.85], [342.24, 88.83], [342.4, 88.78], [341.88, 88.12], [341.7, 88.25], [341.46, 87.7], [341.24, 85.61], [340.84, 85.12], [341.29, 84.75], [340.82, 84.75], [340.53, 84.39], [339.91, 84.39], [340.04, 83.31], [339.64, 83.12], [340.3, 82.65], [339.32, 82.82], [339.3, 82.09], [339.6, 81.42], [340.36, 80.71], [339.57, 80.65], [338.94, 80.06], [339.07, 79.27], [339.79, 78.8], [339.16, 78.91], [339.38, 78.1], [339.98, 77.05], [342.17, 77.48], [342.78, 76.55], [342.37, 76.53], [342.12, 76.87], [341.33, 77.02], [340.51, 76.77], [339.65, 76.81], [340.14, 75.93], [340.75, 75.65], [341.18, 75.67], [342.14, 76.14], [342.83, 75.96], [343.3, 75.42], [342.66, 75.56], [342.91, 74.25], [343.29, 72.98], [343.93, 72.61], [343.72, 72.22], [343.97, 71.96], [342.87, 71.88], [342.31, 72.07], [341.25, 71.87], [339.88, 71.02], [339.78, 71.15], [340.82, 72.1], [341.99, 72.56], [342.24, 73.25], [341.88, 73.65], [339.36, 74.45], [338.32, 73.95], [339.22, 73.73], [338.94, 73.48], [337.38, 73.25], [337.06, 72.89], [337.28, 72.09], [338.08, 72.11], [337.31, 71.74], [337.29, 71.18], [338.0, 70.84], [338.91, 71.02], [338.04, 70.09], [338.55, 69.75], [340.47, 69.94], [342.28, 70.81], [343.72, 71.19], [342.56, 70.39], [342.65, 69.65], [341.92, 69.21], [342.99, 69.23], [342.48, 68.91], [340.19, 68.74], [340.03, 68.37], [340.55, 67.84], [341.72, 67.55], [340.68, 67.36], [339.96, 67.74], [339.57, 67.62], [339.76, 67.21], [339.64, 66.62], [339.1, 67.35], [338.76, 67.4], [338.84, 67.96], [337.81, 68.22], [336.9, 68.05], [336.54, 67.7], [336.43, 67.32], [337.02, 65.88], [336.44, 65.83], [336.48, 65.61], [336.96, 65.46], [336.53, 65.18], [337.48, 64.85], [337.74, 64.49], [337.74, 64.01], [337.27, 63.61], [336.97, 63.84], [336.43, 63.63], [336.4, 63.34], [336.87, 63.09], [336.97, 62.74], [336.75, 62.37], [336.33, 62.58], [335.82, 62.1], [336.01, 61.53], [336.19, 61.53], [335.65, 60.5], [335.27, 60.35], [334.23, 60.52], [334.97, 60.25], [334.95, 59.66], [335.6, 59.38], [332.35, 57.09], [332.79, 56.65], [332.42, 56.14], [328.64, 54.87], [326.44, 54.65], [325.67, 54.36], [324.89, 54.76], [324.24, 54.46], [322.74, 54.96], [321.93, 54.61], [321.21, 54.89], [320.09, 54.46], [320.91, 55.34], [320.7, 55.37], [318.59, 55.04], [316.94, 54.23], [318.62, 53.45], [316.68, 53.25], [316.38, 52.99], [316.65, 52.51], [315.6, 53.05], [315.35, 53.0], [314.59, 52.29], [315.37, 51.93], [317.67, 51.92], [318.21, 51.5], [318.86, 51.4], [320.55, 51.44], [321.32, 51.68], [321.23, 51.36], [321.49, 51.02], [320.71, 50.54], [319.49, 51.0], [318.17, 50.78]], [[440.0, 119.03], [440.08, 118.11], [440.33, 117.77], [441.2, 117.78], [440.02, 117.09], [438.69, 118.05], [438.71, 116.87], [437.98, 117.48], [438.07, 118.66], [437.4, 120.65], [436.72, 120.94], [436.58, 120.62], [436.92, 119.42], [437.61, 118.49], [437.15, 118.43], [437.2, 117.17], [438.05, 114.77], [438.84, 113.49], [437.04, 114.68], [436.22, 114.52], [435.81, 113.85], [435.18, 113.76], [436.74, 113.0], [436.23, 112.74], [437.28, 111.69], [437.4, 111.01], [436.5, 110.25], [436.47, 109.78], [437.32, 109.37], [436.69, 108.74], [437.22, 107.62], [438.96, 107.62], [437.97, 106.64], [438.26, 105.76], [439.55, 105.63], [439.23, 104.99], [439.52, 104.04], [440.33, 104.01], [440.7, 104.34], [441.57, 104.03], [441.8, 104.32], [447.15, 103.69], [446.93, 104.87], [446.54, 105.32], [443.52, 107.22], [443.35, 107.78], [444.04, 107.95], [442.96, 109.21], [445.81, 108.53], [450.99, 108.56], [451.78, 109.03], [452.13, 109.65], [451.2, 110.88], [450.27, 112.94], [448.98, 114.52], [446.62, 115.39], [447.84, 115.38], [448.75, 115.79], [448.67, 116.13], [445.63, 117.46], [447.2, 117.71], [448.96, 117.31], [450.72, 117.96], [452.63, 119.7], [454.31, 124.23], [456.49, 125.28], [458.79, 127.29], [458.31, 127.8], [459.58, 129.95], [457.54, 129.15], [460.2, 131.38], [460.53, 132.3], [459.32, 133.63], [460.23, 134.14], [461.32, 133.31], [463.27, 133.35], [464.55, 133.69], [465.62, 134.42], [465.97, 135.91], [465.37, 137.74], [464.67, 138.39], [463.96, 138.51], [464.13, 139.17], [463.79, 139.39], [462.88, 139.37], [462.08, 139.78], [462.66, 139.99], [462.63, 140.6], [461.19, 141.04], [461.83, 141.57], [464.68, 141.69], [464.49, 142.78], [463.23, 143.34], [462.9, 143.98], [462.16, 143.94], [459.95, 144.83], [458.34, 144.56], [456.07, 144.82], [453.6, 144.13], [453.92, 144.53], [452.88, 144.99], [451.19, 145.03], [451.46, 145.54], [451.17, 145.67], [449.62, 145.69], [447.41, 145.07], [445.82, 145.51], [444.74, 147.56], [444.3, 147.62], [442.73, 146.76], [440.65, 147.3], [439.55, 147.98], [439.12, 148.62], [437.89, 148.27], [437.04, 148.41], [437.36, 147.79], [438.25, 147.53], [440.0, 146.03], [441.21, 144.76], [441.45, 143.71], [442.33, 143.45], [442.76, 142.61], [446.87, 142.52], [449.43, 139.91], [446.26, 141.55], [445.2, 141.43], [443.92, 140.5], [442.57, 140.62], [443.14, 140.14], [441.98, 139.72], [441.14, 139.74], [439.96, 140.32], [438.92, 139.72], [438.79, 139.09], [438.55, 138.99], [438.86, 138.63], [442.64, 136.91], [443.57, 135.53], [443.18, 135.19], [443.34, 134.68], [443.03, 134.08], [443.09, 133.58], [440.82, 134.15], [442.44, 132.38], [444.41, 131.53], [446.12, 131.32], [447.02, 131.78], [446.75, 131.07], [447.39, 130.8], [447.15, 130.46], [447.69, 129.31], [447.27, 129.09], [447.29, 128.4], [447.79, 128.12], [448.0, 127.2], [447.92, 126.98], [446.75, 127.24], [445.17, 125.47], [445.08, 124.96], [445.58, 123.87], [446.6, 122.94], [445.24, 122.96], [443.65, 123.83], [442.5, 123.48], [441.46, 123.95], [440.28, 123.49], [439.92, 124.31], [439.45, 123.93], [438.9, 122.76], [439.35, 122.74], [440.84, 120.06], [440.0, 119.03]], [[698.85, 62.12], [699.46, 62.14], [699.25, 62.75], [699.36, 65.18], [699.01, 65.91], [699.21, 67.86], [699.19, 71.19], [699.54, 71.81], [700.64, 72.78], [700.71, 73.15], [700.03, 74.36], [699.93, 76.04], [699.23, 76.77], [698.09, 79.07], [697.82, 79.34], [697.37, 79.25], [697.63, 80.38], [697.34, 80.37], [696.41, 81.03], [695.91, 80.66], [696.36, 80.1], [695.77, 80.31], [695.19, 79.65], [693.96, 79.78], [694.19, 80.68], [695.33, 81.46], [695.85, 81.71], [697.37, 81.7], [698.42, 82.14], [698.81, 81.83], [698.95, 80.91], [700.59, 79.7], [701.02, 79.16], [701.46, 77.48], [702.51, 76.06], [702.46, 74.81], [701.93, 73.41], [702.21, 72.08], [703.04, 71.64], [705.07, 71.18], [706.25, 73.23], [706.18, 76.03], [707.08, 76.86], [708.74, 76.8], [706.8, 76.13], [706.71, 75.1], [706.9, 74.36], [707.39, 74.08], [706.88, 71.48], [704.37, 70.14], [703.5, 70.13], [702.57, 70.71], [701.89, 70.5], [701.31, 70.62], [701.0, 70.28], [701.17, 69.39], [700.65, 68.21], [700.68, 67.82], [701.06, 66.33], [701.85, 64.71], [700.65, 62.12], [699.9, 61.19], [700.79, 59.58], [702.78, 58.37], [702.92, 57.89], [702.84, 56.73], [702.37, 55.64], [702.93, 55.48], [703.28, 55.72], [703.68, 56.6], [703.92, 57.77], [703.41, 59.03], [703.22, 59.13], [703.18, 59.72], [703.57, 60.36], [703.52, 60.84], [703.23, 61.26], [703.32, 61.62], [703.93, 61.93], [705.46, 62.19], [705.75, 62.49], [705.85, 62.28], [706.75, 62.33], [707.88, 63.3], [708.72, 63.24], [708.14, 62.91], [707.69, 61.93], [706.58, 61.75], [704.97, 60.77], [704.37, 59.32], [705.65, 58.83], [706.67, 59.6], [707.64, 59.34], [707.71, 59.16], [707.37, 58.59], [706.46, 58.53], [706.54, 58.19], [707.28, 57.63], [708.07, 57.37], [709.48, 57.42], [710.33, 58.07], [711.56, 58.62], [711.71, 59.1], [712.96, 60.13], [714.63, 59.94], [715.17, 60.12], [715.36, 60.33], [714.97, 61.2], [713.96, 61.97], [713.84, 63.03], [714.1, 64.29], [714.39, 63.47], [714.82, 63.21], [715.04, 63.45], [715.08, 64.72], [714.53, 66.18], [714.8, 66.64], [715.14, 66.69], [715.14, 65.95], [715.78, 65.67], [716.14, 64.86], [715.24, 62.61], [715.84, 60.83], [715.81, 60.26], [715.31, 59.49], [714.46, 59.29], [713.61, 57.91], [712.07, 57.4], [711.63, 57.0], [711.34, 56.08], [711.61, 55.12], [711.06, 54.55], [710.83, 53.44], [711.15, 52.97], [711.11, 52.59], [713.13, 52.27], [715.77, 52.24], [717.61, 51.86], [718.31, 52.03], [718.7, 51.98], [718.95, 51.63], [720.91, 51.37], [721.12, 51.63], [719.24, 52.95], [721.27, 52.47], [721.96, 51.68], [721.4, 51.41], [720.4, 49.92], [719.52, 49.63], [719.8, 49.19], [720.12, 49.09], [720.89, 49.59], [721.4, 49.44], [720.16, 48.54], [719.17, 48.29], [719.31, 47.91], [719.6, 47.96], [719.82, 47.61], [720.5, 48.15], [720.83, 48.01], [721.69, 47.11], [721.76, 46.82], [720.94, 46.59], [721.04, 46.18], [722.07, 46.34], [723.66, 45.37], [724.52, 44.96], [724.95, 45.0], [725.83, 44.46], [727.78, 44.22], [730.77, 43.27], [730.27, 42.95], [729.84, 43.15], [729.9, 42.46], [730.13, 42.67], [730.34, 42.36], [730.95, 42.55], [732.31, 42.14], [733.83, 42.2], [734.62, 42.44], [734.04, 43.22], [735.46, 42.82], [735.34, 43.23], [736.59, 42.65], [736.84, 42.87], [737.08, 42.47], [738.68, 41.83], [740.58, 42.77], [740.56, 42.29], [738.91, 40.88], [742.2, 40.71], [742.51, 39.99], [742.22, 39.51], [742.3, 38.83], [743.04, 37.97], [744.67, 36.72], [746.91, 35.84], [749.35, 36.63], [749.91, 37.18], [748.96, 37.82], [747.44, 38.38], [749.38, 38.38], [749.5, 38.78], [749.66, 38.8], [751.35, 38.65], [752.1, 39.08], [750.75, 40.77], [752.59, 40.73], [752.87, 40.54], [753.05, 39.94], [753.29, 39.86], [757.75, 39.92], [758.78, 40.4], [759.24, 40.89], [759.02, 41.3], [759.55, 41.08], [760.05, 41.28], [760.37, 42.43], [760.82, 42.12], [760.59, 41.86], [760.99, 41.8], [761.42, 43.25], [761.83, 43.12], [761.86, 43.39], [761.35, 44.59], [761.2, 44.13], [759.82, 43.47], [760.58, 44.56], [760.99, 44.4], [761.72, 45.05], [761.57, 45.69], [760.57, 46.82], [755.87, 49.62], [755.98, 49.87], [755.83, 50.24], [754.72, 50.79], [753.41, 52.16], [752.0, 52.46], [751.09, 53.63], [750.34, 53.72], [749.56, 55.12], [748.74, 55.86], [749.6, 55.62], [750.77, 54.4], [752.71, 54.26], [753.64, 53.71], [754.76, 53.44], [755.13, 53.0], [755.93, 53.06], [757.47, 52.01], [757.24, 51.81], [755.77, 52.05], [755.64, 51.73], [755.94, 51.21], [756.53, 50.85], [757.74, 51.17], [757.85, 50.71], [758.49, 50.81], [758.0, 51.05], [758.28, 51.62], [759.41, 52.1], [760.4, 51.95], [760.61, 51.59], [760.44, 51.07], [760.74, 51.27], [761.33, 52.34], [760.94, 53.1], [761.44, 53.56], [761.43, 54.12], [762.04, 53.56], [761.52, 53.21], [761.47, 52.92], [762.31, 52.6], [763.43, 52.5], [764.21, 52.11], [768.9, 52.56], [769.53, 52.76], [769.62, 52.99], [768.91, 53.06], [768.87, 53.94], [770.77, 54.99], [773.76, 55.03], [775.72, 55.62], [774.99, 55.04], [775.02, 54.85], [776.07, 55.12], [776.78, 54.16], [776.32, 53.2], [776.46, 52.37], [777.04, 52.41], [777.36, 52.06], [778.18, 51.91], [779.83, 52.84], [779.8, 53.14], [780.81, 52.73], [780.95, 52.9], [780.87, 53.35], [781.26, 53.59], [781.97, 52.73], [783.05, 52.99], [783.8, 53.58], [783.77, 53.84], [784.2, 53.84], [784.61, 54.13], [784.66, 54.45], [784.92, 54.44], [784.87, 54.71], [784.28, 55.34], [784.88, 55.42], [785.26, 56.11], [784.08, 56.81], [785.37, 57.2], [785.58, 57.69], [785.59, 58.3], [785.42, 58.6], [784.9, 58.66], [783.0, 57.19], [784.87, 59.97], [785.17, 59.69], [785.18, 59.17], [785.31, 59.31], [785.67, 60.02], [784.76, 60.34], [784.88, 60.59], [785.2, 60.62], [786.15, 62.53], [787.35, 63.45], [787.55, 63.47], [787.67, 63.17], [788.1, 64.04], [788.47, 63.96], [788.9, 63.41], [789.59, 62.02], [789.53, 61.59], [789.86, 60.41], [790.48, 59.26], [791.14, 60.53], [791.98, 61.23], [793.51, 61.42], [793.95, 60.89], [794.75, 60.5], [795.59, 60.47], [797.31, 61.33], [798.33, 62.2], [799.23, 61.71], [798.61, 61.47], [799.11, 60.62], [799.56, 60.76], [799.95, 60.49], [800.61, 61.23], [801.79, 61.04], [801.36, 60.2], [801.41, 59.46], [800.85, 59.19], [801.28, 59.0], [801.72, 58.16], [801.24, 58.09], [800.57, 58.34], [800.51, 57.66], [801.21, 56.99], [802.49, 57.0], [803.45, 56.62], [803.28, 56.1], [802.79, 55.59], [803.02, 55.39], [804.94, 56.08], [807.15, 56.17], [811.28, 57.19], [811.26, 57.57], [809.24, 57.39], [808.16, 57.95], [808.62, 58.29], [809.47, 57.94], [812.18, 57.79], [811.78, 58.6], [811.1, 59.21], [810.94, 59.21], [811.27, 58.43], [810.56, 58.08], [810.43, 58.72], [810.57, 59.23], [810.04, 59.43], [809.52, 59.29], [809.4, 59.99], [809.71, 60.22], [811.05, 59.76], [812.84, 57.66], [814.57, 57.72], [816.24, 58.32], [816.96, 59.02], [817.04, 59.41], [815.57, 59.81], [815.38, 60.14], [816.8, 60.59], [817.11, 60.96], [817.9, 60.91], [818.0, 61.18], [817.21, 62.09], [818.45, 61.48], [819.38, 61.85], [820.18, 62.92], [819.69, 63.09], [820.83, 63.69], [822.78, 63.5], [825.97, 62.63], [828.35, 62.72], [830.26, 63.28], [831.25, 63.86], [831.8, 64.42], [832.21, 65.79], [831.83, 67.58], [831.99, 67.92], [833.63, 68.64], [833.85, 70.7], [834.27, 71.17], [834.37, 71.8], [834.66, 71.48], [834.6, 69.56], [835.54, 68.62], [837.11, 68.2], [838.24, 68.12], [839.12, 68.63], [842.65, 69.08], [843.86, 68.1], [844.21, 68.15], [844.68, 68.76], [844.93, 70.0], [846.47, 70.78], [846.93, 71.96], [848.34, 71.8], [849.04, 70.92], [848.38, 68.74], [847.73, 68.56], [848.23, 67.63], [848.17, 66.61], [851.36, 67.18], [852.47, 67.76], [852.7, 67.26], [854.76, 67.63], [856.5, 67.47], [858.05, 68.49], [860.99, 69.54], [861.15, 69.9], [861.64, 70.05], [862.75, 71.17], [864.43, 72.08], [866.48, 73.93], [866.26, 74.22], [866.84, 74.23], [869.84, 76.43], [870.05, 77.58], [870.35, 77.4], [870.58, 77.76], [870.45, 78.79], [870.71, 80.04], [870.48, 80.69], [871.12, 81.03], [871.3, 81.82], [871.76, 81.3], [871.96, 81.98], [872.23, 81.45], [871.53, 80.65], [871.86, 80.06], [871.72, 79.39], [871.03, 78.79], [872.3, 78.56], [873.11, 78.82], [872.94, 79.15], [874.03, 79.33], [873.31, 78.88], [875.16, 79.42], [875.87, 80.46], [877.52, 82.02], [877.62, 82.52], [878.34, 82.63], [878.42, 82.98], [878.26, 83.22], [877.75, 83.17], [877.17, 83.75], [877.14, 84.59], [876.98, 84.73], [875.79, 84.04], [876.39, 85.03], [876.22, 85.22], [875.09, 85.24], [874.29, 84.54], [873.76, 84.5], [874.42, 85.24], [874.32, 85.43], [874.6, 85.41], [874.49, 86.14], [873.96, 86.25], [874.53, 86.42], [874.65, 87.06], [874.09, 87.63], [873.38, 87.88], [873.79, 88.11], [873.67, 88.77], [874.31, 89.12], [874.5, 89.58], [873.96, 89.66], [873.8, 89.07], [873.6, 89.11], [873.7, 89.84], [873.36, 90.2], [873.0, 89.89], [873.19, 89.04], [872.65, 89.85], [872.45, 89.85], [871.1, 88.4], [870.37, 88.01], [869.76, 88.0], [869.12, 87.21], [869.1, 86.31], [868.73, 85.35], [867.26, 84.77], [866.6, 85.22], [865.19, 85.25], [865.06, 84.26], [864.62, 83.76], [864.39, 83.08], [864.68, 83.16], [865.01, 81.59], [864.5, 82.46], [864.13, 82.27], [864.07, 81.7], [863.77, 82.05], [863.8, 82.55], [863.22, 82.74], [863.09, 83.61], [863.19, 84.0], [863.74, 84.67], [863.76, 85.16], [863.22, 86.49], [861.93, 87.96], [860.52, 88.85], [859.34, 88.39], [858.34, 87.01], [858.19, 87.1], [858.54, 87.8], [858.31, 88.11], [856.96, 87.55], [857.28, 88.65], [857.45, 88.53], [857.86, 88.8], [858.79, 88.16], [858.86, 89.49], [859.25, 90.05], [859.89, 90.45], [860.08, 89.81], [860.45, 90.76], [860.41, 91.23], [860.71, 91.42], [860.83, 92.62], [860.25, 92.95], [860.92, 93.12], [861.12, 93.92], [861.74, 94.54], [861.84, 94.99], [861.63, 95.28], [862.09, 96.22], [861.95, 96.87], [861.5, 97.45], [861.41, 98.05], [859.76, 97.15], [858.65, 96.94], [858.72, 96.2], [858.25, 96.22], [858.16, 96.7], [858.45, 97.09], [857.76, 97.31], [857.19, 97.96], [854.74, 99.57], [854.44, 100.07], [853.87, 100.18], [853.39, 100.65], [853.08, 100.5], [852.32, 101.75], [851.76, 101.41], [851.98, 102.13], [851.71, 102.12], [851.49, 102.62], [851.21, 102.72], [851.2, 103.14], [848.52, 105.68], [848.18, 107.59], [847.6, 107.17], [847.01, 105.67], [846.4, 105.03], [844.74, 105.11], [843.36, 105.79], [841.95, 108.02], [841.82, 108.05], [841.73, 107.52], [842.02, 105.47], [841.76, 105.49], [840.09, 107.03], [839.88, 108.06], [839.61, 107.93], [839.21, 107.18], [838.98, 107.19], [838.57, 107.83], [838.61, 107.48], [838.02, 107.31], [837.44, 108.3], [837.29, 110.23], [837.01, 110.93], [836.78, 110.99], [836.83, 111.51], [836.05, 112.63], [835.58, 113.69], [835.3, 115.18], [835.42, 115.82], [836.0, 116.41], [836.34, 115.7], [837.21, 116.33], [837.16, 116.95], [836.53, 118.08], [836.51, 118.54], [836.57, 120.28], [836.75, 120.64], [837.25, 120.78], [837.38, 122.62], [836.94, 123.38], [836.62, 123.29], [836.29, 122.62], [836.92, 121.45], [836.36, 121.58], [836.09, 121.95], [836.14, 122.51], [835.49, 123.2], [834.95, 125.6], [835.03, 126.77], [835.51, 128.59], [834.79, 129.55], [834.28, 129.53], [834.02, 129.22], [833.5, 129.45], [832.45, 130.87], [832.1, 132.51], [832.39, 135.15], [831.7, 134.71], [830.78, 135.49], [830.47, 136.05], [830.08, 135.29], [829.97, 135.85], [830.26, 136.19], [830.07, 138.17], [829.43, 140.47], [827.72, 143.94], [827.24, 142.25], [826.98, 137.69], [826.64, 136.26], [825.96, 126.88], [826.07, 123.33], [826.37, 120.8], [827.39, 118.93], [827.74, 117.65], [827.5, 116.38], [827.73, 116.18], [828.45, 116.31], [828.77, 115.41], [829.7, 115.46], [829.98, 114.84], [831.15, 113.41], [832.1, 110.95], [835.0, 106.81], [835.47, 105.54], [836.84, 104.26], [837.42, 104.19], [837.96, 103.72], [837.73, 103.28], [838.42, 102.0], [838.37, 101.69], [838.11, 101.53], [838.44, 100.52], [838.72, 98.17], [839.32, 97.45], [840.25, 97.84], [840.25, 97.54], [840.91, 97.49], [839.62, 97.05], [839.04, 96.51], [837.39, 97.13], [836.91, 99.79], [836.9, 100.19], [837.28, 100.57], [837.02, 101.09], [836.88, 101.19], [836.67, 100.54], [835.96, 100.72], [833.89, 103.54], [833.49, 104.38], [833.06, 104.44], [832.6, 104.85], [832.91, 103.29], [832.61, 103.2], [832.01, 103.57], [832.25, 102.87], [832.15, 102.21], [832.71, 100.78], [832.8, 99.78], [831.65, 100.49], [831.1, 99.64], [829.42, 100.36], [828.51, 100.17], [827.92, 100.67], [827.29, 101.45], [827.21, 102.29], [826.33, 103.41], [825.83, 104.68], [824.69, 105.91], [823.69, 108.11], [823.48, 109.34], [823.67, 109.56], [824.12, 109.29], [824.7, 109.65], [824.99, 110.01], [824.99, 110.7], [824.32, 110.9], [823.96, 110.6], [823.31, 111.18], [822.8, 110.57], [822.3, 110.61], [822.19, 111.11], [821.91, 111.16], [821.57, 111.8], [820.78, 111.37], [820.46, 111.86], [819.36, 112.01], [818.98, 111.16], [820.65, 110.58], [819.93, 110.18], [819.26, 109.22], [818.78, 109.12], [818.46, 109.62], [817.93, 109.48], [818.21, 109.23], [816.67, 108.37], [816.34, 108.41], [815.79, 108.94], [816.01, 109.51], [815.58, 109.57], [815.38, 109.33], [815.32, 109.98], [815.65, 109.99], [815.58, 110.35], [815.31, 110.45], [814.97, 110.43], [814.6, 109.82], [814.02, 109.92], [813.47, 110.41], [812.0, 109.65], [811.62, 110.6], [811.28, 110.81], [810.8, 109.98], [810.5, 109.82], [807.95, 109.84], [807.44, 110.11], [806.91, 110.0], [806.0, 110.53], [805.25, 111.51], [804.73, 112.95], [803.5, 114.34], [802.88, 116.3], [802.07, 116.79], [801.79, 117.49], [800.04, 119.7], [798.53, 123.03], [794.99, 127.88], [795.0, 128.74], [795.93, 129.34], [797.27, 129.17], [797.36, 132.5], [797.97, 132.42], [798.11, 131.6], [797.9, 130.96], [798.23, 130.55], [798.67, 130.55], [798.22, 131.29], [798.66, 131.82], [798.97, 131.91], [798.51, 132.88], [797.9, 133.57], [799.12, 133.29], [799.52, 132.79], [799.7, 132.04], [800.15, 131.57], [800.05, 130.37], [800.99, 130.88], [801.59, 130.6], [802.07, 131.4], [802.27, 132.36], [802.71, 133.22], [803.68, 134.43], [803.78, 134.88], [803.63, 135.59], [803.16, 135.31], [803.84, 136.31], [803.95, 137.5], [803.82, 137.97], [804.25, 138.99], [803.85, 140.71], [805.21, 141.36], [804.75, 142.03], [804.85, 142.4], [805.7, 143.24], [805.09, 143.89], [805.28, 144.27], [809.05, 145.88], [809.54, 146.68], [811.61, 147.69], [811.71, 148.07], [808.8, 148.4], [808.05, 148.65], [810.94, 150.13], [812.25, 151.02], [817.31, 152.82], [818.25, 153.69], [820.49, 154.73], [820.87, 155.15], [817.29, 155.71], [817.71, 156.12], [819.94, 157.16], [820.84, 158.0], [826.06, 159.85], [827.55, 160.79], [829.94, 161.87], [830.48, 162.31], [829.66, 162.51], [833.52, 164.06], [834.35, 164.91], [836.22, 166.29], [840.04, 168.36], [849.26, 171.98], [855.98, 175.14], [857.22, 176.07], [857.69, 176.89], [858.03, 179.25], [859.76, 183.29], [859.48, 184.66], [856.15, 188.24], [855.72, 187.75], [855.5, 187.81], [855.13, 187.44], [854.42, 187.41], [854.19, 185.53], [853.66, 186.48], [853.52, 186.48], [853.69, 185.68], [853.32, 185.78], [852.68, 188.54], [851.79, 188.4], [852.18, 189.0], [852.17, 189.86], [852.01, 190.08], [851.6, 189.95], [851.19, 190.46], [850.03, 192.96], [850.37, 196.16], [849.71, 196.72], [849.26, 197.73], [848.39, 198.45], [847.97, 199.24], [847.58, 199.64], [846.98, 199.82], [846.32, 200.74], [846.34, 202.12], [846.09, 203.21], [846.74, 203.74], [847.54, 205.46], [849.3, 211.5], [849.56, 213.79], [849.52, 217.06], [849.8, 216.77], [849.26, 220.51], [848.9, 220.86], [848.15, 220.87], [848.11, 221.87], [847.52, 221.59], [847.39, 221.21], [846.87, 221.5], [846.76, 221.79], [846.98, 222.25], [846.82, 222.65], [846.38, 221.54], [846.37, 222.42], [846.56, 222.93], [846.31, 223.63], [845.82, 223.03], [845.5, 223.72], [845.23, 223.41], [844.81, 224.25], [844.73, 223.48], [844.34, 222.71], [844.4, 222.51], [844.81, 222.6], [844.71, 222.35], [844.92, 222.06], [844.6, 222.06], [844.3, 220.63], [844.61, 219.14], [844.82, 218.84], [844.61, 218.51], [845.02, 217.99], [845.09, 217.55], [844.76, 216.29], [844.64, 214.29], [844.11, 214.03], [844.07, 213.69], [844.59, 212.67], [845.27, 213.01], [844.78, 209.63], [844.9, 209.35], [844.45, 208.94], [844.06, 209.52], [843.94, 208.98], [843.47, 208.48], [842.91, 209.62], [842.8, 209.1], [842.25, 208.73], [842.67, 208.1], [841.69, 207.87], [841.95, 207.42], [842.2, 206.02], [842.61, 205.55], [843.01, 205.46], [842.38, 204.95], [842.79, 202.88], [842.66, 201.85], [841.63, 200.85], [841.44, 201.47], [841.26, 200.71], [840.75, 200.02], [840.51, 200.5], [839.93, 200.58], [839.72, 200.32], [839.63, 200.74], [838.4, 201.54], [837.56, 202.55], [836.94, 203.89], [836.39, 204.1], [836.32, 204.69], [835.46, 205.26], [835.37, 204.45], [836.39, 203.65], [836.3, 203.17], [836.63, 202.45], [835.66, 202.46], [835.62, 201.77], [836.04, 201.36], [836.0, 200.47], [836.48, 200.02], [837.31, 197.66], [837.11, 196.86], [836.44, 195.97], [836.38, 196.18], [835.4, 195.94], [834.19, 198.81], [832.67, 200.22], [831.7, 203.32], [831.08, 203.35], [830.51, 203.82], [830.08, 203.13], [829.65, 203.53], [829.21, 205.43], [829.39, 206.57], [830.03, 207.61], [830.95, 207.99], [831.39, 207.86], [831.65, 208.22], [831.94, 209.69], [831.77, 209.95], [831.68, 211.28], [832.26, 212.1], [833.08, 212.03], [833.3, 211.19], [834.07, 210.03], [833.97, 209.79], [834.83, 209.13], [836.4, 210.73], [836.98, 210.8], [837.16, 210.44], [837.67, 210.98], [838.29, 210.99], [838.11, 211.36], [838.13, 211.94], [837.86, 212.43], [838.01, 212.95], [837.68, 213.44], [837.32, 212.89], [836.9, 212.88], [835.45, 214.39], [835.01, 214.29], [835.22, 215.11], [834.9, 215.24], [834.84, 216.46], [834.39, 216.79], [834.24, 216.04], [833.98, 216.14], [833.82, 216.5], [834.19, 217.08], [833.76, 217.61], [832.55, 220.0], [832.09, 221.94], [832.14, 222.37], [832.4, 222.36], [833.81, 224.39], [834.93, 229.8], [834.88, 231.32], [835.69, 232.33], [835.83, 233.28], [836.47, 234.2], [836.68, 234.96], [836.71, 235.44], [836.38, 235.41], [835.8, 234.77], [835.16, 234.73], [834.99, 234.35], [835.21, 234.28], [834.77, 233.88], [834.37, 233.71], [834.07, 233.98], [834.72, 234.24], [834.85, 234.94], [835.31, 235.37], [836.34, 237.09], [836.71, 238.82], [835.93, 239.37], [835.23, 240.36], [834.94, 241.24], [834.25, 241.09], [833.85, 241.73], [834.38, 241.46], [834.62, 242.19], [835.09, 242.07], [835.69, 241.46], [836.42, 242.85], [837.14, 243.32], [836.27, 244.68], [836.77, 244.36], [836.84, 246.48], [836.47, 245.95], [836.16, 246.04], [836.02, 246.49], [836.44, 247.26], [836.2, 247.35], [836.42, 247.7], [836.1, 248.6], [836.32, 250.1], [836.15, 249.96], [835.74, 250.4], [835.6, 249.64], [835.19, 251.19], [834.82, 251.31], [834.97, 251.82], [834.56, 253.15], [834.61, 253.88], [834.04, 255.23], [833.68, 257.05], [833.48, 257.42], [833.33, 257.32], [833.24, 256.3], [833.04, 256.81], [832.83, 256.57], [832.88, 257.0], [832.65, 256.94], [833.16, 257.59], [833.33, 258.5], [832.63, 259.71], [832.07, 259.41], [832.35, 260.19], [832.9, 259.92], [832.77, 261.7], [832.91, 262.56], [832.57, 262.26], [832.16, 262.3], [832.33, 263.24], [831.8, 263.34], [831.68, 264.54], [831.22, 264.94], [831.37, 265.33], [831.28, 265.86], [830.67, 266.07], [830.31, 265.84], [830.18, 266.46], [829.9, 266.5], [829.97, 266.83], [830.23, 266.9], [830.3, 267.48], [829.55, 269.24], [829.27, 269.22], [829.09, 270.3], [828.96, 269.76], [828.6, 270.34], [828.31, 270.05], [828.23, 270.88], [827.85, 271.31], [827.97, 271.64], [827.71, 272.06], [827.64, 273.07], [827.25, 272.91], [827.1, 273.32], [826.58, 273.69], [826.2, 273.46], [825.97, 274.04], [825.43, 273.62], [824.84, 274.48], [824.65, 274.44], [824.47, 273.88], [824.3, 274.85], [823.92, 274.58], [823.79, 274.8], [823.92, 275.42], [823.8, 275.85], [823.16, 275.42], [823.36, 274.92], [823.03, 274.51], [822.66, 273.42], [822.65, 272.11], [822.35, 272.59], [822.35, 273.08], [822.16, 273.2], [822.56, 274.57], [822.56, 276.17], [821.86, 276.8], [821.74, 276.31], [821.53, 277.52], [821.27, 277.36], [820.9, 278.08], [820.72, 277.69], [820.42, 278.23], [819.79, 277.76], [819.68, 278.33], [819.5, 278.32], [819.21, 279.01], [818.72, 279.33], [818.19, 279.21], [818.16, 279.57], [817.78, 279.75], [817.44, 280.49], [817.13, 280.38], [816.72, 281.65], [816.76, 282.02], [817.09, 282.11], [816.99, 282.82], [817.34, 283.48], [817.06, 284.44], [816.34, 284.44], [816.24, 283.93], [816.54, 284.0], [816.2, 283.5], [815.86, 281.77], [816.06, 279.96], [816.31, 279.79], [816.32, 279.35], [815.8, 278.93], [815.31, 279.46], [814.86, 279.52], [814.89, 278.87], [814.32, 278.7], [813.82, 277.61], [813.85, 278.69], [813.76, 278.8], [813.54, 278.43], [813.41, 279.01], [812.67, 279.27], [812.0, 280.19], [811.91, 281.17], [811.58, 281.63], [811.42, 281.41], [811.1, 281.62], [810.75, 281.41], [810.86, 282.55], [810.51, 283.44], [810.46, 284.46], [809.88, 285.74], [809.58, 285.97], [808.94, 290.14], [809.42, 292.13], [810.43, 294.52], [810.37, 295.77], [812.72, 301.49], [813.05, 301.45], [814.0, 304.66], [814.44, 305.54], [815.25, 312.08], [815.21, 314.56], [815.53, 317.48], [815.33, 316.83], [815.14, 317.28], [815.28, 320.26], [814.83, 322.91], [814.52, 323.0], [813.55, 324.64], [813.25, 324.8], [813.11, 325.56], [812.84, 325.64], [811.82, 326.94], [811.31, 326.25], [811.25, 326.93], [810.88, 326.71], [810.91, 327.38], [810.4, 327.36], [810.96, 328.14], [810.52, 329.64], [810.61, 330.19], [810.28, 330.55], [809.76, 329.79], [809.93, 331.24], [808.74, 332.54], [808.03, 334.53], [807.42, 334.67], [807.64, 334.03], [807.5, 333.79], [807.56, 330.34], [807.67, 329.44], [808.0, 329.07], [807.89, 328.36], [807.52, 327.78], [807.29, 327.92], [806.65, 326.33], [805.99, 326.1], [805.63, 326.47], [805.5, 326.28], [805.41, 325.78], [805.71, 324.83], [805.37, 323.72], [805.08, 324.69], [804.75, 324.73], [804.67, 322.37], [803.76, 319.19], [803.66, 319.59], [803.17, 318.37], [803.12, 318.63], [802.79, 317.77], [802.26, 317.1], [801.8, 317.4], [800.85, 317.25], [800.95, 313.91], [800.33, 313.32], [799.7, 313.68], [799.33, 314.25], [799.45, 315.57], [799.25, 317.09], [799.32, 319.32], [798.68, 322.36], [798.44, 324.82], [797.85, 327.27], [798.01, 331.8], [798.26, 332.02], [798.86, 331.59], [799.05, 331.7], [799.28, 334.7], [799.51, 335.39], [799.57, 335.04], [799.76, 336.07], [800.23, 340.76], [801.03, 342.12], [801.52, 341.91], [801.86, 342.1], [802.37, 343.78], [802.89, 344.78], [803.31, 345.08], [803.65, 346.4], [804.42, 347.85], [804.78, 348.98], [805.23, 351.53], [805.07, 355.4], [805.21, 358.99], [805.85, 360.5], [806.71, 365.22], [806.5, 365.72], [806.38, 365.32], [805.64, 365.36], [805.27, 365.87], [805.06, 364.94], [803.98, 363.61], [801.51, 359.19], [801.52, 357.61], [800.47, 354.55], [800.61, 354.3], [800.29, 352.8], [799.83, 347.59], [799.85, 345.89], [799.48, 343.92], [798.75, 342.05], [798.79, 341.07], [798.49, 340.59], [798.58, 340.0], [798.15, 339.93], [798.0, 338.87], [797.86, 338.44], [797.67, 338.44], [797.63, 337.72], [797.18, 336.98], [796.81, 335.75], [796.55, 336.47], [796.34, 336.26], [796.21, 333.94], [796.88, 329.0], [796.67, 327.86], [796.63, 325.74], [797.0, 324.41], [797.1, 321.81], [797.34, 321.26], [797.21, 321.0], [796.92, 321.18], [797.03, 319.09], [796.87, 319.0], [797.0, 318.56], [796.81, 315.07], [796.2, 312.38], [796.08, 312.98], [796.01, 312.7], [795.99, 310.78], [795.64, 308.67], [795.75, 308.15], [795.57, 308.3], [795.47, 307.78], [795.33, 303.42], [795.11, 302.8], [795.39, 300.44], [794.8, 300.64], [794.51, 298.18], [794.04, 297.15], [793.8, 299.84], [793.56, 300.47], [793.05, 300.88], [792.11, 302.17], [791.97, 302.99], [791.47, 304.08], [791.31, 303.62], [790.62, 303.67], [790.56, 302.77], [790.09, 303.31], [790.15, 301.43], [789.67, 302.5], [789.27, 302.84], [789.99, 296.15], [789.77, 293.44], [789.32, 291.16], [789.45, 291.12], [788.92, 289.96], [788.91, 290.44], [788.52, 289.89], [788.17, 288.42], [788.32, 288.28], [788.73, 288.98], [789.04, 288.11], [788.39, 286.67], [788.55, 286.09], [788.33, 286.1], [788.03, 285.55], [787.75, 285.41], [787.59, 285.54], [787.55, 286.33], [787.33, 285.39], [787.48, 284.93], [787.16, 284.9], [787.13, 285.06], [787.02, 284.93], [786.16, 282.32], [785.74, 280.67], [785.32, 276.06], [784.72, 273.32], [784.29, 274.36], [783.84, 274.56], [783.3, 272.12], [782.92, 272.29], [783.16, 273.23], [783.0, 273.33], [782.96, 273.89], [783.27, 275.57], [782.63, 277.86], [782.35, 277.61], [782.38, 276.71], [782.15, 277.03], [782.11, 276.74], [781.54, 278.13], [781.44, 277.38], [781.18, 278.33], [780.97, 278.32], [780.58, 277.37], [780.44, 277.41], [780.66, 278.61], [780.21, 278.62], [780.14, 278.92], [780.05, 278.42], [779.63, 278.79], [779.34, 278.16], [779.3, 278.75], [779.07, 278.69], [779.06, 277.37], [778.29, 278.61], [777.29, 279.27], [776.9, 280.4], [777.12, 282.71], [776.78, 284.37], [776.38, 284.98], [776.2, 285.7], [775.95, 286.17], [774.86, 287.05], [774.72, 287.03], [774.68, 286.2], [774.27, 286.76], [774.18, 287.46], [774.5, 287.1], [774.64, 287.33], [773.46, 289.47], [772.36, 293.05], [771.61, 294.0], [770.78, 295.97], [769.29, 298.18], [769.25, 300.48], [768.33, 301.46], [767.42, 301.43], [766.89, 303.92], [766.63, 303.88], [766.54, 303.45], [766.31, 303.33], [765.7, 304.12], [765.32, 306.85], [765.57, 309.4], [765.46, 310.55], [765.92, 313.66], [765.6, 312.68], [765.41, 313.15], [765.95, 313.88], [766.01, 314.26], [765.74, 317.07], [765.01, 320.09], [764.84, 322.42], [764.65, 323.0], [764.85, 322.88], [764.95, 323.49], [764.94, 327.25], [764.37, 327.22], [763.98, 327.54], [763.34, 330.5], [763.48, 331.5], [763.91, 331.71], [764.14, 332.11], [763.41, 331.78], [762.4, 332.49], [761.98, 333.41], [761.74, 335.59], [760.88, 336.91], [760.0, 335.89], [759.02, 333.39], [758.44, 327.8], [757.78, 323.81], [757.16, 321.37], [756.47, 319.87], [755.96, 317.7], [755.73, 315.5], [755.76, 312.94], [755.28, 309.38], [754.17, 305.53], [754.45, 305.52], [754.11, 304.77], [754.25, 304.39], [753.92, 304.2], [753.54, 302.72], [753.18, 295.96], [752.75, 291.57], [753.01, 289.6], [752.85, 289.56], [752.66, 290.14], [752.64, 287.8], [752.44, 286.47], [752.82, 282.84], [752.71, 280.93], [752.5, 280.67], [752.39, 279.84], [752.58, 279.41], [752.37, 279.45], [753.21, 278.2], [752.22, 278.44], [752.49, 277.25], [752.17, 277.24], [752.23, 276.45], [752.69, 276.13], [751.57, 275.99], [751.79, 276.33], [751.31, 277.91], [751.62, 278.31], [751.71, 279.16], [751.29, 280.79], [749.52, 282.61], [748.93, 282.63], [748.51, 282.23], [748.17, 281.51], [746.25, 277.31], [745.88, 276.06], [746.08, 275.4], [746.47, 276.03], [748.14, 274.73], [748.62, 273.16], [748.06, 273.11], [747.28, 273.94], [746.48, 273.59], [745.47, 272.13], [745.08, 270.49], [745.44, 269.77], [744.75, 270.39], [744.67, 269.46], [744.54, 269.73], [744.41, 269.34], [744.24, 269.43], [744.08, 269.13], [743.99, 269.46], [743.7, 269.56], [743.69, 269.1], [743.53, 269.28], [743.18, 268.03], [742.96, 265.48], [742.18, 265.05], [742.14, 263.49], [741.84, 262.56], [739.25, 263.62], [738.69, 264.01], [738.46, 264.68], [737.28, 264.96], [737.03, 265.54], [736.08, 266.66], [735.92, 267.5], [735.15, 268.36], [731.37, 271.35], [730.79, 271.18], [729.45, 272.24], [727.75, 272.5], [727.25, 273.09], [723.71, 272.51], [722.97, 271.77], [722.47, 272.46], [718.93, 272.19], [718.18, 271.79], [716.26, 272.16], [715.12, 271.47], [712.47, 271.33], [711.25, 270.82], [710.59, 271.02], [710.3, 270.64], [708.48, 270.31], [707.48, 267.28], [707.14, 265.05], [706.57, 264.04], [705.75, 263.35], [704.04, 262.97], [702.93, 263.27], [702.12, 263.83], [700.81, 264.15], [699.82, 265.24], [699.24, 265.16], [697.43, 266.35], [696.27, 266.6], [694.44, 265.63], [692.02, 265.48], [690.86, 264.34], [687.34, 262.35], [686.38, 260.81], [684.36, 259.73], [682.3, 259.52], [680.87, 258.13], [680.02, 256.15], [679.87, 255.03], [679.0, 254.27], [679.06, 253.26], [678.15, 252.82], [678.04, 251.4], [675.78, 248.78], [675.32, 247.33], [672.98, 248.22], [670.48, 246.42], [671.34, 246.41], [671.6, 246.22], [671.5, 245.9], [670.48, 245.73], [670.64, 246.02], [669.97, 246.67], [670.09, 247.75], [669.69, 248.2], [667.95, 248.7], [666.53, 248.17], [665.81, 248.33], [666.56, 250.61], [665.78, 250.39], [664.68, 251.56], [666.16, 251.75], [666.75, 253.72], [669.63, 259.38], [669.57, 260.28], [671.59, 261.49], [671.3, 261.78], [672.34, 263.13], [672.93, 263.28], [673.73, 264.3], [674.96, 264.96], [675.72, 265.82], [675.07, 265.74], [675.16, 266.53], [675.89, 267.16], [676.03, 267.67], [675.75, 268.75], [675.18, 268.7], [675.4, 269.48], [676.12, 271.26], [677.12, 272.3], [677.6, 274.07], [678.72, 275.61], [678.91, 275.09], [678.48, 272.44], [679.61, 269.37], [680.79, 268.46], [682.04, 269.76], [682.15, 270.4], [681.72, 271.75], [682.26, 274.22], [681.46, 276.24], [680.76, 276.56], [681.42, 276.96], [680.94, 277.97], [681.95, 278.26], [682.27, 277.99], [682.54, 278.45], [683.01, 278.43], [683.39, 279.72], [684.67, 279.93], [687.07, 278.98], [692.43, 279.4], [693.99, 278.86], [695.12, 278.29], [696.75, 275.49], [698.38, 274.29], [700.26, 271.9], [702.14, 270.33], [703.19, 268.16], [703.84, 268.01], [704.34, 267.41], [704.14, 270.27], [703.78, 271.08], [704.09, 271.51], [704.16, 274.38], [705.37, 277.25], [706.58, 278.92], [707.94, 280.1], [712.97, 281.62], [714.05, 281.48], [714.86, 282.1], [717.69, 286.53], [719.48, 287.3], [719.57, 288.39], [719.14, 289.46], [717.5, 292.57], [715.29, 294.68], [713.56, 298.44], [712.43, 298.37], [712.59, 297.46], [712.25, 297.52], [710.85, 299.31], [710.14, 302.28], [710.61, 305.7], [707.73, 306.33], [706.18, 307.1], [705.4, 307.96], [704.88, 310.16], [704.11, 311.08], [699.99, 311.85], [698.96, 313.14], [698.99, 314.44], [697.87, 315.81], [696.47, 316.22], [695.58, 315.93], [693.37, 316.12], [691.25, 317.38], [689.8, 317.56], [686.51, 318.89], [684.87, 320.36], [684.43, 321.35], [684.27, 322.66], [681.99, 323.7], [679.99, 324.91], [676.54, 325.92], [674.76, 326.79], [673.64, 326.96], [671.16, 327.91], [669.6, 328.65], [667.38, 330.37], [665.84, 330.83], [664.72, 330.69], [661.79, 332.38], [658.77, 333.21], [655.84, 333.16], [652.47, 332.75], [650.59, 333.43], [649.13, 333.37], [647.93, 333.59], [645.92, 333.14], [645.08, 332.71], [640.47, 332.04], [639.22, 331.43], [638.53, 331.46], [638.17, 332.03], [637.69, 332.36], [637.86, 332.97], [637.59, 333.45], [635.86, 334.19], [635.42, 334.68], [635.05, 334.61], [635.13, 334.82], [636.27, 334.68], [637.1, 334.8], [638.15, 335.47], [639.79, 337.0], [641.34, 337.84], [643.73, 337.9], [647.03, 336.66], [649.69, 336.89], [653.27, 335.77], [655.3, 335.77], [658.63, 335.1], [661.72, 334.06], [662.79, 333.35], [663.45, 332.63], [663.98, 332.47], [665.31, 332.92], [664.5, 334.5], [664.33, 336.75], [663.91, 337.45], [664.41, 337.35], [664.46, 337.1], [664.98, 337.38], [665.0, 337.68], [664.46, 337.51], [663.56, 337.81], [663.14, 340.75], [661.8, 342.73], [660.73, 344.86], [659.89, 345.66], [659.23, 347.32], [657.8, 349.58], [657.17, 351.6], [653.59, 357.21], [649.95, 361.25], [647.2, 363.95], [643.44, 366.17], [639.44, 369.34], [633.66, 375.38], [632.84, 376.9], [631.7, 378.36], [630.78, 378.75], [630.41, 378.65], [630.26, 378.99], [630.06, 378.89], [630.17, 379.45], [629.8, 380.11], [629.24, 380.6], [628.44, 380.65], [628.03, 380.9], [627.7, 381.54], [627.75, 382.21], [627.48, 382.98], [626.64, 384.06], [626.5, 384.75], [625.41, 387.06], [625.03, 387.55], [624.53, 387.68], [623.17, 391.69], [623.12, 392.33], [623.35, 393.19], [624.18, 393.92], [624.72, 394.79], [625.34, 395.0], [625.58, 395.49], [624.73, 397.15], [624.73, 398.05], [624.87, 397.91], [625.2, 398.13], [625.24, 398.79], [624.78, 400.23], [625.03, 401.16], [625.4, 401.63], [625.27, 401.9], [625.9, 402.73], [625.85, 403.45], [626.37, 405.12], [626.18, 405.41], [626.64, 405.48], [627.03, 405.94], [627.36, 405.92], [628.36, 406.55], [629.08, 407.55], [628.68, 407.91], [629.04, 408.12], [628.4, 409.8], [628.83, 412.04], [628.68, 413.66], [628.99, 414.13], [628.9, 414.76], [628.52, 415.3], [628.95, 415.3], [629.06, 419.12], [629.46, 419.42], [629.24, 420.52], [629.5, 420.12], [629.81, 420.27], [629.87, 421.37], [629.15, 422.47], [629.26, 422.95], [628.95, 423.66], [627.46, 425.34], [627.05, 426.17], [626.41, 426.41], [626.59, 426.88], [624.58, 428.07], [624.06, 428.67], [622.68, 428.92], [620.94, 429.56], [618.84, 430.65], [616.93, 432.06], [616.8, 432.51], [615.61, 433.8], [615.15, 434.64], [614.9, 434.72], [614.68, 434.47], [614.59, 434.94], [614.22, 434.88], [613.32, 435.38], [611.7, 437.05], [610.31, 438.11], [610.0, 438.14], [609.32, 437.74], [609.68, 438.14], [609.51, 440.3], [610.43, 441.42], [610.91, 443.37], [611.37, 444.22], [611.53, 446.71], [611.75, 446.9], [611.99, 445.76], [612.27, 446.39], [612.11, 447.57], [612.38, 448.58], [611.71, 451.37], [612.28, 451.45], [611.93, 452.61], [611.0, 453.85], [610.46, 454.22], [605.0, 456.25], [603.15, 457.53], [602.48, 458.72], [603.33, 459.59], [603.68, 458.99], [603.46, 461.46], [602.28, 466.02], [601.76, 467.03], [601.18, 467.6], [600.6, 468.17], [599.77, 468.49], [598.29, 469.94], [595.44, 474.4], [593.77, 476.42], [592.15, 477.6], [590.07, 479.67], [586.77, 482.21], [584.16, 483.76], [582.62, 484.37], [582.01, 484.54], [579.94, 484.47], [579.43, 484.85], [579.38, 485.39], [577.27, 485.26], [576.69, 485.92], [575.92, 485.94], [572.93, 485.33], [571.51, 485.62], [569.13, 485.39], [568.11, 485.58], [566.6, 486.6], [563.94, 486.58], [562.41, 486.91], [560.73, 488.0], [559.45, 487.89], [558.63, 487.39], [558.32, 487.42], [558.43, 487.01], [557.66, 486.53], [556.78, 486.59], [556.7, 485.73], [556.51, 485.65], [555.69, 485.75], [555.56, 486.55], [555.2, 486.02], [555.2, 485.19], [555.57, 485.01], [555.46, 484.44], [554.88, 483.45], [553.99, 482.55], [553.51, 481.46], [553.89, 481.06], [554.13, 481.28], [554.42, 481.2], [555.08, 480.38], [555.03, 479.1], [554.7, 477.84], [552.93, 475.43], [551.84, 473.53], [550.53, 470.07], [549.82, 468.76], [548.96, 467.53], [546.43, 465.28], [545.18, 463.36], [544.47, 461.35], [544.49, 460.42], [543.92, 459.78], [543.52, 457.81], [543.49, 455.5], [542.38, 452.75], [542.29, 449.68], [542.05, 448.64], [542.17, 448.35], [542.36, 448.48], [542.44, 448.1], [542.25, 446.91], [538.88, 441.81], [537.95, 439.37], [535.6, 435.21], [534.21, 433.69], [533.32, 432.12], [533.14, 430.32], [533.46, 427.12], [533.23, 424.88], [533.73, 424.5], [534.11, 423.82], [535.9, 416.92], [537.04, 415.55], [537.33, 414.71], [538.77, 413.85], [539.66, 412.53], [539.99, 411.5], [540.2, 408.97], [539.78, 407.57], [539.17, 406.86], [538.48, 405.46], [537.38, 402.31], [537.54, 401.89], [537.69, 401.81], [537.56, 402.17], [538.57, 401.1], [538.64, 400.04], [536.93, 396.27], [536.8, 395.34], [535.8, 394.14], [535.01, 392.59], [536.69, 392.17], [537.61, 391.7], [536.92, 391.67], [535.57, 392.17], [534.86, 391.52], [534.58, 390.94], [534.65, 389.91], [533.46, 388.02], [533.32, 387.39], [530.85, 384.95], [530.57, 384.41], [529.55, 383.53], [528.57, 382.24], [526.5, 380.43], [527.42, 380.82], [527.62, 380.68], [526.18, 380.1], [525.87, 379.42], [525.09, 378.56], [525.7, 378.75], [525.7, 378.52], [524.98, 378.3], [524.21, 376.55], [525.16, 377.64], [525.83, 377.53], [525.76, 377.38], [525.08, 377.25], [525.24, 376.61], [524.77, 376.8], [524.31, 376.52], [523.11, 374.17], [523.5, 374.55], [523.91, 374.49], [524.55, 374.11], [525.08, 373.38], [525.23, 372.41], [525.11, 371.26], [525.28, 371.08], [525.65, 371.68], [526.74, 372.05], [526.79, 371.78], [527.42, 371.54], [526.67, 371.56], [525.91, 371.22], [525.18, 370.39], [525.2, 370.2], [525.75, 370.01], [526.15, 370.29], [526.09, 368.71], [525.39, 368.44], [525.74, 367.45], [526.2, 367.01], [526.77, 365.78], [526.82, 363.75], [527.24, 361.94], [527.0, 361.18], [526.32, 360.43], [526.63, 360.13], [526.23, 360.18], [525.94, 359.56], [526.18, 359.32], [526.55, 359.37], [526.22, 359.0], [526.38, 358.69], [525.7, 358.67], [525.76, 358.89], [525.51, 359.15], [524.09, 358.6], [523.82, 357.03], [523.3, 356.95], [522.96, 356.64], [523.06, 357.05], [522.67, 357.13], [522.53, 356.86], [522.66, 356.37], [522.2, 356.39], [521.6, 355.8], [521.85, 356.7], [521.74, 357.03], [519.59, 357.14], [519.21, 356.7], [518.97, 357.04], [518.39, 357.06], [517.69, 356.49], [517.99, 356.83], [517.96, 357.18], [517.19, 357.6], [516.67, 356.47], [516.76, 357.34], [516.98, 357.66], [516.23, 357.78], [516.05, 357.32], [515.97, 357.78], [515.01, 357.89], [515.03, 357.47], [514.81, 357.95], [514.38, 357.95], [512.75, 356.74], [512.44, 356.09], [512.07, 355.13], [512.38, 355.04], [512.02, 354.91], [512.02, 354.43], [512.46, 354.29], [512.62, 353.97], [512.08, 354.22], [511.46, 353.78], [512.31, 353.51], [511.96, 353.48], [511.88, 353.2], [511.37, 353.55], [511.17, 353.42], [511.1, 353.0], [510.33, 352.13], [508.9, 351.05], [505.64, 350.79], [506.52, 350.22], [505.57, 350.46], [505.26, 350.89], [501.77, 351.12], [498.53, 351.72], [497.84, 352.04], [497.33, 352.85], [495.03, 353.01], [493.01, 353.86], [491.52, 354.77], [489.18, 355.4], [487.52, 356.33], [486.2, 355.77], [483.38, 355.15], [484.13, 355.09], [483.64, 354.85], [483.69, 354.37], [483.53, 354.35], [483.04, 355.09], [480.48, 354.5], [478.85, 354.74], [480.75, 354.77], [477.88, 355.07], [477.47, 354.85], [476.61, 354.83], [476.33, 355.03], [477.35, 355.09], [474.51, 355.49], [469.1, 357.71], [466.73, 356.91], [463.82, 355.35], [460.02, 351.96], [458.33, 351.18], [458.12, 350.66], [456.65, 349.93], [455.19, 348.61], [452.69, 347.62], [452.86, 347.08], [452.6, 346.68], [452.7, 346.38], [451.98, 346.52], [451.47, 346.18], [451.12, 345.09], [450.48, 344.87], [450.07, 344.15], [450.11, 343.95], [450.69, 344.16], [451.32, 343.47], [450.37, 343.65], [450.28, 342.76], [450.77, 342.63], [450.07, 342.27], [450.07, 341.66], [449.52, 340.82], [449.08, 340.41], [448.67, 340.44], [448.67, 339.13], [448.24, 339.27], [447.79, 339.0], [447.49, 338.43], [447.08, 338.47], [446.23, 338.08], [445.62, 337.07], [445.67, 336.34], [445.39, 336.6], [445.06, 335.79], [444.69, 335.67], [444.28, 336.22], [444.01, 335.53], [444.14, 335.09], [443.58, 335.46], [443.6, 335.04], [443.01, 334.84], [443.16, 334.31], [442.73, 334.2], [442.89, 333.91], [444.08, 333.57], [443.55, 333.28], [442.95, 333.52], [442.66, 332.97], [442.94, 332.66], [443.62, 332.66], [444.06, 332.33], [442.87, 332.42], [441.6, 333.03], [441.19, 332.96], [441.26, 332.45], [440.54, 332.52], [439.91, 332.07], [440.18, 331.45], [439.55, 331.56], [438.63, 331.06], [438.39, 330.67], [438.74, 330.37], [439.52, 330.21], [439.01, 329.86], [438.66, 330.23], [438.44, 330.15], [438.26, 327.78], [438.5, 327.49], [438.77, 327.33], [439.15, 327.9], [439.62, 328.01], [440.38, 327.97], [440.47, 327.63], [442.89, 327.34], [440.54, 327.41], [439.53, 327.73], [439.23, 327.38], [439.04, 326.61], [438.45, 325.89], [438.94, 325.44], [438.36, 325.56], [437.76, 324.24], [437.12, 323.46], [436.53, 323.18], [436.3, 323.2], [436.21, 323.44], [435.91, 323.1], [437.19, 322.52], [439.1, 319.8], [439.45, 316.92], [440.74, 313.78], [440.9, 312.65], [440.72, 310.55], [440.29, 308.94], [439.29, 307.74], [439.76, 307.58], [439.98, 307.23], [439.52, 307.37], [440.05, 306.32], [440.3, 304.85], [439.57, 303.44], [439.23, 303.25], [439.13, 303.6], [438.93, 303.5], [438.08, 301.99], [437.91, 301.9], [437.68, 302.15], [437.52, 302.94], [437.35, 302.77], [437.9, 299.29], [438.36, 298.42], [439.28, 297.84], [439.8, 296.97], [439.98, 296.17], [440.43, 295.51], [440.3, 295.3], [441.7, 292.99], [441.66, 292.83], [441.06, 293.4], [441.33, 292.82], [444.64, 289.9], [445.01, 287.64], [445.91, 285.9], [446.08, 285.1], [447.08, 284.25], [449.05, 283.18], [450.38, 280.11], [451.13, 279.26], [454.33, 278.53], [455.77, 277.93], [457.34, 276.59], [459.31, 275.42], [462.04, 271.96], [462.09, 270.84], [461.36, 269.96], [461.58, 267.61], [462.02, 266.64], [463.1, 265.38], [463.44, 263.76], [465.88, 261.49], [471.24, 259.11], [473.05, 256.41], [474.47, 253.04], [476.22, 252.55], [476.62, 252.64], [476.42, 253.17], [476.7, 253.6], [478.08, 254.69], [478.77, 254.94], [479.76, 255.08], [481.87, 254.68], [482.86, 254.91], [483.49, 254.82], [484.26, 254.26], [484.71, 255.2], [487.8, 255.33], [489.72, 254.45], [491.12, 253.45], [492.75, 252.79], [494.0, 252.88], [495.2, 251.78], [498.32, 250.56], [502.76, 250.29], [504.02, 249.66], [505.84, 249.64], [506.7, 249.3], [509.96, 249.31], [511.75, 250.16], [514.32, 249.46], [515.73, 248.75], [516.02, 249.01], [517.19, 249.27], [518.21, 249.09], [518.1, 248.68], [518.86, 248.78], [520.45, 249.46], [523.47, 248.96], [524.53, 248.3], [526.35, 247.82], [526.85, 247.92], [526.67, 248.24], [526.82, 248.49], [527.04, 248.33], [526.97, 248.1], [528.03, 248.23], [528.0, 248.8], [528.48, 249.35], [528.35, 249.63], [528.74, 249.79], [529.27, 249.29], [530.53, 248.68], [530.87, 248.63], [531.11, 249.29], [530.02, 250.58], [529.0, 251.38], [529.06, 252.13], [529.34, 252.61], [530.71, 253.44], [530.84, 254.44], [531.09, 254.75], [529.68, 256.65], [527.6, 258.23], [527.55, 258.75], [527.91, 259.43], [528.4, 259.83], [528.89, 260.04], [529.75, 259.95], [529.79, 260.54], [530.37, 260.48], [530.57, 260.16], [530.99, 260.38], [531.21, 261.03], [531.56, 261.23], [531.38, 261.43], [533.4, 261.91], [534.96, 262.7], [536.53, 262.89], [538.28, 262.47], [541.17, 263.14], [542.35, 263.77], [544.53, 264.06], [545.14, 264.87], [545.17, 265.54], [545.63, 266.65], [546.33, 267.44], [547.72, 267.96], [549.9, 268.1], [553.36, 268.98], [554.55, 269.46], [556.17, 270.75], [557.06, 271.18], [558.24, 271.17], [559.22, 270.75], [560.63, 269.49], [561.09, 268.58], [561.06, 268.21], [560.46, 267.02], [560.34, 266.14], [560.98, 264.78], [563.34, 263.12], [564.06, 262.75], [565.26, 262.66], [565.95, 262.17], [567.75, 262.1], [570.72, 262.98], [570.79, 263.99], [571.38, 264.37], [573.03, 264.34], [574.11, 264.78], [576.54, 264.68], [577.05, 265.08], [577.8, 266.49], [578.3, 266.51], [579.94, 266.0], [583.64, 266.59], [584.43, 266.74], [585.43, 267.4], [586.39, 267.47], [586.85, 267.8], [588.62, 267.83], [590.47, 268.65], [591.61, 268.25], [593.15, 266.9], [594.05, 266.67], [594.54, 265.71], [596.19, 265.04], [595.09, 265.9], [596.45, 265.51], [596.65, 264.7], [597.94, 264.86], [598.93, 263.83], [599.68, 264.5], [598.95, 264.15], [598.67, 265.38], [599.36, 265.39], [599.66, 265.95], [600.12, 264.97], [600.01, 264.52], [601.06, 265.12], [602.16, 264.47], [602.64, 264.58], [602.93, 265.21], [604.72, 266.29], [605.6, 266.61], [606.08, 266.5], [606.55, 266.26], [607.05, 265.48], [607.52, 264.29], [607.76, 262.8], [607.97, 260.9], [608.07, 250.08], [608.38, 243.83], [609.98, 232.37], [610.05, 230.44], [611.34, 227.49], [610.91, 225.01], [611.1, 223.06], [610.88, 221.75], [610.24, 220.86], [610.51, 219.07], [611.01, 218.15], [610.35, 216.47], [612.02, 214.37], [611.97, 213.51], [611.38, 212.94], [609.65, 214.14], [609.1, 214.92], [608.44, 215.09], [605.25, 213.7], [603.46, 215.06], [601.93, 216.99], [600.75, 217.69], [596.69, 218.5], [594.78, 217.75], [593.07, 215.69], [589.45, 213.99], [586.69, 213.84], [586.02, 217.28], [585.05, 217.04], [582.78, 218.05], [580.76, 217.46], [579.67, 215.13], [579.35, 214.99], [578.7, 215.26], [576.3, 214.42], [575.54, 215.67], [575.1, 215.8], [575.33, 214.94], [572.71, 215.6], [572.32, 215.16], [574.9, 214.44], [575.85, 213.07], [571.23, 213.59], [571.34, 212.67], [572.43, 212.47], [572.31, 211.99], [570.84, 211.22], [570.43, 210.14], [570.04, 209.9], [570.73, 209.52], [570.68, 208.23], [569.04, 207.99], [568.03, 207.45], [567.55, 207.86], [567.11, 207.81], [566.74, 205.7], [567.26, 205.78], [567.44, 206.44], [567.9, 206.74], [568.11, 206.24], [568.79, 206.33], [570.02, 205.78], [568.92, 205.74], [567.99, 204.81], [568.96, 203.82], [567.9, 203.69], [567.88, 203.02], [566.73, 202.52], [567.57, 201.11], [565.43, 201.87], [564.85, 198.56], [565.89, 197.31], [568.14, 196.98], [569.06, 197.62], [569.9, 197.77], [570.21, 197.65], [569.63, 197.18], [570.05, 197.15], [570.47, 197.31], [570.62, 197.77], [574.37, 198.34], [572.95, 197.66], [573.36, 197.32], [575.25, 196.9], [576.97, 196.33], [576.94, 196.2], [574.88, 196.4], [573.49, 195.84], [572.51, 195.82], [572.44, 195.35], [572.93, 195.21], [573.2, 194.36], [572.92, 195.2], [572.31, 195.35], [571.77, 195.45], [570.18, 194.72], [569.42, 195.03], [567.94, 194.94], [567.55, 195.93], [567.31, 196.02], [565.04, 196.77], [565.72, 196.23], [562.34, 196.99], [561.78, 196.34], [561.03, 196.09], [557.76, 195.64], [556.48, 196.42], [555.17, 196.01], [553.6, 197.2], [552.33, 197.1], [552.25, 197.47], [552.79, 198.15], [552.61, 198.48], [552.75, 198.81], [554.13, 199.25], [554.66, 200.18], [552.93, 199.12], [552.19, 199.28], [553.16, 200.39], [553.29, 200.86], [553.08, 201.17], [551.94, 199.84], [550.98, 199.65], [550.82, 199.87], [551.01, 200.43], [551.99, 201.23], [551.8, 201.41], [550.86, 201.09], [550.52, 199.91], [548.86, 198.97], [548.69, 198.49], [548.97, 197.97], [547.81, 198.47], [547.66, 200.87], [549.21, 203.34], [550.24, 204.4], [550.63, 205.35], [549.93, 205.75], [549.96, 204.93], [548.99, 204.69], [548.66, 204.94], [548.85, 205.4], [549.17, 206.13], [549.57, 206.08], [548.51, 206.81], [547.59, 206.99], [550.32, 208.04], [550.8, 208.75], [551.62, 208.92], [552.1, 209.63], [553.27, 210.01], [553.52, 210.72], [553.76, 212.62], [553.6, 213.13], [551.38, 211.32], [549.47, 212.17], [549.93, 212.6], [550.14, 213.51], [550.97, 213.71], [551.36, 214.44], [549.98, 215.01], [549.39, 214.25], [548.42, 213.72], [548.22, 213.94], [549.56, 217.55], [549.48, 218.66], [549.98, 219.69], [549.25, 219.27], [548.17, 217.88], [547.75, 217.96], [547.28, 219.08], [547.29, 219.72], [546.84, 219.37], [546.84, 218.37], [545.67, 216.65], [545.17, 216.85], [544.93, 218.19], [543.67, 216.37], [544.06, 214.77], [543.63, 213.97], [542.68, 213.3], [542.52, 212.75], [541.88, 212.14], [542.6, 211.43], [542.97, 210.54], [543.99, 210.65], [544.65, 209.84], [549.0, 211.76], [548.89, 211.27], [549.81, 211.15], [550.06, 210.82], [549.92, 210.6], [548.64, 210.31], [547.01, 209.25], [546.61, 209.68], [545.21, 209.39], [543.24, 209.88], [542.68, 209.01], [542.58, 209.61], [542.1, 209.76], [541.37, 208.15], [540.56, 207.35], [540.53, 207.0], [540.56, 206.72], [541.01, 206.65], [541.84, 206.88], [541.88, 206.18], [540.57, 206.3], [538.72, 204.63], [538.27, 203.48], [537.51, 202.62], [536.9, 200.87], [535.12, 199.6], [534.82, 198.97], [535.36, 198.97], [534.88, 197.62], [535.36, 196.22], [535.28, 193.65], [535.81, 192.52], [535.82, 191.75], [534.3, 190.91], [533.16, 189.33], [532.13, 188.66], [532.18, 188.32], [531.68, 188.38], [528.94, 186.47], [525.88, 185.33], [526.57, 185.27], [528.32, 185.99], [525.32, 183.36], [523.33, 182.57], [521.73, 182.69], [521.56, 181.98], [519.83, 180.66], [518.6, 179.28], [518.35, 178.84], [519.71, 178.76], [517.79, 177.03], [517.46, 176.49], [517.3, 174.53], [516.11, 173.4], [515.18, 173.19], [513.82, 175.81], [513.41, 175.8], [512.5, 174.39], [512.06, 172.44], [513.1, 171.68], [512.5, 170.92], [511.86, 171.24], [510.84, 170.92], [510.16, 171.62], [507.81, 172.51], [508.04, 172.1], [507.2, 172.62], [507.01, 173.69], [508.17, 175.12], [507.63, 176.01], [507.21, 175.83], [507.09, 176.41], [507.68, 179.01], [508.83, 180.21], [512.25, 182.42], [514.0, 187.03], [516.08, 189.36], [518.53, 190.98], [522.44, 191.18], [522.38, 191.9], [521.45, 192.62], [521.4, 193.19], [526.12, 195.54], [527.58, 196.7], [529.47, 197.67], [531.44, 199.94], [531.54, 200.55], [531.0, 202.03], [529.95, 201.43], [529.11, 199.63], [527.27, 199.31], [526.42, 198.46], [525.43, 198.7], [524.42, 200.38], [523.84, 202.41], [524.14, 202.98], [525.03, 203.3], [526.18, 204.34], [526.42, 206.34], [526.12, 206.75], [525.54, 206.64], [524.23, 207.37], [524.0, 207.82], [523.96, 209.42], [522.93, 210.25], [522.05, 211.86], [520.74, 211.87], [520.43, 211.37], [520.41, 210.64], [521.11, 209.97], [521.43, 209.02], [521.33, 208.34], [521.7, 207.83], [522.58, 207.58], [522.63, 206.63], [522.23, 206.2], [521.9, 204.47], [520.59, 201.14], [520.17, 200.82], [519.03, 200.73], [517.68, 199.84], [517.67, 198.64], [516.96, 197.6], [515.29, 197.96], [515.76, 197.28], [515.17, 196.85], [514.14, 196.85], [512.92, 194.63], [511.02, 194.36], [510.4, 194.59], [509.46, 193.73], [508.6, 193.41], [506.44, 190.95], [505.39, 190.21], [504.72, 189.13], [503.39, 188.42], [502.78, 188.6], [502.63, 188.46], [502.95, 188.25], [502.88, 187.84], [501.07, 185.74], [500.31, 185.58], [500.34, 184.34], [499.55, 182.73], [499.03, 180.46], [495.51, 178.51], [493.46, 177.97], [492.62, 178.37], [490.49, 180.83], [487.58, 181.77], [485.44, 183.46], [484.87, 184.37], [483.09, 185.03], [481.89, 184.9], [480.31, 184.21], [479.97, 183.61], [479.01, 183.49], [478.95, 183.09], [477.59, 183.46], [475.68, 182.9], [475.01, 182.31], [471.9, 184.4], [471.06, 186.26], [471.25, 187.55], [472.09, 189.12], [471.54, 189.29], [471.48, 189.79], [471.82, 190.21], [471.86, 190.93], [470.91, 191.85], [468.19, 193.42], [467.3, 194.36], [463.19, 195.54], [461.94, 196.79], [462.63, 197.31], [461.48, 197.88], [457.86, 203.6], [458.34, 205.99], [459.93, 207.58], [457.1, 209.89], [455.95, 212.75], [456.32, 213.47], [453.95, 213.84], [452.72, 214.75], [450.88, 217.94], [450.58, 218.1], [449.55, 217.65], [448.24, 218.26], [446.82, 218.03], [445.72, 218.3], [444.16, 218.05], [442.06, 218.24], [440.85, 219.35], [438.9, 219.78], [438.17, 221.29], [437.84, 221.21], [437.77, 221.61], [437.14, 221.86], [435.52, 221.01], [434.79, 219.77], [434.62, 218.88], [434.16, 218.67], [434.05, 218.19], [434.82, 217.22], [434.41, 217.25], [434.11, 217.65], [433.74, 217.01], [432.2, 215.76], [432.28, 215.31], [431.85, 215.73], [429.82, 215.89], [428.49, 216.74], [425.51, 216.14], [423.96, 216.6], [424.67, 214.52], [424.75, 212.94], [424.41, 211.76], [424.71, 210.58], [424.39, 209.21], [425.23, 209.33], [424.72, 208.84], [423.09, 209.2], [422.95, 208.11], [423.84, 207.64], [424.13, 206.5], [424.0, 206.45], [423.4, 207.66], [422.53, 207.9], [422.07, 207.73], [422.05, 207.37], [422.46, 204.55], [423.35, 203.48], [424.56, 200.49], [424.43, 199.74], [425.17, 197.16], [425.27, 195.41], [424.7, 192.94], [424.89, 192.21], [424.38, 191.87], [424.81, 190.95], [424.41, 190.92], [424.38, 190.09], [425.14, 189.2], [424.66, 189.15], [424.99, 188.49], [424.67, 188.18], [424.67, 187.29], [423.8, 187.53], [424.22, 186.46], [423.77, 186.38], [423.01, 185.53], [423.23, 184.5], [424.43, 183.66], [425.24, 183.76], [426.45, 183.34], [426.86, 183.11], [426.83, 182.38], [429.02, 181.41], [431.51, 182.51], [436.26, 182.04], [441.43, 183.24], [445.03, 182.7], [447.22, 183.47], [447.89, 183.04], [450.0, 183.7], [451.35, 183.61], [452.76, 183.12], [453.34, 182.46], [454.28, 177.26], [454.94, 176.58], [454.64, 176.19], [454.28, 176.7], [454.93, 172.17], [456.28, 173.25], [456.06, 172.51], [454.48, 171.22], [454.42, 170.93], [455.12, 171.08], [454.67, 168.1], [452.17, 167.04], [450.97, 165.2], [451.25, 164.3], [450.55, 163.65], [450.74, 163.33], [451.57, 162.88], [449.36, 162.87], [449.25, 162.51], [449.65, 162.04], [448.31, 161.81], [448.46, 161.35], [448.24, 161.23], [447.55, 161.36], [446.79, 160.87], [443.89, 160.12], [442.29, 160.2], [441.84, 159.43], [440.86, 159.07], [442.22, 158.38], [441.25, 157.76], [442.56, 157.69], [441.97, 157.35], [440.69, 157.37], [440.52, 156.92], [440.68, 156.45], [441.43, 156.03], [444.61, 155.56], [446.5, 154.88], [447.4, 155.14], [448.61, 156.47], [449.57, 155.88], [451.01, 155.9], [451.3, 156.23], [451.69, 155.63], [452.0, 155.98], [453.76, 155.86], [453.02, 155.06], [452.95, 152.99], [452.05, 151.48], [451.88, 150.47], [454.22, 150.49], [454.32, 151.46], [454.69, 152.02], [458.5, 152.49], [460.78, 151.7], [459.65, 151.39], [459.88, 150.37], [464.65, 148.36], [465.38, 147.5], [465.22, 147.28], [465.33, 144.95], [466.06, 143.93], [468.71, 143.24], [472.55, 141.53], [474.09, 141.55], [474.11, 141.35], [473.18, 141.22], [472.64, 140.76], [473.8, 140.48], [475.35, 141.21], [475.87, 141.13], [474.82, 140.48], [475.51, 140.4], [474.59, 139.35], [474.9, 138.74], [476.69, 136.75], [477.81, 133.45], [478.28, 133.62], [478.96, 133.34], [480.12, 132.63], [480.8, 131.73], [482.87, 131.01], [485.82, 130.83], [486.42, 131.43], [487.32, 131.66], [486.75, 131.17], [486.96, 130.23], [487.35, 129.72], [489.01, 129.49], [490.5, 129.53], [491.11, 130.3], [490.89, 130.69], [491.25, 130.88], [491.77, 129.97], [492.44, 130.49], [492.53, 129.05], [492.88, 128.56], [495.12, 128.66], [495.15, 128.52], [494.29, 128.3], [494.0, 127.91], [494.01, 126.55], [492.99, 126.37], [493.0, 125.83], [494.19, 125.47], [494.21, 125.1], [493.13, 123.77], [492.71, 121.98], [493.09, 121.87], [492.88, 120.5], [490.99, 119.55], [491.26, 117.55], [490.95, 116.72], [491.11, 114.28], [493.09, 114.86], [493.35, 114.18], [493.94, 113.61], [494.64, 113.31], [495.15, 113.79], [495.38, 112.17], [494.81, 112.0], [494.35, 112.14], [493.49, 113.66], [492.3, 113.98], [491.52, 113.51], [491.58, 113.0], [492.89, 111.65], [496.08, 111.32], [498.14, 109.19], [500.68, 108.38], [500.03, 109.29], [500.39, 109.88], [500.34, 110.96], [499.45, 112.23], [499.4, 114.21], [500.21, 114.73], [501.6, 114.73], [501.91, 115.14], [501.64, 115.91], [501.24, 116.19], [500.4, 116.41], [499.96, 116.01], [499.54, 116.34], [499.01, 118.16], [497.91, 118.28], [498.38, 118.7], [496.69, 120.1], [497.0, 121.29], [496.15, 122.48], [497.07, 122.68], [497.29, 123.69], [498.37, 124.39], [498.4, 124.87], [497.77, 125.44], [498.85, 125.36], [499.12, 125.77], [499.7, 125.62], [501.15, 126.26], [502.26, 125.93], [502.46, 126.44], [502.24, 126.96], [501.46, 127.52], [501.63, 127.86], [503.76, 128.2], [505.32, 127.15], [506.55, 127.03], [508.37, 125.47], [510.14, 125.76], [510.61, 126.43], [511.78, 127.17], [512.87, 127.11], [513.36, 128.51], [513.19, 128.49], [513.75, 128.95], [516.23, 129.79], [516.13, 128.83], [513.65, 128.54], [513.27, 127.24], [515.45, 128.3], [522.5, 126.39], [523.96, 125.01], [526.7, 124.1], [529.92, 123.54], [530.86, 123.53], [532.56, 124.33], [532.72, 124.6], [531.3, 124.02], [532.22, 125.66], [532.87, 125.98], [535.1, 125.89], [536.87, 124.6], [537.32, 123.1], [538.97, 122.94], [540.08, 122.15], [541.4, 120.58], [541.8, 119.46], [541.47, 120.85], [539.75, 122.78], [540.9, 123.16], [542.08, 123.02], [542.28, 120.31], [541.6, 118.43], [541.49, 114.13], [541.65, 113.15], [542.74, 112.14], [543.16, 110.54], [544.21, 109.24], [547.44, 108.44], [547.81, 109.12], [549.72, 110.53], [550.3, 111.76], [551.71, 112.38], [552.82, 112.18], [554.59, 110.92], [554.28, 108.13], [555.16, 105.15], [554.41, 105.01], [553.54, 105.61], [552.18, 105.11], [551.17, 103.56], [551.85, 102.89], [551.15, 102.87], [550.87, 102.19], [551.2, 101.78], [551.01, 101.6], [551.12, 100.75], [553.42, 100.25], [553.31, 99.83], [554.58, 99.3], [558.74, 99.05], [559.04, 98.85], [559.0, 98.43], [563.36, 98.88], [564.73, 99.42], [568.32, 99.61], [568.99, 98.88], [568.79, 97.98], [568.97, 97.69], [570.05, 98.15], [570.77, 97.33], [572.45, 97.44], [573.23, 96.55], [577.05, 97.21], [577.25, 96.77], [575.48, 95.52], [572.93, 95.54], [571.27, 94.58], [570.67, 93.72], [571.19, 93.97], [571.3, 93.35], [570.76, 93.0], [566.65, 94.11], [565.64, 93.7], [563.01, 94.39], [563.14, 93.28], [562.4, 94.33], [560.75, 94.07], [561.06, 94.76], [559.98, 95.15], [559.58, 94.8], [555.44, 95.95], [554.84, 96.43], [551.0, 96.62], [549.27, 97.51], [549.05, 97.45], [549.96, 96.43], [549.17, 96.03], [548.85, 95.45], [548.22, 96.25], [547.1, 96.39], [547.02, 95.72], [547.6, 95.35], [547.29, 95.07], [547.58, 94.55], [544.72, 93.9], [544.52, 93.44], [543.78, 93.77], [543.09, 93.43], [542.79, 91.49], [543.38, 89.85], [543.35, 88.79], [543.58, 88.79], [543.32, 88.43], [543.74, 88.22], [542.88, 86.53], [542.38, 86.14], [542.71, 84.64], [542.02, 83.93], [541.78, 82.83], [541.93, 82.22], [543.15, 81.12], [543.21, 80.69], [543.9, 80.66], [543.49, 79.79], [544.86, 79.76], [546.52, 79.24], [546.22, 78.57], [546.62, 78.55], [546.51, 78.23], [546.82, 78.3], [547.33, 77.83], [547.35, 77.48], [548.23, 77.29], [551.51, 75.42], [551.73, 74.94], [554.18, 72.94], [555.27, 71.45], [556.77, 71.02], [558.13, 71.14], [557.89, 70.67], [558.46, 70.36], [558.0, 69.66], [558.36, 67.9], [555.72, 66.9], [555.36, 66.45], [555.54, 65.92], [554.67, 66.33], [551.87, 66.08], [549.57, 66.57], [548.18, 65.86], [547.37, 66.26], [546.83, 65.9], [546.38, 66.49], [546.25, 67.29], [545.59, 67.22], [545.83, 67.52], [544.94, 67.63], [545.06, 67.95], [544.78, 68.19], [543.56, 68.28], [543.39, 68.54], [543.73, 69.04], [542.95, 68.75], [543.59, 69.75], [541.89, 71.41], [543.38, 73.22], [543.17, 73.65], [541.42, 74.71], [540.42, 76.33], [537.1, 77.67], [536.35, 78.44], [535.48, 78.2], [535.45, 78.64], [534.9, 78.37], [533.64, 79.62], [532.79, 79.52], [532.96, 79.78], [531.97, 79.93], [531.67, 80.53], [530.82, 80.88], [531.56, 80.92], [531.41, 81.41], [530.26, 81.96], [529.13, 81.53], [529.5, 82.32], [529.22, 82.64], [529.74, 82.95], [528.21, 83.73], [527.29, 83.43], [527.16, 83.67], [527.36, 84.34], [528.16, 84.87], [527.68, 85.22], [527.15, 86.79], [527.5, 87.74], [526.45, 87.53], [526.53, 87.89], [526.19, 88.31], [526.48, 91.57], [526.77, 92.3], [526.66, 92.88], [528.0, 93.26], [528.27, 93.75], [529.42, 93.46], [530.23, 94.41], [531.77, 95.22], [531.69, 95.74], [532.66, 96.13], [533.46, 97.44], [533.38, 97.81], [531.85, 98.81], [529.46, 99.89], [530.12, 100.12], [531.59, 99.64], [532.01, 100.06], [531.22, 100.25], [530.72, 101.2], [525.6, 103.58], [523.87, 103.63], [523.86, 103.82], [524.86, 103.94], [525.38, 104.42], [524.32, 104.73], [524.78, 105.88], [524.51, 106.16], [524.49, 107.43], [524.11, 107.45], [523.94, 107.98], [524.32, 109.61], [523.63, 110.84], [523.83, 111.87], [521.74, 116.29], [521.08, 116.8], [520.3, 116.48], [516.74, 116.75], [516.9, 117.28], [516.13, 117.2], [514.78, 118.33], [514.74, 118.87], [515.28, 119.92], [514.62, 120.61], [513.19, 120.44], [511.29, 120.87], [509.58, 120.53], [509.93, 118.77], [507.96, 115.94], [509.25, 116.07], [508.68, 115.15], [509.47, 115.09], [509.71, 114.76], [509.57, 114.23], [508.92, 113.99], [507.77, 112.72], [506.71, 111.04], [506.33, 109.89], [505.97, 110.0], [505.64, 108.68], [505.08, 108.48], [504.95, 107.14], [504.35, 106.99], [503.96, 106.38], [503.89, 105.22], [503.17, 105.07], [503.02, 102.47], [502.78, 101.83], [503.07, 101.11], [501.56, 100.81], [500.81, 99.74], [500.7, 98.61], [499.85, 99.06], [499.98, 100.31], [498.99, 101.72], [497.67, 101.99], [497.24, 101.54], [496.95, 101.92], [495.59, 102.52], [495.93, 102.79], [491.12, 106.24], [488.38, 106.89], [486.58, 106.87], [486.08, 106.21], [485.51, 106.64], [484.83, 106.35], [485.36, 105.83], [485.23, 105.63], [484.18, 105.6], [482.88, 105.04], [481.05, 103.76], [480.8, 102.7], [481.14, 101.7], [483.05, 102.45], [483.96, 101.84], [483.05, 102.02], [482.22, 101.26], [482.53, 100.8], [482.46, 100.21], [483.86, 99.21], [480.94, 100.25], [480.16, 100.9], [479.42, 100.92], [479.26, 100.59], [479.69, 98.82], [480.58, 98.05], [481.76, 98.32], [483.41, 97.53], [482.0, 97.62], [481.59, 97.26], [484.22, 94.48], [483.25, 94.74], [482.16, 96.18], [479.31, 98.43], [479.15, 97.95], [479.6, 96.66], [479.55, 96.09], [481.35, 95.88], [479.86, 95.47], [479.28, 94.22], [480.58, 93.39], [480.51, 93.25], [479.69, 93.57], [478.94, 92.85], [478.78, 91.12], [480.38, 90.99], [478.83, 90.01], [478.76, 89.05], [480.06, 88.78], [478.74, 87.95], [478.4, 87.09], [478.69, 86.61], [480.05, 86.63], [479.12, 85.95], [479.3, 85.26], [480.13, 85.3], [480.81, 84.47], [482.28, 83.92], [483.46, 84.25], [484.31, 83.98], [484.27, 83.8], [483.17, 83.96], [483.1, 83.76], [484.02, 82.9], [486.4, 82.82], [488.58, 83.19], [488.66, 82.58], [489.32, 82.49], [489.3, 82.28], [485.51, 82.33], [486.32, 81.23], [488.8, 80.35], [490.86, 80.39], [492.09, 81.16], [492.2, 81.03], [491.09, 80.02], [491.53, 79.37], [492.95, 79.08], [492.79, 78.64], [491.98, 78.54], [491.88, 78.26], [492.72, 77.72], [493.76, 77.49], [494.91, 77.76], [494.68, 78.25], [494.99, 78.46], [495.65, 77.88], [497.1, 77.6], [498.37, 78.82], [499.62, 78.41], [501.27, 78.45], [500.93, 77.95], [501.13, 77.6], [503.65, 76.66], [502.89, 76.17], [503.99, 75.62], [503.4, 75.38], [501.87, 76.05], [502.39, 76.45], [501.95, 76.84], [498.51, 78.19], [497.99, 78.14], [497.38, 77.21], [496.6, 77.17], [498.33, 75.21], [500.52, 73.45], [504.18, 71.63], [504.14, 71.51], [503.37, 71.69], [503.58, 70.9], [504.13, 70.54], [506.75, 69.48], [507.33, 69.96], [508.11, 69.89], [509.42, 68.86], [507.76, 69.45], [506.65, 68.95], [506.61, 68.52], [507.2, 67.44], [508.82, 65.7], [510.16, 65.41], [509.19, 64.66], [512.68, 64.24], [513.89, 63.71], [510.5, 63.98], [510.3, 62.93], [510.45, 62.37], [510.79, 62.38], [510.86, 61.84], [512.47, 61.03], [513.79, 61.03], [512.59, 60.44], [513.49, 60.14], [514.38, 59.34], [519.68, 58.88], [519.68, 58.67], [515.68, 58.54], [517.73, 56.96], [519.48, 57.48], [520.19, 58.14], [520.12, 57.64], [520.57, 57.23], [519.78, 57.27], [518.85, 56.81], [518.74, 56.53], [519.57, 55.84], [517.03, 56.43], [517.11, 55.73], [518.42, 54.87], [519.98, 54.98], [519.04, 54.54], [521.81, 53.54], [522.25, 54.59], [523.0, 55.35], [522.79, 54.72], [523.32, 54.25], [522.8, 53.98], [522.58, 53.08], [523.3, 52.7], [525.51, 52.88], [527.85, 52.5], [527.36, 52.21], [524.07, 52.29], [523.8, 51.95], [524.34, 51.46], [526.21, 51.11], [527.23, 50.56], [528.47, 48.98], [530.03, 48.69], [529.95, 47.8], [530.65, 47.04], [532.14, 47.82], [533.44, 47.88], [532.06, 47.23], [532.02, 46.94], [533.48, 46.57], [533.67, 46.05], [534.29, 45.6], [536.21, 45.3], [536.03, 47.29], [537.28, 45.19], [538.69, 44.57], [538.93, 44.97], [538.75, 46.28], [537.43, 48.01], [539.33, 46.67], [540.32, 46.78], [539.51, 45.89], [539.56, 45.06], [539.85, 44.73], [541.98, 44.86], [542.34, 44.26], [543.04, 44.21], [545.15, 45.14], [544.47, 43.94], [542.73, 43.06], [544.39, 43.08], [546.11, 42.67], [546.51, 42.9], [546.91, 42.52], [547.94, 42.33], [548.95, 42.69], [549.36, 43.75], [550.56, 44.37], [550.74, 44.18], [550.29, 43.73], [550.66, 42.99], [551.78, 42.19], [553.26, 41.74], [554.75, 40.61], [554.15, 39.96], [556.09, 39.01], [558.04, 39.87], [558.71, 39.51], [560.06, 40.01], [558.07, 41.39], [557.57, 42.58], [556.97, 43.14], [556.93, 43.52], [557.17, 43.71], [558.64, 43.05], [558.84, 42.5], [562.88, 39.51], [563.49, 39.37], [563.78, 39.82], [563.09, 40.78], [563.43, 40.95], [563.19, 42.13], [564.78, 41.6], [565.54, 40.39], [566.03, 40.08], [566.96, 40.08], [565.75, 39.33], [567.15, 38.57], [569.27, 38.83], [570.25, 39.18], [570.22, 39.74], [568.32, 40.74], [569.78, 40.79], [569.51, 41.26], [569.48, 42.98], [571.11, 40.31], [571.97, 39.76], [573.02, 39.78], [575.46, 40.91], [576.73, 40.62], [577.41, 41.04], [577.33, 41.45], [578.82, 41.56], [580.26, 42.5], [580.2, 42.86], [577.56, 43.63], [571.3, 43.51], [571.28, 43.68], [574.97, 44.4], [575.11, 45.43], [575.34, 45.62], [576.9, 45.76], [577.48, 45.0], [577.91, 45.15], [578.23, 45.73], [578.44, 45.35], [579.34, 45.35], [582.61, 45.87], [583.55, 45.25], [584.37, 45.28], [584.31, 44.53], [588.32, 45.74], [588.27, 46.24], [587.96, 46.37], [585.07, 45.99], [584.74, 46.2], [585.66, 46.61], [585.85, 47.0], [588.29, 47.05], [588.21, 47.59], [590.07, 47.27], [589.49, 48.97], [590.0, 48.83], [590.96, 47.89], [596.13, 48.36], [597.2, 48.08], [599.38, 48.53], [606.79, 51.14], [609.52, 52.89], [611.11, 53.05], [614.01, 54.37], [614.99, 54.44], [614.69, 53.9], [614.93, 53.96], [617.18, 55.62], [619.48, 56.24], [620.13, 57.95], [620.13, 58.57], [621.0, 58.87], [620.68, 60.41], [620.35, 60.87], [617.74, 62.85], [616.09, 63.62], [610.42, 64.83], [607.49, 64.69], [603.89, 63.76], [598.13, 63.12], [595.45, 61.99], [594.11, 62.31], [593.77, 61.98], [593.99, 61.78], [588.9, 60.77], [587.7, 59.85], [588.03, 59.5], [584.49, 59.16], [586.34, 59.94], [586.2, 60.4], [587.77, 61.41], [589.02, 61.63], [589.16, 62.4], [590.87, 62.87], [589.72, 63.46], [592.65, 64.01], [594.93, 65.44], [595.3, 65.89], [595.26, 66.4], [594.63, 67.75], [593.81, 68.34], [595.37, 70.48], [595.48, 71.45], [595.95, 71.69], [595.58, 71.94], [595.63, 72.71], [596.27, 73.34], [597.82, 73.83], [598.66, 73.66], [600.62, 74.65], [601.48, 75.62], [605.69, 76.61], [607.75, 75.91], [608.15, 75.51], [608.12, 75.16], [607.69, 73.97], [606.86, 73.56], [604.67, 73.51], [602.31, 71.5], [602.14, 70.73], [603.12, 70.48], [603.49, 69.51], [604.5, 69.4], [606.03, 69.85], [607.91, 71.05], [609.48, 71.16], [614.01, 72.66], [614.75, 72.63], [615.1, 72.03], [615.92, 71.61], [617.44, 71.57], [616.8, 70.42], [614.9, 68.59], [614.71, 68.07], [614.97, 67.29], [616.98, 66.49], [618.41, 65.38], [621.46, 64.55], [624.36, 62.47], [625.88, 62.98], [628.34, 63.02], [630.0, 63.88], [629.56, 64.55], [630.75, 64.45], [631.76, 65.15], [631.92, 64.6], [631.73, 63.96], [633.25, 61.68], [633.02, 60.3], [632.48, 59.45], [630.8, 58.98], [630.51, 58.64], [632.23, 54.77], [632.15, 53.42], [632.01, 53.04], [628.74, 51.25], [631.55, 51.89], [635.6, 51.74], [638.75, 52.26], [641.88, 54.9], [641.9, 55.54], [637.34, 56.01], [634.88, 57.81], [635.03, 58.14], [637.47, 59.0], [638.71, 60.54], [641.11, 61.01], [645.64, 60.1], [646.09, 58.54], [646.65, 57.6], [646.52, 56.93], [650.26, 56.42], [650.43, 56.16], [649.73, 55.41], [649.95, 55.3], [651.52, 55.44], [657.58, 53.11], [662.66, 51.97], [663.82, 52.38], [663.4, 52.83], [664.26, 52.94], [665.59, 52.23], [664.92, 51.68], [664.08, 51.6], [669.89, 49.61], [672.63, 49.61], [669.85, 50.06], [670.54, 50.38], [669.63, 51.48], [670.26, 51.98], [670.3, 52.51], [667.92, 52.99], [667.6, 53.38], [670.41, 53.59], [672.41, 53.24], [673.29, 53.84], [673.83, 53.76], [674.1, 52.86], [676.16, 51.83], [678.64, 51.4], [682.9, 51.92], [687.06, 50.23], [687.29, 50.53], [687.83, 50.09], [690.7, 49.61], [690.8, 50.2], [691.58, 51.14], [690.59, 51.73], [690.41, 52.67], [692.51, 53.45], [693.36, 52.81], [693.27, 52.03], [693.47, 51.46], [695.5, 51.55], [696.85, 50.49], [696.72, 49.51], [696.17, 49.55], [695.12, 46.52], [697.4, 45.48], [700.98, 46.48], [703.07, 48.82], [703.39, 49.54], [703.07, 50.92], [699.55, 57.28], [699.28, 58.11], [698.97, 60.88], [698.41, 61.76], [698.85, 62.12]], [[424.78, 134.81], [423.97, 134.41], [423.2, 135.08], [421.74, 134.95], [420.36, 135.39], [422.11, 134.06], [422.39, 133.68], [422.12, 133.41], [422.76, 132.63], [424.2, 132.05], [421.92, 131.89], [421.48, 131.39], [420.51, 131.35], [420.82, 131.07], [419.67, 130.98], [419.82, 130.64], [419.57, 130.27], [421.11, 129.98], [420.38, 129.7], [420.41, 129.34], [421.66, 128.93], [421.66, 128.54], [420.36, 128.62], [420.58, 127.41], [420.28, 127.52], [420.12, 126.93], [419.67, 127.1], [419.81, 126.56], [421.73, 126.3], [422.69, 126.35], [423.35, 126.81], [423.92, 126.4], [425.7, 126.65], [425.4, 126.1], [426.93, 125.26], [427.31, 124.56], [426.05, 124.73], [424.85, 124.35], [426.35, 123.26], [426.29, 122.58], [426.75, 121.92], [428.8, 121.71], [428.75, 121.39], [429.13, 121.35], [429.56, 122.05], [429.16, 122.84], [429.83, 122.47], [429.89, 122.57], [429.72, 121.39], [430.57, 121.12], [430.31, 120.8], [431.9, 121.44], [431.07, 121.97], [430.89, 122.2], [431.05, 122.39], [431.63, 122.26], [431.95, 121.73], [435.16, 121.55], [436.77, 123.64], [436.8, 123.95], [436.14, 124.56], [437.3, 124.44], [437.74, 125.29], [437.68, 125.6], [436.95, 125.04], [437.01, 125.91], [437.39, 125.97], [437.2, 126.48], [436.34, 126.68], [435.59, 127.64], [434.81, 127.45], [435.05, 127.82], [434.31, 127.98], [435.11, 130.12], [435.07, 131.22], [435.56, 133.52], [435.0, 134.51], [434.81, 135.52], [433.85, 136.56], [434.39, 137.07], [432.18, 137.53], [431.89, 137.06], [431.74, 137.5], [429.69, 137.85], [429.31, 138.4], [427.62, 139.27], [426.24, 138.94], [426.53, 139.44], [426.25, 139.87], [422.79, 140.98], [420.68, 141.06], [422.03, 139.91], [419.58, 140.45], [421.47, 139.1], [419.71, 139.56], [418.72, 139.41], [418.58, 139.05], [420.38, 137.72], [418.53, 137.66], [418.66, 137.28], [419.52, 136.89], [420.91, 137.06], [420.4, 136.25], [421.46, 135.5], [424.78, 134.81]], [[334.96, 152.36], [337.03, 150.36], [337.81, 149.9], [335.44, 149.75], [336.36, 148.97], [336.18, 149.37], [336.71, 149.59], [337.6, 147.56], [338.77, 147.96], [338.46, 147.58], [338.8, 146.95], [338.2, 146.83], [338.14, 146.3], [338.7, 145.65], [339.33, 145.87], [338.95, 144.99], [340.35, 141.63], [340.64, 141.22], [341.06, 141.18], [340.73, 140.83], [341.42, 140.17], [341.47, 139.53], [342.06, 139.05], [342.47, 138.19], [342.93, 137.91], [344.33, 137.21], [345.28, 137.62], [345.34, 137.17], [345.95, 137.24], [345.58, 137.96], [344.31, 138.21], [344.4, 138.75], [344.85, 138.73], [345.01, 139.03], [344.76, 139.97], [344.1, 140.58], [344.02, 141.03], [343.11, 142.16], [343.03, 142.61], [342.33, 143.71], [342.0, 144.72], [342.07, 145.36], [343.89, 143.26], [344.05, 143.48], [343.94, 143.99], [344.6, 143.67], [345.06, 143.91], [345.8, 143.82], [344.0, 145.33], [344.77, 145.12], [344.7, 145.5], [344.15, 146.03], [344.92, 145.77], [345.31, 146.1], [346.58, 145.8], [346.66, 146.21], [346.37, 147.1], [347.15, 146.64], [347.27, 146.8], [348.64, 145.73], [348.79, 146.55], [349.16, 146.16], [350.18, 146.09], [351.14, 146.6], [351.27, 147.34], [350.33, 148.38], [349.6, 148.8], [350.47, 148.7], [350.15, 149.14], [350.88, 149.36], [350.49, 150.2], [352.82, 149.46], [352.79, 149.95], [352.51, 150.43], [351.16, 151.22], [351.27, 151.72], [350.52, 151.97], [351.07, 152.03], [350.43, 152.97], [350.71, 153.53], [350.97, 153.54], [351.45, 153.15], [352.08, 152.1], [353.11, 151.49], [353.27, 151.63], [352.45, 153.18], [352.4, 154.1], [352.54, 154.34], [353.04, 153.93], [353.5, 153.04], [353.7, 153.14], [353.86, 153.94], [353.13, 155.79], [353.2, 156.32], [352.69, 157.55], [352.41, 157.7], [351.97, 157.4], [351.21, 157.74], [351.19, 155.62], [350.02, 156.9], [349.55, 156.73], [350.47, 154.4], [350.08, 153.09], [349.51, 152.66], [348.67, 154.55], [348.46, 154.67], [348.67, 153.99], [348.21, 154.53], [347.62, 154.63], [346.32, 156.62], [344.97, 156.76], [344.52, 156.5], [344.61, 156.13], [345.82, 155.55], [346.68, 154.36], [347.84, 153.72], [346.18, 153.48], [345.99, 154.14], [345.58, 154.29], [344.78, 154.01], [344.03, 154.12], [344.76, 153.76], [344.79, 152.82], [344.05, 152.94], [343.65, 153.48], [342.2, 153.86], [337.8, 153.41], [337.79, 153.19], [336.09, 153.81], [335.19, 153.6], [334.96, 152.36]], [[491.9, 196.67], [492.71, 196.65], [493.69, 196.13], [495.18, 194.62], [493.82, 193.81], [493.51, 193.11], [493.78, 192.66], [492.99, 192.28], [493.1, 191.26], [492.55, 191.23], [492.91, 190.2], [492.39, 189.8], [492.29, 189.44], [492.8, 189.03], [492.28, 188.57], [493.44, 187.02], [494.95, 186.24], [495.76, 186.36], [495.84, 184.93], [496.24, 184.45], [496.46, 184.7], [496.42, 186.7], [496.76, 187.36], [496.9, 189.8], [496.17, 191.26], [496.05, 192.8], [495.24, 194.49], [496.8, 195.77], [496.55, 196.22], [497.06, 196.81], [497.54, 198.48], [496.9, 199.69], [497.15, 201.0], [496.62, 205.45], [494.63, 205.07], [494.28, 206.51], [493.62, 206.79], [492.81, 206.51], [492.12, 205.24], [492.04, 203.8], [492.24, 202.55], [492.59, 202.49], [492.62, 201.93], [492.07, 201.52], [492.32, 199.56], [491.22, 197.69], [491.35, 196.32], [491.9, 196.67]], [[515.95, 211.31], [517.06, 210.68], [518.35, 210.75], [520.11, 210.0], [520.37, 210.15], [518.81, 212.68], [518.28, 214.38], [518.35, 215.03], [518.8, 215.5], [518.58, 215.69], [519.06, 216.49], [518.63, 217.12], [518.36, 218.42], [516.17, 217.95], [514.53, 216.24], [513.6, 216.25], [510.72, 214.27], [508.64, 213.67], [507.84, 212.49], [508.28, 211.27], [509.0, 210.59], [509.67, 211.37], [510.67, 210.55], [511.19, 210.55], [513.14, 211.65], [515.95, 211.31]], [[601.06, 222.65], [604.26, 220.65], [606.39, 219.55], [604.7, 221.18], [603.06, 223.21], [602.92, 224.19], [603.88, 226.63], [601.84, 226.8], [600.25, 228.76], [598.27, 229.01], [598.05, 230.03], [597.26, 229.24], [595.13, 229.42], [593.89, 225.52], [594.43, 225.86], [595.74, 224.28], [597.0, 224.14], [597.19, 222.06], [601.06, 222.65]], [[297.94, 274.77], [298.05, 274.36], [296.87, 272.73], [297.11, 272.49], [297.4, 271.25], [296.46, 270.57], [295.45, 270.35], [295.35, 270.1], [295.78, 269.57], [297.16, 269.31], [300.04, 270.26], [300.98, 269.49], [301.88, 269.68], [302.72, 269.43], [303.52, 269.97], [304.09, 269.99], [304.69, 270.51], [305.41, 270.38], [305.79, 271.85], [306.98, 271.74], [307.2, 271.96], [307.08, 272.14], [306.12, 272.22], [306.02, 272.57], [308.6, 273.42], [309.52, 274.38], [309.59, 274.94], [308.53, 276.28], [307.79, 275.47], [306.8, 275.34], [305.39, 275.32], [304.67, 275.61], [304.16, 276.11], [303.26, 276.25], [302.82, 275.76], [301.73, 276.02], [301.43, 276.85], [300.11, 278.58], [299.71, 278.04], [299.67, 277.11], [298.75, 276.2], [296.43, 276.51], [294.59, 276.12], [293.89, 276.34], [293.43, 276.94], [292.94, 276.23], [291.91, 275.49], [292.15, 274.53], [292.62, 274.38], [296.75, 275.34], [297.26, 274.87], [297.94, 274.77]], [[367.23, 344.96], [366.25, 345.2], [365.07, 344.94], [363.07, 345.2], [362.64, 344.92], [361.93, 343.53], [362.13, 343.01], [361.76, 342.52], [362.44, 340.58], [363.27, 340.23], [364.24, 340.1], [367.04, 340.44], [368.9, 340.22], [372.39, 340.55], [372.69, 340.8], [372.15, 341.76], [371.83, 341.83], [371.91, 342.33], [370.6, 343.48], [370.76, 343.79], [370.2, 344.26], [369.48, 344.33], [369.1, 344.05], [368.82, 344.62], [367.59, 344.35], [367.23, 344.96]], [[468.74, 498.58], [470.14, 497.94], [472.31, 497.79], [473.67, 498.5], [473.8, 497.89], [473.66, 497.5], [470.88, 497.14], [470.2, 496.85], [470.15, 496.64], [470.5, 496.15], [472.45, 495.44], [474.34, 495.59], [472.45, 494.64], [470.34, 494.79], [468.72, 494.21], [468.32, 493.64], [468.75, 492.1], [468.68, 491.69], [467.78, 491.07], [467.63, 490.71], [467.84, 490.0], [468.34, 489.76], [472.21, 489.16], [473.04, 489.84], [473.11, 491.24], [473.56, 491.07], [474.1, 491.28], [474.88, 492.33], [475.75, 494.36], [477.43, 496.73], [477.45, 497.27], [477.76, 497.42], [477.91, 498.39], [478.01, 501.29], [477.21, 502.63], [475.59, 503.71], [475.43, 504.14], [471.88, 504.66], [470.86, 504.45], [467.02, 504.68], [466.58, 504.36], [465.63, 504.19], [465.1, 503.63], [466.03, 503.12], [471.0, 503.47], [472.18, 503.29], [472.78, 502.91], [471.9, 502.65], [469.56, 503.14], [468.9, 503.0], [468.27, 502.48], [470.57, 502.14], [471.14, 501.63], [468.48, 501.29], [467.1, 500.53], [465.52, 501.69], [463.26, 501.4], [463.12, 501.48], [463.9, 502.09], [462.68, 502.68], [461.52, 502.22], [460.57, 502.25], [458.98, 501.31], [459.11, 500.58], [459.73, 500.22], [461.62, 500.55], [461.53, 499.83], [462.04, 499.55], [464.05, 500.31], [464.32, 500.11], [463.75, 499.79], [463.72, 499.4], [466.34, 499.55], [467.43, 499.34], [465.58, 498.89], [465.17, 498.51], [466.1, 498.29], [468.74, 498.58]], [[873.4, 181.99], [873.97, 182.12], [874.93, 182.81], [875.38, 182.91], [875.56, 181.09], [876.83, 185.64], [877.0, 185.72], [877.41, 185.27], [877.74, 185.29], [877.15, 186.19], [876.89, 186.18], [876.26, 186.95], [875.74, 187.18], [874.9, 187.05], [874.6, 187.45], [874.3, 189.51], [874.51, 191.37], [872.46, 190.17], [870.76, 188.73], [869.75, 188.83], [868.91, 189.69], [868.13, 188.74], [867.67, 188.71], [867.61, 189.88], [868.06, 190.59], [868.47, 190.66], [869.37, 192.02], [869.04, 192.31], [868.34, 191.96], [867.83, 193.22], [867.36, 193.63], [866.99, 193.19], [867.2, 191.51], [867.09, 190.84], [866.5, 189.91], [866.19, 188.26], [866.88, 186.92], [866.82, 186.49], [866.03, 185.32], [866.26, 185.18], [867.5, 185.84], [868.46, 186.0], [868.9, 185.94], [869.09, 185.61], [869.11, 184.04], [869.53, 182.42], [868.98, 179.33], [868.2, 177.38], [868.07, 176.29], [868.37, 175.81], [869.81, 177.36], [873.4, 181.99]], [[854.69, 224.06], [854.5, 224.18], [854.26, 226.27], [853.54, 225.35], [852.68, 225.8], [852.39, 225.49], [852.14, 225.68], [852.08, 224.45], [852.27, 223.89], [852.86, 223.8], [853.23, 223.15], [854.25, 221.17], [854.71, 219.43], [855.0, 219.02], [855.54, 218.82], [855.82, 219.25], [856.89, 219.05], [859.16, 218.05], [859.34, 218.16], [859.3, 218.72], [859.5, 219.01], [860.18, 219.11], [860.58, 218.67], [860.91, 217.98], [860.74, 217.02], [860.84, 216.48], [861.78, 213.78], [861.65, 211.8], [861.9, 211.01], [862.82, 210.42], [862.85, 210.79], [862.04, 212.15], [862.36, 213.37], [862.83, 213.74], [863.0, 213.67], [863.24, 212.88], [864.65, 211.74], [865.23, 210.66], [865.63, 209.06], [866.38, 207.95], [866.48, 206.2], [867.56, 202.32], [867.29, 200.39], [866.67, 200.08], [867.04, 199.66], [867.29, 198.64], [867.17, 197.19], [867.42, 196.63], [867.94, 196.15], [867.91, 194.6], [868.46, 194.64], [868.83, 196.23], [869.16, 195.76], [869.56, 196.02], [869.78, 195.07], [869.58, 194.45], [868.82, 194.89], [868.81, 193.65], [868.94, 193.3], [869.68, 193.98], [870.09, 193.77], [870.35, 197.21], [871.03, 198.6], [871.45, 200.75], [871.42, 202.71], [871.35, 203.68], [870.79, 204.25], [870.48, 205.14], [870.28, 206.68], [869.6, 206.95], [869.36, 208.19], [869.65, 210.71], [869.57, 212.22], [869.19, 213.88], [869.14, 216.05], [870.01, 218.26], [869.34, 218.64], [869.02, 219.16], [868.98, 220.4], [868.23, 221.79], [867.95, 221.54], [867.71, 220.15], [868.18, 219.0], [867.98, 218.45], [867.69, 218.49], [867.39, 219.56], [867.62, 220.24], [867.57, 220.69], [867.14, 220.04], [866.77, 220.13], [866.66, 220.43], [866.82, 222.05], [866.68, 222.98], [866.34, 222.66], [866.16, 221.45], [866.31, 221.23], [865.88, 220.8], [865.63, 220.96], [865.28, 223.1], [863.92, 222.78], [862.97, 223.11], [863.39, 222.6], [863.35, 222.3], [862.58, 222.46], [862.51, 220.83], [862.17, 221.37], [861.97, 222.69], [862.63, 223.75], [862.57, 224.22], [861.65, 224.85], [861.16, 227.51], [860.81, 227.84], [860.31, 227.54], [859.52, 225.57], [859.43, 224.36], [859.8, 223.81], [859.98, 222.94], [859.29, 222.88], [858.72, 222.3], [857.87, 222.52], [857.4, 223.32], [856.47, 223.72], [855.96, 224.28], [855.74, 224.16], [855.1, 224.52], [854.69, 224.06]], [[836.54, 311.73], [836.06, 312.14], [835.79, 312.97], [835.36, 312.84], [834.92, 311.96], [834.73, 311.89], [834.56, 312.3], [834.52, 310.66], [835.05, 309.35], [835.08, 308.69], [834.46, 307.68], [834.46, 309.39], [834.19, 309.52], [833.85, 308.06], [833.54, 307.81], [833.18, 303.57], [832.95, 302.84], [833.07, 301.47], [833.68, 302.67], [834.0, 302.59], [834.1, 302.18], [833.96, 300.6], [834.17, 298.19], [834.04, 295.84], [834.48, 292.1], [834.85, 291.69], [835.34, 291.64], [836.21, 292.67], [836.85, 293.06], [837.33, 292.13], [837.51, 292.91], [837.28, 294.01], [837.25, 296.11], [837.69, 297.81], [837.89, 298.04], [837.18, 302.08], [836.56, 302.54], [836.22, 303.16], [836.24, 304.29], [835.88, 305.78], [836.39, 308.3], [836.3, 309.39], [836.57, 310.97], [837.06, 311.69], [837.29, 311.76], [837.33, 310.71], [837.75, 310.08], [837.98, 310.1], [838.5, 310.65], [838.84, 313.06], [839.14, 312.16], [839.17, 311.19], [839.37, 311.6], [840.04, 312.16], [840.02, 312.65], [839.58, 312.98], [840.03, 314.59], [839.97, 315.28], [840.57, 315.6], [840.45, 317.61], [840.14, 317.09], [840.25, 316.11], [839.7, 316.13], [839.15, 315.57], [838.91, 313.86], [838.4, 313.11], [837.78, 311.42], [837.8, 312.94], [838.06, 314.06], [837.94, 314.92], [837.05, 312.37], [836.54, 311.73]], [[764.82, 342.27], [764.61, 336.45], [765.4, 332.02], [765.39, 330.44], [766.15, 331.22], [766.26, 331.14], [765.73, 330.29], [765.3, 330.13], [765.18, 329.43], [765.73, 329.5], [766.61, 331.33], [767.29, 335.04], [767.55, 335.36], [767.66, 336.58], [768.67, 340.26], [768.47, 343.16], [768.23, 343.98], [767.62, 344.95], [766.67, 345.92], [766.28, 346.05], [765.82, 345.79], [765.43, 345.18], [764.82, 342.27]], [[838.64, 336.28], [838.72, 335.37], [839.22, 334.78], [839.39, 334.21], [839.81, 334.56], [840.11, 335.37], [840.16, 336.42], [839.9, 337.13], [840.71, 336.24], [841.06, 334.65], [841.43, 334.99], [841.61, 334.81], [841.86, 333.06], [842.33, 333.5], [842.46, 332.82], [842.95, 332.87], [842.89, 329.68], [843.59, 330.73], [843.97, 331.82], [844.15, 331.75], [844.37, 333.6], [844.05, 334.67], [844.44, 335.15], [844.59, 337.95], [844.89, 339.18], [844.86, 340.46], [844.6, 341.47], [844.16, 342.16], [844.21, 344.49], [843.53, 340.09], [843.29, 340.4], [842.77, 342.86], [843.15, 343.82], [843.32, 345.92], [842.75, 347.54], [842.56, 346.87], [842.54, 345.52], [842.19, 346.38], [842.0, 346.36], [840.77, 344.82], [840.54, 344.09], [840.36, 341.55], [840.74, 339.82], [840.33, 338.67], [839.81, 338.01], [839.51, 338.06], [839.33, 339.78], [838.96, 339.25], [838.82, 338.52], [838.64, 339.18], [838.39, 339.25], [838.3, 338.42], [838.0, 338.25], [837.18, 341.74], [836.98, 341.83], [836.75, 341.2], [837.16, 338.05], [837.6, 337.03], [838.64, 336.28]], [[815.1, 371.45], [814.56, 370.05], [814.45, 368.17], [814.5, 366.7], [814.79, 366.19], [814.58, 366.25], [814.67, 365.15], [815.19, 363.32], [815.64, 362.87], [816.09, 364.0], [816.54, 364.29], [816.95, 364.2], [817.52, 364.93], [818.08, 365.03], [818.52, 362.39], [818.4, 361.36], [818.45, 361.12], [818.82, 361.68], [818.92, 359.8], [819.3, 359.32], [821.48, 358.0], [823.01, 353.36], [823.15, 351.93], [823.9, 351.57], [824.89, 350.01], [824.95, 350.54], [825.64, 350.24], [825.89, 349.27], [825.59, 348.33], [825.9, 347.52], [826.15, 347.82], [826.39, 347.47], [827.87, 341.62], [828.02, 341.72], [827.98, 343.05], [828.16, 343.08], [828.54, 341.65], [828.73, 341.78], [828.86, 342.91], [829.5, 343.78], [829.5, 345.81], [829.24, 346.31], [829.8, 346.07], [830.12, 345.59], [830.38, 346.74], [830.7, 346.65], [831.11, 347.56], [832.28, 348.54], [832.28, 349.26], [832.08, 349.68], [831.28, 350.27], [830.57, 350.16], [830.46, 350.85], [831.14, 352.25], [831.12, 352.78], [830.17, 353.33], [829.61, 352.93], [829.25, 353.83], [829.76, 355.74], [829.5, 355.97], [829.28, 355.56], [829.18, 356.0], [828.48, 356.03], [829.0, 356.87], [829.01, 357.87], [829.47, 358.42], [829.39, 359.0], [829.62, 359.18], [829.51, 359.45], [829.77, 359.79], [830.25, 361.63], [829.76, 362.88], [831.74, 367.36], [831.59, 367.77], [830.99, 368.08], [830.42, 367.82], [829.95, 366.94], [830.03, 367.76], [829.66, 368.45], [829.29, 370.57], [829.18, 372.97], [829.36, 374.89], [828.81, 375.56], [828.27, 376.84], [827.98, 376.59], [828.0, 377.28], [827.18, 379.25], [827.44, 379.25], [827.45, 380.4], [827.25, 380.77], [827.63, 381.06], [827.68, 381.94], [827.64, 382.36], [827.39, 382.49], [827.3, 384.05], [826.99, 384.4], [827.17, 385.01], [826.64, 387.02], [824.52, 389.49], [824.21, 386.69], [823.41, 385.66], [823.2, 386.16], [822.77, 386.42], [822.61, 385.31], [822.15, 385.52], [821.62, 384.18], [821.51, 385.27], [821.14, 385.85], [820.87, 386.19], [820.33, 385.84], [819.6, 386.84], [819.54, 384.71], [819.32, 383.99], [819.2, 384.36], [818.75, 384.18], [818.0, 384.77], [817.78, 384.33], [817.62, 384.56], [817.41, 384.0], [816.88, 384.32], [816.57, 380.18], [816.33, 379.58], [816.38, 377.06], [816.03, 375.93], [815.12, 375.05], [815.31, 374.32], [814.94, 373.71], [815.1, 371.45]], [[798.82, 357.91], [800.17, 362.18], [800.8, 363.23], [800.69, 361.95], [800.88, 361.73], [801.07, 361.89], [801.83, 364.31], [802.35, 364.62], [802.75, 365.39], [803.38, 367.97], [803.69, 368.37], [804.18, 368.51], [804.5, 369.1], [804.32, 370.24], [805.02, 369.38], [805.26, 369.52], [805.59, 370.34], [805.79, 371.38], [805.16, 372.41], [805.12, 373.14], [805.29, 373.58], [805.17, 374.05], [805.66, 375.39], [806.49, 376.11], [806.77, 376.04], [807.03, 379.39], [807.58, 380.57], [807.26, 382.73], [807.8, 381.76], [808.53, 381.8], [808.86, 382.28], [809.65, 384.92], [809.31, 387.1], [809.46, 388.04], [809.3, 389.46], [809.38, 393.09], [809.16, 396.57], [808.93, 396.49], [808.45, 395.42], [807.99, 396.26], [807.24, 395.29], [807.32, 396.89], [807.18, 396.94], [805.82, 393.4], [803.63, 389.42], [802.87, 387.05], [802.07, 385.52], [800.77, 381.24], [800.71, 379.89], [799.76, 375.02], [799.01, 372.93], [798.68, 371.39], [797.74, 370.08], [796.87, 363.58], [795.98, 362.16], [795.27, 361.46], [795.1, 359.37], [794.77, 358.82], [794.08, 356.24], [793.78, 355.66], [793.13, 355.2], [791.65, 351.57], [790.94, 348.89], [790.89, 347.68], [791.17, 347.41], [791.58, 347.49], [792.52, 348.85], [793.18, 349.13], [793.79, 348.93], [794.39, 349.22], [794.91, 349.13], [795.67, 350.63], [796.27, 352.63], [796.36, 354.01], [796.96, 354.71], [797.16, 355.44], [798.82, 357.91]], [[831.96, 382.25], [832.36, 379.87], [832.34, 377.63], [832.68, 375.48], [833.16, 374.08], [833.03, 371.96], [833.27, 371.41], [833.17, 370.55], [833.91, 367.41], [834.17, 367.93], [834.49, 367.91], [834.9, 366.19], [835.25, 365.87], [835.81, 366.23], [836.15, 366.99], [837.61, 367.2], [838.31, 367.94], [838.69, 367.53], [840.07, 367.98], [840.79, 367.19], [842.05, 364.28], [842.37, 364.52], [842.49, 365.13], [841.25, 369.19], [840.86, 369.87], [839.56, 370.29], [839.1, 370.18], [838.77, 369.49], [836.64, 369.7], [836.07, 369.44], [835.23, 369.68], [834.27, 369.39], [833.72, 370.86], [833.52, 372.9], [833.67, 374.37], [833.97, 375.44], [834.41, 376.05], [834.67, 377.47], [835.3, 377.62], [835.49, 377.33], [836.21, 375.14], [836.69, 375.64], [837.43, 374.83], [838.48, 374.82], [838.37, 374.41], [838.96, 374.03], [839.32, 374.37], [839.43, 374.92], [839.34, 375.9], [839.08, 375.89], [838.76, 375.33], [838.51, 375.45], [837.41, 378.26], [836.71, 378.85], [836.35, 379.72], [835.85, 379.42], [835.83, 379.94], [836.56, 381.2], [837.12, 383.39], [837.48, 384.07], [837.66, 385.33], [837.4, 387.13], [837.97, 388.25], [838.17, 389.12], [838.44, 389.04], [838.55, 390.26], [838.42, 390.44], [838.24, 390.22], [838.25, 390.52], [837.81, 390.57], [837.19, 391.08], [837.05, 392.33], [836.27, 392.02], [836.09, 391.25], [836.31, 389.16], [835.78, 388.41], [835.06, 386.7], [835.34, 385.18], [835.34, 383.4], [835.04, 382.94], [834.65, 383.04], [833.97, 384.25], [834.27, 387.5], [834.25, 391.41], [834.01, 393.68], [834.29, 395.59], [834.08, 395.38], [833.47, 395.54], [833.07, 396.03], [832.63, 395.3], [832.44, 394.4], [832.86, 390.58], [832.65, 386.84], [832.42, 386.44], [831.78, 386.77], [831.66, 386.54], [831.43, 383.27], [831.96, 382.25]], [[810.42, 403.23], [810.49, 401.88], [809.31, 400.98], [808.63, 400.95], [808.98, 399.37], [809.21, 399.31], [809.36, 397.85], [809.64, 397.07], [810.99, 397.77], [811.32, 397.38], [811.39, 396.94], [811.88, 397.25], [812.44, 398.27], [813.21, 398.62], [813.47, 398.48], [814.14, 400.74], [815.18, 401.07], [815.53, 400.82], [816.08, 401.22], [817.13, 401.41], [817.57, 399.57], [817.79, 399.16], [818.02, 399.21], [818.39, 400.29], [819.02, 400.13], [819.98, 401.18], [820.75, 401.32], [820.95, 402.59], [821.21, 402.95], [821.21, 404.01], [821.59, 404.47], [822.43, 404.75], [823.39, 404.36], [823.95, 405.04], [823.99, 406.42], [824.88, 406.74], [825.29, 406.22], [825.9, 406.83], [826.19, 407.68], [825.6, 408.58], [825.32, 409.59], [825.29, 408.93], [824.74, 407.78], [824.26, 407.42], [824.12, 406.67], [823.98, 406.68], [823.95, 407.68], [824.35, 409.25], [823.79, 408.58], [823.22, 408.38], [822.03, 407.17], [821.04, 407.7], [819.04, 407.25], [817.49, 406.58], [816.49, 405.47], [815.19, 404.67], [814.27, 404.51], [813.76, 405.07], [812.85, 404.76], [811.82, 403.67], [810.42, 403.23]], [[641.91, 436.84], [641.21, 435.66], [641.2, 434.55], [640.57, 433.06], [640.24, 430.7], [640.36, 430.07], [641.82, 427.76], [641.88, 426.2], [643.42, 425.96], [644.46, 425.19], [644.86, 425.49], [645.71, 425.34], [646.05, 424.73], [647.57, 424.49], [648.37, 425.12], [648.51, 425.03], [648.18, 424.75], [648.15, 424.41], [648.63, 423.75], [650.2, 422.8], [650.47, 423.58], [650.71, 423.52], [650.69, 422.58], [651.55, 421.3], [651.92, 421.12], [652.03, 421.47], [651.81, 422.07], [651.97, 422.11], [652.95, 420.86], [653.58, 420.98], [653.07, 420.55], [652.94, 419.96], [653.68, 418.6], [653.37, 418.26], [653.35, 417.84], [653.83, 417.39], [654.55, 417.8], [655.04, 417.2], [656.34, 416.28], [656.74, 414.83], [656.3, 413.61], [656.78, 413.5], [657.67, 412.27], [658.01, 412.41], [660.1, 415.58], [660.89, 418.85], [661.1, 421.17], [661.78, 422.56], [661.91, 423.35], [661.01, 425.27], [660.64, 425.06], [659.97, 423.6], [659.47, 423.57], [659.21, 423.81], [659.37, 425.66], [659.77, 426.27], [659.79, 427.04], [659.44, 427.77], [659.55, 428.14], [658.97, 428.52], [658.48, 429.53], [658.56, 431.71], [658.18, 433.16], [656.73, 437.16], [654.85, 443.24], [653.35, 446.92], [652.2, 451.62], [650.96, 454.68], [650.49, 455.33], [649.48, 455.91], [647.59, 456.18], [645.46, 457.34], [644.45, 457.37], [643.13, 456.55], [641.59, 456.2], [640.57, 455.44], [640.15, 454.26], [639.41, 453.32], [639.25, 451.23], [639.5, 450.51], [638.99, 449.01], [638.29, 448.05], [637.95, 446.33], [638.06, 445.18], [638.76, 443.26], [639.75, 442.67], [640.12, 441.62], [641.21, 440.0], [641.76, 438.48], [641.91, 436.84]]]}}, {"type": "Feature", "properties": {"id": "lake-1", "type": "INLAND_WATER", "name_ru": "Чёрное море", "area_cm2": 13.5}, "geometry": {"type": "MultiPolygon", "coordinates": [[[[572.4, 193.36], [574.28, 193.29], [574.27, 194.4], [576.05, 194.21], [577.92, 193.91], [580.71, 192.96], [583.84, 192.84], [586.84, 192.04], [588.12, 190.63], [592.49, 188.07], [597.54, 186.43], [604.27, 186.54], [605.31, 186.1], [606.1, 186.25], [606.13, 186.84], [607.18, 187.58], [608.56, 188.0], [610.33, 187.54], [611.0, 187.68], [611.71, 188.94], [612.82, 189.71], [614.65, 189.25], [616.06, 190.15], [622.35, 191.39], [627.66, 190.26], [629.52, 190.87], [631.76, 190.9], [637.89, 188.14], [639.71, 186.46], [640.95, 184.76], [641.94, 182.55], [640.83, 182.69], [642.17, 181.91], [642.67, 179.41], [642.57, 178.16], [641.49, 177.85], [640.18, 177.06], [638.71, 175.18], [637.09, 174.65], [630.99, 174.2], [626.0, 174.34], [624.07, 173.21], [621.52, 173.48], [619.02, 172.83], [621.73, 172.01], [623.88, 171.54], [625.15, 171.21], [627.25, 170.57], [621.73, 171.99], [619.0, 172.82], [617.97, 172.59], [609.77, 172.76], [613.49, 171.67], [610.51, 171.58], [612.35, 171.08], [618.03, 171.12], [623.04, 170.03], [622.81, 169.53], [622.28, 169.53], [621.95, 169.26], [621.94, 168.74], [621.47, 168.29], [619.75, 167.39], [620.17, 167.53], [620.23, 167.39], [619.92, 167.21], [621.04, 167.06], [617.02, 166.08], [616.24, 166.06], [613.69, 165.2], [614.76, 165.23], [615.31, 164.86], [616.77, 164.93], [615.52, 164.37], [617.53, 163.35], [616.15, 162.38], [615.53, 162.36], [615.61, 162.78], [614.64, 162.94], [614.06, 162.94], [614.52, 162.42], [613.77, 162.55], [612.62, 163.32], [609.82, 163.42], [609.53, 164.16], [607.87, 164.46], [606.76, 165.33], [605.05, 165.21], [603.6, 165.81], [601.16, 166.1], [599.05, 167.44], [598.11, 168.58], [597.21, 168.94], [598.47, 168.0], [598.17, 167.18], [597.41, 168.1], [596.45, 168.53], [596.53, 169.57], [597.45, 171.0], [600.13, 172.8], [602.48, 172.21], [603.78, 172.26], [604.83, 171.77], [608.7, 171.68], [607.32, 173.46], [603.1, 174.15], [601.7, 173.77], [600.38, 173.89], [598.25, 175.53], [596.46, 175.56], [595.41, 176.01], [594.69, 176.93], [593.12, 177.72], [591.94, 177.53], [591.02, 176.94], [591.57, 175.15], [591.29, 174.18], [590.6, 173.73], [589.79, 173.68], [588.7, 172.9], [587.51, 172.99], [587.06, 172.61], [589.39, 170.88], [591.43, 169.86], [591.11, 169.09], [590.44, 169.3], [589.52, 168.69], [586.64, 169.17], [584.83, 168.26], [584.02, 168.16], [583.81, 167.94], [584.65, 167.73], [584.71, 167.39], [582.92, 166.74], [586.13, 167.14], [587.0, 166.41], [586.1, 166.68], [584.85, 166.28], [584.26, 165.22], [584.16, 166.25], [582.82, 166.17], [582.93, 165.59], [582.31, 166.36], [579.9, 166.77], [579.35, 168.25], [577.66, 170.33], [575.34, 171.08], [575.25, 171.71], [575.82, 173.01], [575.2, 175.58], [573.08, 176.08], [573.26, 174.95], [572.6, 175.01], [572.58, 175.82], [572.12, 177.08], [572.45, 177.03], [571.52, 178.46], [571.64, 180.03], [571.35, 182.44], [570.98, 183.01], [569.6, 183.04], [568.78, 184.13], [568.71, 186.31], [568.16, 186.56], [567.13, 187.79], [568.09, 188.31], [569.36, 189.69], [569.42, 190.65], [570.25, 192.22], [572.38, 193.87], [572.4, 193.36]]], [[[630.51, 169.74], [633.02, 169.49], [635.49, 169.17], [636.32, 169.11], [636.72, 169.21], [639.54, 168.93], [636.76, 169.2], [636.38, 169.09], [635.54, 169.15], [630.56, 169.72], [627.25, 170.57], [630.51, 169.74]]], [[[639.9, 169.1], [642.92, 168.92], [639.9, 169.09], [639.56, 168.92], [639.54, 168.93], [639.9, 169.1]]]]}}, {"type": "Feature", "properties": {"id": "lake-2", "type": "INLAND_WATER", "name_ru": "Каспийское море", "area_cm2": 7.1}, "geometry": {"type": "Polygon", "coordinates": [[[653.62, 167.45], [653.97, 167.19], [654.66, 167.85], [654.18, 167.61], [654.31, 168.03], [652.96, 168.28], [653.12, 168.65], [652.91, 168.6], [653.04, 169.28], [653.66, 169.98], [654.24, 171.43], [653.84, 171.22], [653.6, 172.1], [653.78, 172.72], [654.16, 173.03], [655.38, 173.24], [656.86, 174.26], [658.25, 177.23], [658.3, 175.55], [658.55, 175.23], [658.45, 180.43], [660.04, 181.56], [660.14, 182.31], [662.28, 183.92], [664.26, 185.95], [666.76, 187.53], [667.66, 188.36], [668.51, 189.18], [669.24, 190.61], [670.38, 191.74], [671.83, 192.79], [673.38, 193.08], [674.52, 194.26], [672.74, 194.18], [671.48, 194.93], [670.77, 198.06], [670.97, 199.41], [670.57, 199.77], [670.2, 201.12], [670.01, 201.27], [669.92, 200.85], [669.44, 200.6], [668.85, 202.15], [669.32, 205.77], [669.89, 207.69], [670.65, 208.61], [671.57, 209.02], [674.85, 209.57], [675.94, 210.92], [678.78, 212.68], [682.49, 213.68], [684.48, 213.63], [691.44, 211.92], [692.09, 211.91], [691.08, 212.33], [692.37, 212.5], [692.51, 211.73], [690.82, 206.48], [690.53, 203.66], [689.54, 200.7], [688.61, 199.81], [688.25, 199.16], [686.46, 198.4], [685.89, 198.87], [685.42, 197.88], [685.39, 196.78], [686.17, 197.21], [686.97, 197.12], [686.11, 196.38], [685.28, 194.86], [683.26, 194.44], [684.22, 195.8], [682.55, 194.11], [679.09, 190.1], [678.01, 188.59], [677.34, 187.27], [678.45, 188.47], [679.32, 188.4], [681.13, 189.71], [680.57, 188.71], [681.03, 188.8], [679.68, 187.8], [680.14, 187.47], [678.77, 186.18], [676.72, 184.73], [676.89, 185.23], [677.04, 186.5], [676.61, 184.65], [671.18, 178.25], [670.85, 177.99], [669.56, 177.89], [668.28, 176.55], [667.48, 176.55], [667.14, 175.17], [665.15, 172.35], [663.8, 172.13], [663.02, 171.39], [664.51, 170.82], [665.63, 170.99], [666.52, 170.7], [664.88, 170.02], [664.56, 169.69], [665.52, 167.67], [667.87, 167.06], [669.54, 167.18], [668.55, 166.3], [668.96, 164.12], [668.65, 163.23], [668.65, 162.35], [667.96, 161.65], [666.72, 161.57], [665.84, 162.3], [664.55, 162.09], [664.04, 161.77], [662.47, 161.56], [659.79, 163.1], [658.87, 163.35], [656.61, 165.11], [654.77, 165.54], [654.99, 166.01], [654.54, 166.1], [654.84, 166.5], [652.12, 168.32], [653.62, 167.45]]]}}, {"type": "Feature", "properties": {"id": "lake-3", "type": "INLAND_WATER", "name_ru": "Красное море", "area_cm2": 5.1}, "geometry": {"type": "Polygon", "coordinates": [[[603.24, 272.38], [602.79, 272.18], [602.0, 272.23], [601.59, 271.65], [600.99, 273.11], [601.68, 273.17], [601.95, 274.2], [603.29, 274.93], [603.72, 275.15], [604.73, 275.07], [604.9, 276.62], [606.01, 278.05], [606.59, 280.42], [609.21, 284.0], [611.05, 288.44], [612.04, 289.61], [613.08, 289.77], [612.28, 290.49], [612.16, 291.12], [612.24, 292.41], [612.85, 294.29], [613.58, 294.9], [614.64, 294.97], [615.28, 295.83], [616.89, 296.9], [617.11, 298.71], [618.33, 300.22], [618.33, 300.5], [617.93, 300.44], [617.9, 300.93], [618.23, 302.34], [618.15, 305.1], [618.23, 306.13], [618.97, 308.79], [620.37, 309.58], [620.13, 308.69], [625.4, 307.92], [632.43, 307.34], [633.59, 307.36], [633.6, 306.91], [633.6, 305.82], [632.55, 302.21], [629.79, 299.57], [628.24, 299.0], [626.3, 296.18], [625.56, 294.6], [625.78, 293.45], [625.1, 291.67], [625.53, 288.95], [625.39, 287.96], [622.76, 282.47], [620.36, 280.39], [618.82, 280.32], [617.39, 277.9], [617.66, 276.81], [617.18, 275.21], [616.28, 273.77], [615.65, 273.45], [615.16, 271.73], [614.49, 271.53], [613.13, 268.86], [612.4, 268.01], [609.11, 265.4], [607.52, 266.83], [607.24, 267.59], [608.0, 264.7], [608.41, 262.17], [607.71, 263.53], [607.36, 265.93], [606.77, 267.71], [606.39, 271.83], [605.18, 273.23], [604.73, 273.47], [603.74, 273.62], [603.24, 272.38]]]}}]}